PDB LENGTH = 366
Centre coords: -30.138000 0.006000 -0.005000 (B: 3.000000)
Centre coords: -29.138000 0.006000 -0.005000 (B: 3.000000)
Centre coords: -28.138000 0.006000 -0.005000 (B: 3.000000)
Centre coords: -27.138000 -2.557000 -2.309000 (B: 1.000000)
Centre coords: -26.138000 -1.152000 -1.367000 (B: 1.000000)
Centre coords: -25.138000 -2.743000 -1.510000 (B: 1.000000)
Centre coords: -24.138000 -2.782000 -1.354000 (B: 1.000000)
Centre coords: -23.138000 -2.782000 -1.363000 (B: 1.000000)
Centre coords: -22.138000 -1.431000 -1.908000 (B: 1.000000)
Centre coords: -21.138000 -2.315000 -2.290000 (B: 1.000000)
Centre coords: -20.138000 -1.528000 -2.196000 (B: 1.000000)
Centre coords: -19.138000 -1.477000 -2.142000 (B: 1.000000)
Centre coords: -18.138000 -1.526000 -2.189000 (B: 1.000000)
Centre coords: -17.138000 -1.374000 -1.733000 (B: 1.000000)
Centre coords: -16.138000 -2.025000 -2.387000 (B: 1.000000)
Centre coords: -15.138000 -2.300000 -1.300000 (B: 1.000000)
Centre coords: -14.138000 0.175000 -1.278000 (B: 1.000000)
Centre coords: -13.138000 0.226000 -1.322000 (B: 1.000000)
Centre coords: -12.138000 0.177000 -1.269000 (B: 1.000000)
Centre coords: -11.138000 0.128000 -0.417000 (B: 1.000000)
Centre coords: -10.138000 0.379000 0.037000 (B: 1.000000)
Centre coords: -9.138000 -0.069000 -0.207000 (B: 1.000000)
Centre coords: -8.138000 -0.118000 0.448000 (B: 1.000000)
Centre coords: -7.138000 -1.467000 -0.300000 (B: 1.000000)
Centre coords: -6.138000 1.144000 -0.318000 (B: 1.000000)
Centre coords: -5.138000 0.571000 -0.252000 (B: 1.000000)
Centre coords: -4.138000 1.141000 0.639000 (B: 1.000000)
Centre coords: -3.138000 1.237000 -0.179000 (B: 1.000000)
Centre coords: -2.138000 1.189000 -0.222000 (B: 1.000000)
Centre coords: -1.138000 0.140000 -0.868000 (B: 1.000000)
Centre coords: -0.138000 0.061000 0.654000 (B: 1.000000)
Centre coords: 0.862000 -0.873000 -0.336000 (B: 1.000000)
Centre coords: 1.862000 -0.207000 0.692000 (B: 1.000000)
Centre coords: 2.862000 0.643000 -0.256000 (B: 1.000000)
Centre coords: 3.862000 0.996000 -0.294000 (B: 1.000000)
Centre coords: 4.862000 0.890000 -0.321000 (B: 1.000000)
Centre coords: 5.862000 -0.830000 -0.278000 (B: 1.000000)
Centre coords: 6.862000 -0.826000 -0.320000 (B: 1.000000)
Centre coords: 7.862000 -0.808000 -0.245000 (B: 1.000000)
Centre coords: 8.862000 -0.049000 0.376000 (B: 1.000000)
Centre coords: 9.862000 -0.160000 -0.077000 (B: 1.000000)
Centre coords: 10.862000 0.036000 0.478000 (B: 1.000000)
Centre coords: 11.862000 0.040000 0.567000 (B: 1.000000)
Centre coords: 12.862000 0.155000 0.391000 (B: 1.000000)
Centre coords: 13.862000 0.106000 0.745000 (B: 1.000000)
Centre coords: 14.862000 0.146000 1.410000 (B: 1.000000)
Centre coords: 15.862000 0.199000 0.656000 (B: 1.000000)
Centre coords: 16.862000 0.220000 0.731000 (B: 1.000000)
Centre coords: 17.862000 0.210000 0.665000 (B: 1.000000)
Centre coords: 18.862000 0.212000 0.679000 (B: 1.000000)
Centre coords: 19.862000 1.112000 0.474000 (B: 1.000000)
Centre coords: 20.862000 1.112000 -0.487000 (B: 1.000000)
Centre coords: 21.862000 0.116000 0.587000 (B: 1.000000)
Centre coords: 22.862000 0.167000 -0.259000 (B: 1.000000)
Centre coords: 23.862000 -0.393000 0.428000 (B: 1.000000)
Centre coords: 24.862000 -0.426000 0.425000 (B: 1.000000)
Centre coords: 25.862000 1.077000 -2.015000 (B: 1.000000)
Centre coords: 26.862000 0.100000 -0.600000 (B: 1.000000)
Centre coords: 27.862000 0.200000 2.300000 (B: 1.000000)
Centre coords: 28.862000 -0.126000 -0.331000 (B: 1.000000)
Centre coords: 29.862000 0.068000 -0.579000 (B: 1.000000)

Previous slice thickness = 1.000000
Lower x = -30.138086	Higher x = 30.861914
Ideal number of 3.0 Ang slices = 0
th 10.000000 th_i 10
lowx -30.138086 tl 10.000000 tl_i 10
Lower x = -28.500000	Higher x = 28.500000
Ideal number of 3.0 Ang slices = 19
Middle slice = 9

Number of 1 Ang slices = 61
Middle slice spheres= 30

Sphere slice closest to zero 30 (distance=0.362)

Slice 9, start=-1.500000 end=1.500000 high_x=28.500000
NOT current++ slice num 0, slice 3.000000, help 0, orig_slice 1.000000
New array radius 6.099997, Current sphere(1A) radius 6.099997
centre_coord: -0.138000 0.061000 0.654000 	 current old slice: 30	 number of runs: 0
New array radius 12.199994, Current sphere(1A) radius 6.099997
centre_coord: 0.862000 -0.873000 -0.336000 	 current old slice: 31	 number of runs: 0
New array radius 18.299992, Current sphere(1A) radius 6.099997
centre_coord: 1.862000 -0.207000 0.692000 	 current old slice: 32	 number of runs: 0

For slice 9 new centre: 0.000000 -0.339667 0.336667 rad 6.099997 (0)

Slice 10, start=1.500000 end=4.500000 high_x=28.500000
New array radius 5.799997, Current sphere(1A) radius 5.799997
centre_coord: 2.862000 0.643000 -0.256000 	 current old slice: 33	 number of runs: 1
New array radius 11.599994, Current sphere(1A) radius 5.799997
centre_coord: 3.862000 0.996000 -0.294000 	 current old slice: 34	 number of runs: 1
New array radius 17.199991, Current sphere(1A) radius 5.599997
centre_coord: 4.862000 0.890000 -0.321000 	 current old slice: 35	 number of runs: 1

For slice 10 new centre: 3.000000 0.843000 -0.290333 rad 5.733330 (0)

Slice 11, start=4.500000 end=7.500000 high_x=28.500000
New array radius 5.099998, Current sphere(1A) radius 5.099998
centre_coord: 5.862000 -0.830000 -0.278000 	 current old slice: 36	 number of runs: 2
New array radius 10.199996, Current sphere(1A) radius 5.099998
centre_coord: 6.862000 -0.826000 -0.320000 	 current old slice: 37	 number of runs: 2
New array radius 15.299994, Current sphere(1A) radius 5.099998
centre_coord: 7.862000 -0.808000 -0.245000 	 current old slice: 38	 number of runs: 2

For slice 11 new centre: 6.000000 -0.821333 -0.281000 rad 5.099998 (0)

Slice 12, start=7.500000 end=10.500000 high_x=28.500000
New array radius 5.099998, Current sphere(1A) radius 5.099998
centre_coord: 8.862000 -0.049000 0.376000 	 current old slice: 39	 number of runs: 3
New array radius 10.199996, Current sphere(1A) radius 5.099998
centre_coord: 9.862000 -0.160000 -0.077000 	 current old slice: 40	 number of runs: 3
New array radius 15.299994, Current sphere(1A) radius 5.099998
centre_coord: 10.862000 0.036000 0.478000 	 current old slice: 41	 number of runs: 3

For slice 12 new centre: 9.000000 -0.057667 0.259000 rad 5.099998 (0)

Slice 13, start=10.500000 end=13.500000 high_x=28.500000
New array radius 4.599998, Current sphere(1A) radius 4.599998
centre_coord: 11.862000 0.040000 0.567000 	 current old slice: 42	 number of runs: 4
New array radius 8.699996, Current sphere(1A) radius 4.099998
centre_coord: 12.862000 0.155000 0.391000 	 current old slice: 43	 number of runs: 4
New array radius 12.899994, Current sphere(1A) radius 4.199998
centre_coord: 13.862000 0.106000 0.745000 	 current old slice: 44	 number of runs: 4

For slice 13 new centre: 12.000000 0.100333 0.567667 rad 4.299998 (0)

Slice 14, start=13.500000 end=16.500000 high_x=28.500000
New array radius 4.099998, Current sphere(1A) radius 4.099998
centre_coord: 14.862000 0.146000 1.410000 	 current old slice: 45	 number of runs: 5
New array radius 8.199996, Current sphere(1A) radius 4.099998
centre_coord: 15.862000 0.199000 0.656000 	 current old slice: 46	 number of runs: 5
New array radius 13.299994, Current sphere(1A) radius 5.099998
centre_coord: 16.862000 0.220000 0.731000 	 current old slice: 47	 number of runs: 5

For slice 14 new centre: 15.000000 0.188333 0.932333 rad 4.433331 (0)

Slice 15, start=16.500000 end=19.500000 high_x=28.500000
New array radius 5.099998, Current sphere(1A) radius 5.099998
centre_coord: 17.862000 0.210000 0.665000 	 current old slice: 48	 number of runs: 6
New array radius 10.199996, Current sphere(1A) radius 5.099998
centre_coord: 18.862000 0.212000 0.679000 	 current old slice: 49	 number of runs: 6
New array radius 15.299994, Current sphere(1A) radius 5.099998
centre_coord: 19.862000 1.112000 0.474000 	 current old slice: 50	 number of runs: 6

For slice 15 new centre: 18.000000 0.511333 0.606000 rad 5.099998 (0)

Slice 16, start=19.500000 end=22.500000 high_x=28.500000
New array radius 5.099998, Current sphere(1A) radius 5.099998
centre_coord: 20.862000 1.112000 -0.487000 	 current old slice: 51	 number of runs: 7
New array radius 10.899995, Current sphere(1A) radius 5.799997
centre_coord: 21.862000 0.116000 0.587000 	 current old slice: 52	 number of runs: 7
New array radius 16.999992, Current sphere(1A) radius 6.099997
centre_coord: 22.862000 0.167000 -0.259000 	 current old slice: 53	 number of runs: 7

For slice 16 new centre: 21.000000 0.465000 -0.053000 rad 5.666664 (0)

Slice 17, start=22.500000 end=25.500000 high_x=28.500000
New array radius 6.099997, Current sphere(1A) radius 6.099997
centre_coord: 23.862000 -0.393000 0.428000 	 current old slice: 54	 number of runs: 8
New array radius 12.199994, Current sphere(1A) radius 6.099997
centre_coord: 24.862000 -0.426000 0.425000 	 current old slice: 55	 number of runs: 8
New array radius 18.299992, Current sphere(1A) radius 6.099997
centre_coord: 25.862000 1.077000 -2.015000 	 current old slice: 56	 number of runs: 8

For slice 17 new centre: 24.000000 0.086000 -0.387333 rad 6.099997 (0)

Slice 18, start=25.500000 end=28.500000 high_x=28.500000
New array radius 6.399996, Current sphere(1A) radius 6.399996
centre_coord: 26.862000 0.100000 -0.600000 	 current old slice: 57	 number of runs: 9
New array radius 13.399992, Current sphere(1A) radius 6.999996
centre_coord: 27.862000 0.200000 2.300000 	 current old slice: 58	 number of runs: 9
New array radius 20.999987, Current sphere(1A) radius 7.599995
centre_coord: 28.862000 -0.126000 -0.331000 	 current old slice: 59	 number of runs: 9

For slice 18 new centre: 27.000000 0.058000 0.456333 rad 6.999996 (0)

middle slice 2 8, start=-1.500000 end=-4.500000, LOw x -28.500000


slice 8, start=-4.500000 end=-1.500000

New array radius 7.699995, Current sphere(1A) radius 7.699995
centre_coord: -2.138000 1.189000 -0.222000 	 current old slice: 28	 number of runs: 10
New array radius 15.799990, Current sphere(1A) radius 8.099995
centre_coord: -3.138000 1.237000 -0.179000 	 current old slice: 27	 number of runs: 10
New array radius 23.899984, Current sphere(1A) radius 8.099995
centre_coord: -4.138000 1.141000 0.639000 	 current old slice: 26	 number of runs: 10

For slice 8 new centre: -3.000000 1.189000 0.079333 rad 7.966661 (0)

slice 7, start=-7.500000 end=-4.500000

NOT current++ slice num 0, slice 3.000000, help 0, orig_slice 1.000000
New array radius 8.099995, Current sphere(1A) radius 8.099995
centre_coord: -4.138000 1.141000 0.639000 	 current old slice: 26	 number of runs: 11
New array radius 15.599990, Current sphere(1A) radius 7.499995
centre_coord: -5.138000 0.571000 -0.252000 	 current old slice: 25	 number of runs: 11
New array radius 23.699986, Current sphere(1A) radius 8.099995
centre_coord: -6.138000 1.144000 -0.318000 	 current old slice: 24	 number of runs: 11

For slice 7 new centre: -6.000000 0.952000 0.023000 rad 7.899995 (0)

slice 6, start=-10.500000 end=-7.500000

NOT current++ slice num 0, slice 3.000000, help 0, orig_slice 1.000000
New array radius 8.099995, Current sphere(1A) radius 8.099995
centre_coord: -6.138000 1.144000 -0.318000 	 current old slice: 24	 number of runs: 12
New array radius 16.199989, Current sphere(1A) radius 8.099995
centre_coord: -7.138000 -1.467000 -0.300000 	 current old slice: 23	 number of runs: 12
New array radius 25.299988, Current sphere(1A) radius 9.099998
centre_coord: -8.138000 -0.118000 0.448000 	 current old slice: 22	 number of runs: 12

For slice 6 new centre: -9.000000 -0.147000 -0.056667 rad 8.433330 (0)

slice 5, start=-13.500000 end=-10.500000

NOT current++ slice num 0, slice 3.000000, help 0, orig_slice 1.000000
New array radius 9.099998, Current sphere(1A) radius 9.099998
centre_coord: -8.138000 -0.118000 0.448000 	 current old slice: 22	 number of runs: 13
New array radius 18.199997, Current sphere(1A) radius 9.099998
centre_coord: -9.138000 -0.069000 -0.207000 	 current old slice: 21	 number of runs: 13
New array radius 27.299995, Current sphere(1A) radius 9.099998
centre_coord: -10.138000 0.379000 0.037000 	 current old slice: 20	 number of runs: 13

For slice 5 new centre: -12.000000 0.064000 0.092667 rad 9.099998 (0)

slice 4, start=-16.500000 end=-13.500000

NOT current++ slice num 0, slice 3.000000, help 0, orig_slice 1.000000
New array radius 9.099998, Current sphere(1A) radius 9.099998
centre_coord: -10.138000 0.379000 0.037000 	 current old slice: 20	 number of runs: 14
New array radius 18.799999, Current sphere(1A) radius 9.700001
centre_coord: -11.138000 0.128000 -0.417000 	 current old slice: 19	 number of runs: 14
New array radius 28.800001, Current sphere(1A) radius 10.000002
centre_coord: -12.138000 0.177000 -1.269000 	 current old slice: 18	 number of runs: 14

For slice 4 new centre: -15.000000 0.228000 -0.549667 rad 9.600000 (0)

slice 3, start=-19.500000 end=-16.500000

NOT current++ slice num 0, slice 3.000000, help 0, orig_slice 1.000000
New array radius 10.000002, Current sphere(1A) radius 10.000002
centre_coord: -12.138000 0.177000 -1.269000 	 current old slice: 18	 number of runs: 15
New array radius 20.000004, Current sphere(1A) radius 10.000002
centre_coord: -13.138000 0.226000 -1.322000 	 current old slice: 17	 number of runs: 15
New array radius 30.000006, Current sphere(1A) radius 10.000002
centre_coord: -14.138000 0.175000 -1.278000 	 current old slice: 16	 number of runs: 15

For slice 3 new centre: -18.000000 0.192667 -1.289667 rad 10.000002 (0)

slice 2, start=-22.500000 end=-19.500000

NOT current++ slice num 0, slice 3.000000, help 0, orig_slice 1.000000
New array radius 10.000002, Current sphere(1A) radius 10.000002
centre_coord: -14.138000 0.175000 -1.278000 	 current old slice: 16	 number of runs: 16
New array radius 20.000004, Current sphere(1A) radius 10.000002
centre_coord: -15.138000 -2.300000 -1.300000 	 current old slice: 15	 number of runs: 16
New array radius 31.000010, Current sphere(1A) radius 11.000006
centre_coord: -16.138000 -2.025000 -2.387000 	 current old slice: 14	 number of runs: 16

For slice 2 new centre: -21.000000 -1.383333 -1.655000 rad 10.333337 (0)

slice 1, start=-25.500000 end=-22.500000

NOT current++ slice num 0, slice 3.000000, help 0, orig_slice 1.000000
New array radius 11.000006, Current sphere(1A) radius 11.000006
centre_coord: -16.138000 -2.025000 -2.387000 	 current old slice: 14	 number of runs: 17
New array radius 23.000015, Current sphere(1A) radius 12.000010
centre_coord: -17.138000 -1.374000 -1.733000 	 current old slice: 13	 number of runs: 17
New array radius 35.000023, Current sphere(1A) radius 12.000010
centre_coord: -18.138000 -1.526000 -2.189000 	 current old slice: 12	 number of runs: 17

For slice 1 new centre: -24.000000 -1.641667 -2.103000 rad 11.666675 (0)

slice 0, start=-28.500000 end=-25.500000

NOT current++ slice num 0, slice 3.000000, help 0, orig_slice 1.000000
New array radius 12.000010, Current sphere(1A) radius 12.000010
centre_coord: -18.138000 -1.526000 -2.189000 	 current old slice: 12	 number of runs: 18
New array radius 24.000019, Current sphere(1A) radius 12.000010
centre_coord: -19.138000 -1.477000 -2.142000 	 current old slice: 11	 number of runs: 18
New array radius 36.000031, Current sphere(1A) radius 12.000010
centre_coord: -20.138000 -1.528000 -2.196000 	 current old slice: 10	 number of runs: 18

For slice 0 new centre: -27.000000 -1.510333 -2.175667 rad 12.000010 (0)
Number of detected slice 19, number of lowest slice 0

Slice: 0 centre -27.000000 -1.510333 -2.175667
Slice: 1 centre -24.000000 -1.641667 -2.103000
Slice: 2 centre -21.000000 -1.383333 -1.655000
Slice: 3 centre -18.000000 0.192667 -1.289667
Slice: 4 centre -15.000000 0.228000 -0.549667
Slice: 5 centre -12.000000 0.064000 0.092667
Slice: 6 centre -9.000000 -0.147000 -0.056667
Slice: 7 centre -6.000000 0.952000 0.023000
Slice: 8 centre -3.000000 1.189000 0.079333
Slice: 9 centre 0.000000 -0.339667 0.336667
Slice: 10 centre 3.000000 0.843000 -0.290333
Slice: 11 centre 6.000000 -0.821333 -0.281000
Slice: 12 centre 9.000000 -0.057667 0.259000
Slice: 13 centre 12.000000 0.100333 0.567667
Slice: 14 centre 15.000000 0.188333 0.932333
Slice: 15 centre 18.000000 0.511333 0.606000
Slice: 16 centre 21.000000 0.465000 -0.053000
Slice: 17 centre 24.000000 0.086000 -0.387333
Slice: 18 centre 27.000000 0.058000 0.456333
0 . centre was changed from -27.000000 -1.510333 -2.175667 to -27.000000 -1.010333 -1.175667 with new min dist 16.487654
1 . centre was changed from -24.000000 -1.641667 -2.103000 to -24.000000 -0.641667 -1.003000 with new min dist 16.112543
2 . centre was changed from -21.000000 -1.383333 -1.655000 to -21.000000 0.016667 -0.955000 with new min dist 14.509333
3 . centre was changed from -18.000000 0.192667 -1.289667 to -18.000000 1.492667 0.710333 with new min dist 13.508803
4 . centre was changed from -15.000000 0.228000 -0.549667 to -15.000000 -1.072000 -1.549667 with new min dist 12.751253
5 . centre was changed from -12.000000 0.064000 0.092667 to -12.000000 -0.336000 -1.507333 with new min dist 11.552065
M -50 N -50 OM 5.094326 EM -20.000000
M -50 N -49 OM 5.122169 EM 5.094326
M -50 N -48 OM 5.151804 EM 5.122169
M -50 N -47 OM 5.183199 EM 5.151804
M -50 N -46 OM 5.216322 EM 5.183199
M -50 N -45 OM 5.251142 EM 5.216322
M -50 N -44 OM 5.287623 EM 5.251142
M -50 N -43 OM 5.325732 EM 5.287623
M -50 N -42 OM 5.365435 EM 5.325732
M -50 N -41 OM 5.406695 EM 5.365435
M -50 N -40 OM 5.449479 EM 5.406695
M -50 N -39 OM 5.473864 EM 5.449479
M -50 N -38 OM 5.491052 EM 5.473864
M -50 N -37 OM 5.510002 EM 5.491052
M -50 N -36 OM 5.530695 EM 5.510002
M -50 N -35 OM 5.553112 EM 5.530695
M -50 N -34 OM 5.577232 EM 5.553112
M -50 N -33 OM 5.603034 EM 5.577232
M -50 N -32 OM 5.630493 EM 5.603034
M -50 N -31 OM 5.659587 EM 5.630493
M -50 N -30 OM 5.690289 EM 5.659587
M -50 N -29 OM 5.722574 EM 5.690289
M -50 N -28 OM 5.756416 EM 5.722574
M -50 N -27 OM 5.791786 EM 5.756416
M -50 N -26 OM 5.828658 EM 5.791786
M -50 N -25 OM 5.867003 EM 5.828658
M -50 N -24 OM 5.906792 EM 5.867003
M -50 N -23 OM 5.947996 EM 5.906792
M -50 N -22 OM 5.990586 EM 5.947996
M -50 N -21 OM 6.034533 EM 5.990586
M -50 N -20 OM 6.079807 EM 6.034533
M -50 N -19 OM 6.126379 EM 6.079807
M -50 N -18 OM 6.174220 EM 6.126379
M -50 N -17 OM 6.223300 EM 6.174220
M -50 N -16 OM 6.273589 EM 6.223300
M -50 N -15 OM 6.325060 EM 6.273589
M -50 N -14 OM 6.377684 EM 6.325060
M -50 N -13 OM 6.431432 EM 6.377684
M -50 N -12 OM 6.486277 EM 6.431432
M -50 N -11 OM 6.542191 EM 6.486277
M -50 N -10 OM 6.599145 EM 6.542191
M -50 N -9 OM 6.657115 EM 6.599145
M -50 N -8 OM 6.716074 EM 6.657115
M -50 N -7 OM 6.714935 EM 6.716074
M -50 N -6 OM 6.659251 EM 6.716074
M -50 N -5 OM 6.604611 EM 6.716074
M -50 N -4 OM 6.551042 EM 6.716074
M -50 N -3 OM 5.772220 EM 6.716074
M -50 N -2 OM 5.695331 EM 6.716074
M -50 N -1 OM 5.619169 EM 6.716074
M -50 N 0 OM 5.543765 EM 6.716074
M -50 N 1 OM 5.469149 EM 6.716074
M -50 N 2 OM 5.395356 EM 6.716074
M -50 N 3 OM 5.322418 EM 6.716074
M -50 N 4 OM 5.250371 EM 6.716074
M -50 N 5 OM 5.179253 EM 6.716074
M -50 N 6 OM 5.109103 EM 6.716074
M -50 N 7 OM 5.039960 EM 6.716074
M -50 N 8 OM 4.971867 EM 6.716074
M -50 N 9 OM 4.904868 EM 6.716074
M -50 N 10 OM 4.839008 EM 6.716074
M -50 N 11 OM 4.774333 EM 6.716074
M -50 N 12 OM 4.710895 EM 6.716074
M -50 N 13 OM 4.648741 EM 6.716074
M -50 N 14 OM 4.587926 EM 6.716074
M -50 N 15 OM 4.528502 EM 6.716074
M -50 N 16 OM 4.470525 EM 6.716074
M -50 N 17 OM 4.414053 EM 6.716074
M -50 N 18 OM 4.359143 EM 6.716074
M -50 N 19 OM 4.305856 EM 6.716074
M -50 N 20 OM 4.254252 EM 6.716074
M -50 N 21 OM 4.204394 EM 6.716074
M -50 N 22 OM 4.156344 EM 6.716074
M -50 N 23 OM 4.110166 EM 6.716074
M -50 N 24 OM 4.065923 EM 6.716074
M -50 N 25 OM 4.023679 EM 6.716074
M -50 N 26 OM 3.983499 EM 6.716074
M -50 N 27 OM 3.945444 EM 6.716074
M -50 N 28 OM 3.909577 EM 6.716074
M -50 N 29 OM 3.875959 EM 6.716074
M -50 N 30 OM 3.844649 EM 6.716074
M -50 N 31 OM 3.815704 EM 6.716074
M -50 N 32 OM 3.789177 EM 6.716074
M -50 N 33 OM 3.765120 EM 6.716074
M -50 N 34 OM 3.743581 EM 6.716074
M -50 N 35 OM 3.724602 EM 6.716074
M -50 N 36 OM 3.708225 EM 6.716074
M -50 N 37 OM 3.694482 EM 6.716074
M -50 N 38 OM 3.683403 EM 6.716074
M -50 N 39 OM 3.675014 EM 6.716074
M -50 N 40 OM 3.669332 EM 6.716074
M -50 N 41 OM 3.666369 EM 6.716074
M -50 N 42 OM 3.666132 EM 6.716074
M -50 N 43 OM 3.668623 EM 6.716074
M -50 N 44 OM 3.673835 EM 6.716074
M -50 N 45 OM 3.681756 EM 6.716074
M -50 N 46 OM 3.687799 EM 6.716074
M -50 N 47 OM 3.664960 EM 6.716074
M -50 N 48 OM 3.644722 EM 6.716074
M -50 N 49 OM 3.627129 EM 6.716074
M -50 N 50 OM 3.612219 EM 6.716074
M -49 N -50 OM 5.190699 EM 6.716074
M -49 N -49 OM 5.218029 EM 6.716074
M -49 N -48 OM 5.247122 EM 6.716074
M -49 N -47 OM 5.277950 EM 6.716074
M -49 N -46 OM 5.310482 EM 6.716074
M -49 N -45 OM 5.344688 EM 6.716074
M -49 N -44 OM 5.380535 EM 6.716074
M -49 N -43 OM 5.417990 EM 6.716074
M -49 N -42 OM 5.457022 EM 6.716074
M -49 N -41 OM 5.497595 EM 6.716074
M -49 N -40 OM 5.539677 EM 6.716074
M -49 N -39 OM 5.560359 EM 6.716074
M -49 N -38 OM 5.577280 EM 6.716074
M -49 N -37 OM 5.595938 EM 6.716074
M -49 N -36 OM 5.616314 EM 6.716074
M -49 N -35 OM 5.638391 EM 6.716074
M -49 N -34 OM 5.662148 EM 6.716074
M -49 N -33 OM 5.687564 EM 6.716074
M -49 N -32 OM 5.714617 EM 6.716074
M -49 N -31 OM 5.743285 EM 6.716074
M -49 N -30 OM 5.773542 EM 6.716074
M -49 N -29 OM 5.805364 EM 6.716074
M -49 N -28 OM 5.838726 EM 6.716074
M -49 N -27 OM 5.873601 EM 6.716074
M -49 N -26 OM 5.909962 EM 6.716074
M -49 N -25 OM 5.947783 EM 6.716074
M -49 N -24 OM 5.987035 EM 6.716074
M -49 N -23 OM 6.027690 EM 6.716074
M -49 N -22 OM 6.069721 EM 6.716074
M -49 N -21 OM 6.113100 EM 6.716074
M -49 N -20 OM 6.157796 EM 6.716074
M -49 N -19 OM 6.203783 EM 6.716074
M -49 N -18 OM 6.251031 EM 6.716074
M -49 N -17 OM 6.299512 EM 6.716074
M -49 N -16 OM 6.349198 EM 6.716074
M -49 N -15 OM 6.400062 EM 6.716074
M -49 N -14 OM 6.452074 EM 6.716074
M -49 N -13 OM 6.505208 EM 6.716074
M -49 N -12 OM 6.559435 EM 6.716074
M -49 N -11 OM 6.614730 EM 6.716074
M -49 N -10 OM 6.671066 EM 6.716074
M -49 N -9 OM 6.728416 EM 6.716074
M -49 N -8 OM 6.786756 EM 6.728416
M -49 N -7 OM 6.789636 EM 6.786756
M -49 N -6 OM 6.734569 EM 6.789636
M -49 N -5 OM 6.680545 EM 6.789636
M -49 N -4 OM 6.627591 EM 6.789636
M -49 N -3 OM 5.836208 EM 6.789636
M -49 N -2 OM 5.760173 EM 6.789636
M -49 N -1 OM 5.684880 EM 6.789636
M -49 N 0 OM 5.610359 EM 6.789636
M -49 N 1 OM 5.536641 EM 6.789636
M -49 N 2 OM 5.463759 EM 6.789636
M -49 N 3 OM 5.391747 EM 6.789636
M -49 N 4 OM 5.320639 EM 6.789636
M -49 N 5 OM 5.250473 EM 6.789636
M -49 N 6 OM 5.181286 EM 6.789636
M -49 N 7 OM 5.113120 EM 6.789636
M -49 N 8 OM 5.046015 EM 6.789636
M -49 N 9 OM 4.980013 EM 6.789636
M -49 N 10 OM 4.915160 EM 6.789636
M -49 N 11 OM 4.851501 EM 6.789636
M -49 N 12 OM 4.789084 EM 6.789636
M -49 N 13 OM 4.727959 EM 6.789636
M -49 N 14 OM 4.668176 EM 6.789636
M -49 N 15 OM 4.609787 EM 6.789636
M -49 N 16 OM 4.552845 EM 6.789636
M -49 N 17 OM 4.497406 EM 6.789636
M -49 N 18 OM 4.443527 EM 6.789636
M -49 N 19 OM 4.391263 EM 6.789636
M -49 N 20 OM 4.340675 EM 6.789636
M -49 N 21 OM 4.291821 EM 6.789636
M -49 N 22 OM 4.244761 EM 6.789636
M -49 N 23 OM 4.199555 EM 6.789636
M -49 N 24 OM 4.156264 EM 6.789636
M -49 N 25 OM 4.114948 EM 6.789636
M -49 N 26 OM 4.075667 EM 6.789636
M -49 N 27 OM 4.038481 EM 6.789636
M -49 N 28 OM 4.003448 EM 6.789636
M -49 N 29 OM 3.970625 EM 6.789636
M -49 N 30 OM 3.940067 EM 6.789636
M -49 N 31 OM 3.911828 EM 6.789636
M -49 N 32 OM 3.885957 EM 6.789636
M -49 N 33 OM 3.862503 EM 6.789636
M -49 N 34 OM 3.841509 EM 6.789636
M -49 N 35 OM 3.823017 EM 6.789636
M -49 N 36 OM 3.807063 EM 6.789636
M -49 N 37 OM 3.793678 EM 6.789636
M -49 N 38 OM 3.782891 EM 6.789636
M -49 N 39 OM 3.774722 EM 6.789636
M -49 N 40 OM 3.769190 EM 6.789636
M -49 N 41 OM 3.766306 EM 6.789636
M -49 N 42 OM 3.766076 EM 6.789636
M -49 N 43 OM 3.768500 EM 6.789636
M -49 N 44 OM 3.753202 EM 6.789636
M -49 N 45 OM 3.725399 EM 6.789636
M -49 N 46 OM 3.700089 EM 6.789636
M -49 N 47 OM 3.677326 EM 6.789636
M -49 N 48 OM 3.657156 EM 6.789636
M -49 N 49 OM 3.639624 EM 6.789636
M -49 N 50 OM 3.624766 EM 6.789636
M -48 N -50 OM 5.287207 EM 6.789636
M -48 N -49 OM 5.314040 EM 6.789636
M -48 N -48 OM 5.342610 EM 6.789636
M -48 N -47 OM 5.372890 EM 6.789636
M -48 N -46 OM 5.404851 EM 6.789636
M -48 N -45 OM 5.438464 EM 6.789636
M -48 N -44 OM 5.473696 EM 6.789636
M -48 N -43 OM 5.510519 EM 6.789636
M -48 N -42 OM 5.548900 EM 6.789636
M -48 N -41 OM 5.588806 EM 6.789636
M -48 N -40 OM 5.630206 EM 6.789636
M -48 N -39 OM 5.647299 EM 6.789636
M -48 N -38 OM 5.663961 EM 6.789636
M -48 N -37 OM 5.682334 EM 6.789636
M -48 N -36 OM 5.702402 EM 6.789636
M -48 N -35 OM 5.724146 EM 6.789636
M -48 N -34 OM 5.747549 EM 6.789636
M -48 N -33 OM 5.772589 EM 6.789636
M -48 N -32 OM 5.799246 EM 6.789636
M -48 N -31 OM 5.827497 EM 6.789636
M -48 N -30 OM 5.857319 EM 6.789636
M -48 N -29 OM 5.888689 EM 6.789636
M -48 N -28 OM 5.921581 EM 6.789636
M -48 N -27 OM 5.955971 EM 6.789636
M -48 N -26 OM 5.991832 EM 6.789636
M -48 N -25 OM 6.029140 EM 6.789636
M -48 N -24 OM 6.067865 EM 6.789636
M -48 N -23 OM 6.107983 EM 6.789636
M -48 N -22 OM 6.149465 EM 6.789636
M -48 N -21 OM 6.192285 EM 6.789636
M -48 N -20 OM 6.236413 EM 6.789636
M -48 N -19 OM 6.281825 EM 6.789636
M -48 N -18 OM 6.328490 EM 6.789636
M -48 N -17 OM 6.376382 EM 6.789636
M -48 N -16 OM 6.425474 EM 6.789636
M -48 N -15 OM 6.475739 EM 6.789636
M -48 N -14 OM 6.527147 EM 6.789636
M -48 N -13 OM 6.579675 EM 6.789636
M -48 N -12 OM 6.633294 EM 6.789636
M -48 N -11 OM 6.687978 EM 6.789636
M -48 N -10 OM 6.743702 EM 6.789636
M -48 N -9 OM 6.800440 EM 6.789636
M -48 N -8 OM 6.858167 EM 6.800440
M -48 N -7 OM 6.864980 EM 6.858167
M -48 N -6 OM 6.810523 EM 6.864980
M -48 N -5 OM 6.757106 EM 6.864980
M -48 N -4 OM 6.704756 EM 6.864980
M -48 N -3 OM 5.901197 EM 6.864980
M -48 N -2 OM 5.826010 EM 6.864980
M -48 N -1 OM 5.751579 EM 6.864980
M -48 N 0 OM 5.677934 EM 6.864980
M -48 N 1 OM 5.605104 EM 6.864980
M -48 N 2 OM 5.533124 EM 6.864980
M -48 N 3 OM 5.462026 EM 6.864980
M -48 N 4 OM 5.391845 EM 6.864980
M -48 N 5 OM 5.322618 EM 6.864980
M -48 N 6 OM 5.254382 EM 6.864980
M -48 N 7 OM 5.187176 EM 6.864980
M -48 N 8 OM 5.121041 EM 6.864980
M -48 N 9 OM 5.056019 EM 6.864980
M -48 N 10 OM 4.992154 EM 6.864980
M -48 N 11 OM 4.929489 EM 6.864980
M -48 N 12 OM 4.868073 EM 6.864980
M -48 N 13 OM 4.807951 EM 6.864980
M -48 N 14 OM 4.749175 EM 6.864980
M -48 N 15 OM 4.691794 EM 6.864980
M -48 N 16 OM 4.635860 EM 6.864980
M -48 N 17 OM 4.581426 EM 6.864980
M -48 N 18 OM 4.528546 EM 6.864980
M -48 N 19 OM 4.477275 EM 6.864980
M -48 N 20 OM 4.427670 EM 6.864980
M -48 N 21 OM 4.379786 EM 6.864980
M -48 N 22 OM 4.333682 EM 6.864980
M -48 N 23 OM 4.289412 EM 6.864980
M -48 N 24 OM 4.247037 EM 6.864980
M -48 N 25 OM 4.206613 EM 6.864980
M -48 N 26 OM 4.168196 EM 6.864980
M -48 N 27 OM 4.131843 EM 6.864980
M -48 N 28 OM 4.097608 EM 6.864980
M -48 N 29 OM 4.065546 EM 6.864980
M -48 N 30 OM 4.035707 EM 6.864980
M -48 N 31 OM 4.008141 EM 6.864980
M -48 N 32 OM 3.982896 EM 6.864980
M -48 N 33 OM 3.960016 EM 6.864980
M -48 N 34 OM 3.939542 EM 6.864980
M -48 N 35 OM 3.921513 EM 6.864980
M -48 N 36 OM 3.905961 EM 6.864980
M -48 N 37 OM 3.892916 EM 6.864980
M -48 N 38 OM 3.882404 EM 6.864980
M -48 N 39 OM 3.874445 EM 6.864980
M -48 N 40 OM 3.869056 EM 6.864980
M -48 N 41 OM 3.865376 EM 6.864980
M -48 N 42 OM 3.830561 EM 6.864980
M -48 N 43 OM 3.798060 EM 6.864980
M -48 N 44 OM 3.767934 EM 6.864980
M -48 N 45 OM 3.740240 EM 6.864980
M -48 N 46 OM 3.715032 EM 6.864980
M -48 N 47 OM 3.692361 EM 6.864980
M -48 N 48 OM 3.672274 EM 6.864980
M -48 N 49 OM 3.654814 EM 6.864980
M -48 N 50 OM 3.640018 EM 6.864980
M -47 N -50 OM 5.383842 EM 6.864980
M -47 N -49 OM 5.410196 EM 6.864980
M -47 N -48 OM 5.438262 EM 6.864980
M -47 N -47 OM 5.468012 EM 6.864980
M -47 N -46 OM 5.499420 EM 6.864980
M -47 N -45 OM 5.532458 EM 6.864980
M -47 N -44 OM 5.567096 EM 6.864980
M -47 N -43 OM 5.603304 EM 6.864980
M -47 N -42 OM 5.641054 EM 6.864980
M -47 N -41 OM 5.680313 EM 6.864980
M -47 N -40 OM 5.719958 EM 6.864980
M -47 N -39 OM 5.734666 EM 6.864980
M -47 N -38 OM 5.751074 EM 6.864980
M -47 N -37 OM 5.769170 EM 6.864980
M -47 N -36 OM 5.788937 EM 6.864980
M -47 N -35 OM 5.810358 EM 6.864980
M -47 N -34 OM 5.833415 EM 6.864980
M -47 N -33 OM 5.858088 EM 6.864980
M -47 N -32 OM 5.884357 EM 6.864980
M -47 N -31 OM 5.912201 EM 6.864980
M -47 N -30 OM 5.941598 EM 6.864980
M -47 N -29 OM 5.972525 EM 6.864980
M -47 N -28 OM 6.004958 EM 6.864980
M -47 N -27 OM 6.038873 EM 6.864980
M -47 N -26 OM 6.074245 EM 6.864980
M -47 N -25 OM 6.111049 EM 6.864980
M -47 N -24 OM 6.149259 EM 6.864980
M -47 N -23 OM 6.188849 EM 6.864980
M -47 N -22 OM 6.229793 EM 6.864980
M -47 N -21 OM 6.272064 EM 6.864980
M -47 N -20 OM 6.315636 EM 6.864980
M -47 N -19 OM 6.360481 EM 6.864980
M -47 N -18 OM 6.406574 EM 6.864980
M -47 N -17 OM 6.453887 EM 6.864980
M -47 N -16 OM 6.502394 EM 6.864980
M -47 N -15 OM 6.552068 EM 6.864980
M -47 N -14 OM 6.602882 EM 6.864980
M -47 N -13 OM 6.654812 EM 6.864980
M -47 N -12 OM 6.707830 EM 6.864980
M -47 N -11 OM 6.761912 EM 6.864980
M -47 N -10 OM 6.817032 EM 6.864980
M -47 N -9 OM 6.873165 EM 6.864980
M -47 N -8 OM 6.930285 EM 6.873165
M -47 N -7 OM 6.940948 EM 6.930285
M -47 N -6 OM 6.887091 EM 6.940948
M -47 N -5 OM 6.834273 EM 6.940948
M -47 N -4 OM 6.782518 EM 6.940948
M -47 N -3 OM 5.967154 EM 6.940948
M -47 N -2 OM 5.892809 EM 6.940948
M -47 N -1 OM 5.819232 EM 6.940948
M -47 N 0 OM 5.746454 EM 6.940948
M -47 N 1 OM 5.674504 EM 6.940948
M -47 N 2 OM 5.603415 EM 6.940948
M -47 N 3 OM 5.533221 EM 6.940948
M -47 N 4 OM 5.463954 EM 6.940948
M -47 N 5 OM 5.395652 EM 6.940948
M -47 N 6 OM 5.328351 EM 6.940948
M -47 N 7 OM 5.262091 EM 6.940948
M -47 N 8 OM 5.196909 EM 6.940948
M -47 N 9 OM 5.132848 EM 6.940948
M -47 N 10 OM 5.069951 EM 6.940948
M -47 N 11 OM 5.008260 EM 6.940948
M -47 N 12 OM 4.947821 EM 6.940948
M -47 N 13 OM 4.888680 EM 6.940948
M -47 N 14 OM 4.830886 EM 6.940948
M -47 N 15 OM 4.774487 EM 6.940948
M -47 N 16 OM 4.719534 EM 6.940948
M -47 N 17 OM 4.666076 EM 6.940948
M -47 N 18 OM 4.614166 EM 6.940948
M -47 N 19 OM 4.563858 EM 6.940948
M -47 N 20 OM 4.515203 EM 6.940948
M -47 N 21 OM 4.468258 EM 6.940948
M -47 N 22 OM 4.423076 EM 6.940948
M -47 N 23 OM 4.379711 EM 6.940948
M -47 N 24 OM 4.338217 EM 6.940948
M -47 N 25 OM 4.298651 EM 6.940948
M -47 N 26 OM 4.261064 EM 6.940948
M -47 N 27 OM 4.225510 EM 6.940948
M -47 N 28 OM 4.192039 EM 6.940948
M -47 N 29 OM 4.160705 EM 6.940948
M -47 N 30 OM 4.131553 EM 6.940948
M -47 N 31 OM 4.104631 EM 6.940948
M -47 N 32 OM 4.079983 EM 6.940948
M -47 N 33 OM 4.057651 EM 6.940948
M -47 N 34 OM 4.037672 EM 6.940948
M -47 N 35 OM 4.020082 EM 6.940948
M -47 N 36 OM 4.004913 EM 6.940948
M -47 N 37 OM 3.992192 EM 6.940948
M -47 N 38 OM 3.981942 EM 6.940948
M -47 N 39 OM 3.958256 EM 6.940948
M -47 N 40 OM 3.919166 EM 6.940948
M -47 N 41 OM 3.882258 EM 6.940948
M -47 N 42 OM 3.847596 EM 6.940948
M -47 N 43 OM 3.815241 EM 6.940948
M -47 N 44 OM 3.785251 EM 6.940948
M -47 N 45 OM 3.757685 EM 6.940948
M -47 N 46 OM 3.732594 EM 6.940948
M -47 N 47 OM 3.710031 EM 6.940948
M -47 N 48 OM 3.690040 EM 6.940948
M -47 N 49 OM 3.672664 EM 6.940948
M -47 N 50 OM 3.657940 EM 6.940948
M -46 N -50 OM 5.480598 EM 6.940948
M -46 N -49 OM 5.506489 EM 6.940948
M -46 N -48 OM 5.534066 EM 6.940948
M -46 N -47 OM 5.563304 EM 6.940948
M -46 N -46 OM 5.594178 EM 6.940948
M -46 N -45 OM 5.626659 EM 6.940948
M -46 N -44 OM 5.660720 EM 6.940948
M -46 N -43 OM 5.696334 EM 6.940948
M -46 N -42 OM 5.733471 EM 6.940948
M -46 N -41 OM 5.772101 EM 6.940948
M -46 N -40 OM 5.807953 EM 6.940948
M -46 N -39 OM 5.822439 EM 6.940948
M -46 N -38 OM 5.838601 EM 6.940948
M -46 N -37 OM 5.856426 EM 6.940948
M -46 N -36 OM 5.875899 EM 6.940948
M -46 N -35 OM 5.897004 EM 6.940948
M -46 N -34 OM 5.919724 EM 6.940948
M -46 N -33 OM 5.944038 EM 6.940948
M -46 N -32 OM 5.969929 EM 6.940948
M -46 N -31 OM 5.997376 EM 6.940948
M -46 N -30 OM 6.026358 EM 6.940948
M -46 N -29 OM 6.056852 EM 6.940948
M -46 N -28 OM 6.088836 EM 6.940948
M -46 N -27 OM 6.122286 EM 6.940948
M -46 N -26 OM 6.157179 EM 6.940948
M -46 N -25 OM 6.193491 EM 6.940948
M -46 N -24 OM 6.231195 EM 6.940948
M -46 N -23 OM 6.270268 EM 6.940948
M -46 N -22 OM 6.310684 EM 6.940948
M -46 N -21 OM 6.352416 EM 6.940948
M -46 N -20 OM 6.395440 EM 6.940948
M -46 N -19 OM 6.439730 EM 6.940948
M -46 N -18 OM 6.485260 EM 6.940948
M -46 N -17 OM 6.532002 EM 6.940948
M -46 N -16 OM 6.579934 EM 6.940948
M -46 N -15 OM 6.629026 EM 6.940948
M -46 N -14 OM 6.679256 EM 6.940948
M -46 N -13 OM 6.730596 EM 6.940948
M -46 N -12 OM 6.783022 EM 6.940948
M -46 N -11 OM 6.836509 EM 6.940948
M -46 N -10 OM 6.891032 EM 6.940948
M -46 N -9 OM 6.946567 EM 6.940948
M -46 N -8 OM 7.003089 EM 6.946567
M -46 N -7 OM 7.017518 EM 7.003089
M -46 N -6 OM 6.964253 EM 7.017518
M -46 N -5 OM 6.912025 EM 7.017518
M -46 N -4 OM 6.860857 EM 7.017518
M -46 N -3 OM 6.034048 EM 7.017518
M -46 N -2 OM 5.960536 EM 7.017518
M -46 N -1 OM 5.887806 EM 7.017518
M -46 N 0 OM 5.815886 EM 7.017518
M -46 N 1 OM 5.744806 EM 7.017518
M -46 N 2 OM 5.674598 EM 7.017518
M -46 N 3 OM 5.605295 EM 7.017518
M -46 N 4 OM 5.536930 EM 7.017518
M -46 N 5 OM 5.469540 EM 7.017518
M -46 N 6 OM 5.403159 EM 7.017518
M -46 N 7 OM 5.337827 EM 7.017518
M -46 N 8 OM 5.273582 EM 7.017518
M -46 N 9 OM 5.210464 EM 7.017518
M -46 N 10 OM 5.148514 EM 7.017518
M -46 N 11 OM 5.087776 EM 7.017518
M -46 N 12 OM 5.028293 EM 7.017518
M -46 N 13 OM 4.970110 EM 7.017518
M -46 N 14 OM 4.913274 EM 7.017518
M -46 N 15 OM 4.857832 EM 7.017518
M -46 N 16 OM 4.803832 EM 7.017518
M -46 N 17 OM 4.751322 EM 7.017518
M -46 N 18 OM 4.700354 EM 7.017518
M -46 N 19 OM 4.650978 EM 7.017518
M -46 N 20 OM 4.603245 EM 7.017518
M -46 N 21 OM 4.557206 EM 7.017518
M -46 N 22 OM 4.512914 EM 7.017518
M -46 N 23 OM 4.470421 EM 7.017518
M -46 N 24 OM 4.429778 EM 7.017518
M -46 N 25 OM 4.391036 EM 7.017518
M -46 N 26 OM 4.354247 EM 7.017518
M -46 N 27 OM 4.319459 EM 7.017518
M -46 N 28 OM 4.286723 EM 7.017518
M -46 N 29 OM 4.256085 EM 7.017518
M -46 N 30 OM 4.227592 EM 7.017518
M -46 N 31 OM 4.201285 EM 7.017518
M -46 N 32 OM 4.177207 EM 7.017518
M -46 N 33 OM 4.155397 EM 7.017518
M -46 N 34 OM 4.135891 EM 7.017518
M -46 N 35 OM 4.118721 EM 7.017518
M -46 N 36 OM 4.103916 EM 7.017518
M -46 N 37 OM 4.061337 EM 7.017518
M -46 N 38 OM 4.018274 EM 7.017518
M -46 N 39 OM 3.977260 EM 7.017518
M -46 N 40 OM 3.938358 EM 7.017518
M -46 N 41 OM 3.901632 EM 7.017518
M -46 N 42 OM 3.867143 EM 7.017518
M -46 N 43 OM 3.834953 EM 7.017518
M -46 N 44 OM 3.805119 EM 7.017518
M -46 N 45 OM 3.777697 EM 7.017518
M -46 N 46 OM 3.752741 EM 7.017518
M -46 N 47 OM 3.730299 EM 7.017518
M -46 N 48 OM 3.710417 EM 7.017518
M -46 N 49 OM 3.693137 EM 7.017518
M -46 N 50 OM 3.678495 EM 7.017518
M -45 N -50 OM 5.577468 EM 7.017518
M -45 N -49 OM 5.602912 EM 7.017518
M -45 N -48 OM 5.630017 EM 7.017518
M -45 N -47 OM 5.658759 EM 7.017518
M -45 N -46 OM 5.689114 EM 7.017518
M -45 N -45 OM 5.721056 EM 7.017518
M -45 N -44 OM 5.754560 EM 7.017518
M -45 N -43 OM 5.789596 EM 7.017518
M -45 N -42 OM 5.826138 EM 7.017518
M -45 N -41 OM 5.864159 EM 7.017518
M -45 N -40 OM 5.896331 EM 7.017518
M -45 N -39 OM 5.910600 EM 7.017518
M -45 N -38 OM 5.926521 EM 7.017518
M -45 N -37 OM 5.944083 EM 7.017518
M -45 N -36 OM 5.963270 EM 7.017518
M -45 N -35 OM 5.984067 EM 7.017518
M -45 N -34 OM 6.006457 EM 7.017518
M -45 N -33 OM 6.030422 EM 7.017518
M -45 N -32 OM 6.055944 EM 7.017518
M -45 N -31 OM 6.083003 EM 7.017518
M -45 N -30 OM 6.111578 EM 7.017518
M -45 N -29 OM 6.141649 EM 7.017518
M -45 N -28 OM 6.173194 EM 7.017518
M -45 N -27 OM 6.206190 EM 7.017518
M -45 N -26 OM 6.240613 EM 7.017518
M -45 N -25 OM 6.276442 EM 7.017518
M -45 N -24 OM 6.313651 EM 7.017518
M -45 N -23 OM 6.352217 EM 7.017518
M -45 N -22 OM 6.392114 EM 7.017518
M -45 N -21 OM 6.433319 EM 7.017518
M -45 N -20 OM 6.475806 EM 7.017518
M -45 N -19 OM 6.519549 EM 7.017518
M -45 N -18 OM 6.564525 EM 7.017518
M -45 N -17 OM 6.610708 EM 7.017518
M -45 N -16 OM 6.658072 EM 7.017518
M -45 N -15 OM 6.706593 EM 7.017518
M -45 N -14 OM 6.756246 EM 7.017518
M -45 N -13 OM 6.807005 EM 7.017518
M -45 N -12 OM 6.858848 EM 7.017518
M -45 N -11 OM 6.911747 EM 7.017518
M -45 N -10 OM 6.965682 EM 7.017518
M -45 N -9 OM 7.020626 EM 7.017518
M -45 N -8 OM 7.076557 EM 7.020626
M -45 N -7 OM 7.094671 EM 7.076557
M -45 N -6 OM 7.041990 EM 7.094671
M -45 N -5 OM 6.990343 EM 7.094671
M -45 N -4 OM 6.939752 EM 7.094671
M -45 N -3 OM 6.101846 EM 7.094671
M -45 N -2 OM 6.029162 EM 7.094671
M -45 N -1 OM 5.957270 EM 7.094671
M -45 N 0 OM 5.886199 EM 7.094671
M -45 N 1 OM 5.815977 EM 7.094671
M -45 N 2 OM 5.746639 EM 7.094671
M -45 N 3 OM 5.678216 EM 7.094671
M -45 N 4 OM 5.610739 EM 7.094671
M -45 N 5 OM 5.544246 EM 7.094671
M -45 N 6 OM 5.478771 EM 7.094671
M -45 N 7 OM 5.414351 EM 7.094671
M -45 N 8 OM 5.351025 EM 7.094671
M -45 N 9 OM 5.288831 EM 7.094671
M -45 N 10 OM 5.227810 EM 7.094671
M -45 N 11 OM 5.168004 EM 7.094671
M -45 N 12 OM 5.109455 EM 7.094671
M -45 N 13 OM 5.052207 EM 7.094671
M -45 N 14 OM 4.996305 EM 7.094671
M -45 N 15 OM 4.941794 EM 7.094671
M -45 N 16 OM 4.888721 EM 7.094671
M -45 N 17 OM 4.837133 EM 7.094671
M -45 N 18 OM 4.787079 EM 7.094671
M -45 N 19 OM 4.738607 EM 7.094671
M -45 N 20 OM 4.691765 EM 7.094671
M -45 N 21 OM 4.646604 EM 7.094671
M -45 N 22 OM 4.603172 EM 7.094671
M -45 N 23 OM 4.561520 EM 7.094671
M -45 N 24 OM 4.521695 EM 7.094671
M -45 N 25 OM 4.483748 EM 7.094671
M -45 N 26 OM 4.447726 EM 7.094671
M -45 N 27 OM 4.413675 EM 7.094671
M -45 N 28 OM 4.381643 EM 7.094671
M -45 N 29 OM 4.351674 EM 7.094671
M -45 N 30 OM 4.323810 EM 7.094671
M -45 N 31 OM 4.298092 EM 7.094671
M -45 N 32 OM 4.274560 EM 7.094671
M -45 N 33 OM 4.253249 EM 7.094671
M -45 N 34 OM 4.222447 EM 7.094671
M -45 N 35 OM 4.173862 EM 7.094671
M -45 N 36 OM 4.127129 EM 7.094671
M -45 N 37 OM 4.082311 EM 7.094671
M -45 N 38 OM 4.039471 EM 7.094671
M -45 N 39 OM 3.998674 EM 7.094671
M -45 N 40 OM 3.959982 EM 7.094671
M -45 N 41 OM 3.923459 EM 7.094671
M -45 N 42 OM 3.889164 EM 7.094671
M -45 N 43 OM 3.857157 EM 7.094671
M -45 N 44 OM 3.827497 EM 7.094671
M -45 N 45 OM 3.800236 EM 7.094671
M -45 N 46 OM 3.775429 EM 7.094671
M -45 N 47 OM 3.753122 EM 7.094671
M -45 N 48 OM 3.733362 EM 7.094671
M -45 N 49 OM 3.716189 EM 7.094671
M -45 N 50 OM 3.701639 EM 7.094671
M -44 N -50 OM 5.674448 EM 7.094671
M -44 N -49 OM 5.699458 EM 7.094671
M -44 N -48 OM 5.726106 EM 7.094671
M -44 N -47 OM 5.754368 EM 7.094671
M -44 N -46 OM 5.784222 EM 7.094671
M -44 N -45 OM 5.815642 EM 7.094671
M -44 N -44 OM 5.848603 EM 7.094671
M -44 N -43 OM 5.883079 EM 7.094671
M -44 N -42 OM 5.919044 EM 7.094671
M -44 N -41 OM 5.956471 EM 7.094671
M -44 N -40 OM 5.985075 EM 7.094671
M -44 N -39 OM 5.999132 EM 7.094671
M -44 N -38 OM 6.014820 EM 7.094671
M -44 N -37 OM 6.032124 EM 7.094671
M -44 N -36 OM 6.051032 EM 7.094671
M -44 N -35 OM 6.071528 EM 7.094671
M -44 N -34 OM 6.093596 EM 7.094671
M -44 N -33 OM 6.117220 EM 7.094671
M -44 N -32 OM 6.142382 EM 7.094671
M -44 N -31 OM 6.169062 EM 7.094671
M -44 N -30 OM 6.197240 EM 7.094671
M -44 N -29 OM 6.226898 EM 7.094671
M -44 N -28 OM 6.258012 EM 7.094671
M -44 N -27 OM 6.290563 EM 7.094671
M -44 N -26 OM 6.324528 EM 7.094671
M -44 N -25 OM 6.359884 EM 7.094671
M -44 N -24 OM 6.396607 EM 7.094671
M -44 N -23 OM 6.434676 EM 7.094671
M -44 N -22 OM 6.474065 EM 7.094671
M -44 N -21 OM 6.514752 EM 7.094671
M -44 N -20 OM 6.556711 EM 7.094671
M -44 N -19 OM 6.599918 EM 7.094671
M -44 N -18 OM 6.644350 EM 7.094671
M -44 N -17 OM 6.689982 EM 7.094671
M -44 N -16 OM 6.736788 EM 7.094671
M -44 N -15 OM 6.784747 EM 7.094671
M -44 N -14 OM 6.833831 EM 7.094671
M -44 N -13 OM 6.884019 EM 7.094671
M -44 N -12 OM 6.935286 EM 7.094671
M -44 N -11 OM 6.987607 EM 7.094671
M -44 N -10 OM 7.040960 EM 7.094671
M -44 N -9 OM 7.095321 EM 7.094671
M -44 N -8 OM 7.150668 EM 7.095321
M -44 N -7 OM 7.172388 EM 7.150668
M -44 N -6 OM 7.120282 EM 7.172388
M -44 N -5 OM 7.069207 EM 7.172388
M -44 N -4 OM 7.019185 EM 7.172388
M -44 N -3 OM 6.170521 EM 7.172388
M -44 N -2 OM 6.098655 EM 7.172388
M -44 N -1 OM 6.027592 EM 7.172388
M -44 N 0 OM 5.957359 EM 7.172388
M -44 N 1 OM 5.887988 EM 7.172388
M -44 N 2 OM 5.819507 EM 7.172388
M -44 N 3 OM 5.751950 EM 7.172388
M -44 N 4 OM 5.685349 EM 7.172388
M -44 N 5 OM 5.619739 EM 7.172388
M -44 N 6 OM 5.555153 EM 7.172388
M -44 N 7 OM 5.491630 EM 7.172388
M -44 N 8 OM 5.429204 EM 7.172388
M -44 N 9 OM 5.367917 EM 7.172388
M -44 N 10 OM 5.307805 EM 7.172388
M -44 N 11 OM 5.248911 EM 7.172388
M -44 N 12 OM 5.191274 EM 7.172388
M -44 N 13 OM 5.134939 EM 7.172388
M -44 N 14 OM 5.079947 EM 7.172388
M -44 N 15 OM 5.026343 EM 7.172388
M -44 N 16 OM 4.974173 EM 7.172388
M -44 N 17 OM 4.923481 EM 7.172388
M -44 N 18 OM 4.874313 EM 7.172388
M -44 N 19 OM 4.826717 EM 7.172388
M -44 N 20 OM 4.780738 EM 7.172388
M -44 N 21 OM 4.736426 EM 7.172388
M -44 N 22 OM 4.693825 EM 7.172388
M -44 N 23 OM 4.652984 EM 7.172388
M -44 N 24 OM 4.613949 EM 7.172388
M -44 N 25 OM 4.576767 EM 7.172388
M -44 N 26 OM 4.541482 EM 7.172388
M -44 N 27 OM 4.508140 EM 7.172388
M -44 N 28 OM 4.476784 EM 7.172388
M -44 N 29 OM 4.447455 EM 7.172388
M -44 N 30 OM 4.420196 EM 7.172388
M -44 N 31 OM 4.395042 EM 7.172388
M -44 N 32 OM 4.346921 EM 7.172388
M -44 N 33 OM 4.295090 EM 7.172388
M -44 N 34 OM 4.244980 EM 7.172388
M -44 N 35 OM 4.196657 EM 7.172388
M -44 N 36 OM 4.150180 EM 7.172388
M -44 N 37 OM 4.105613 EM 7.172388
M -44 N 38 OM 4.063019 EM 7.172388
M -44 N 39 OM 4.022461 EM 7.172388
M -44 N 40 OM 3.984001 EM 7.172388
M -44 N 41 OM 3.947699 EM 7.172388
M -44 N 42 OM 3.913617 EM 7.172388
M -44 N 43 OM 3.881811 EM 7.172388
M -44 N 44 OM 3.852341 EM 7.172388
M -44 N 45 OM 3.825258 EM 7.172388
M -44 N 46 OM 3.800613 EM 7.172388
M -44 N 47 OM 3.778456 EM 7.172388
M -44 N 48 OM 3.758829 EM 7.172388
M -44 N 49 OM 3.741772 EM 7.172388
M -44 N 50 OM 3.727322 EM 7.172388
M -43 N -50 OM 5.771530 EM 7.172388
M -43 N -49 OM 5.796121 EM 7.172388
M -43 N -48 OM 5.822327 EM 7.172388
M -43 N -47 OM 5.850124 EM 7.172388
M -43 N -46 OM 5.879491 EM 7.172388
M -43 N -45 OM 5.910405 EM 7.172388
M -43 N -44 OM 5.942841 EM 7.172388
M -43 N -43 OM 5.976773 EM 7.172388
M -43 N -42 OM 6.012178 EM 7.172388
M -43 N -41 OM 6.049029 EM 7.172388
M -43 N -40 OM 6.074168 EM 7.172388
M -43 N -39 OM 6.088020 EM 7.172388
M -43 N -38 OM 6.103479 EM 7.172388
M -43 N -37 OM 6.120533 EM 7.172388
M -43 N -36 OM 6.139168 EM 7.172388
M -43 N -35 OM 6.159371 EM 7.172388
M -43 N -34 OM 6.181126 EM 7.172388
M -43 N -33 OM 6.204417 EM 7.172388
M -43 N -32 OM 6.229226 EM 7.172388
M -43 N -31 OM 6.255535 EM 7.172388
M -43 N -30 OM 6.283326 EM 7.172388
M -43 N -29 OM 6.312579 EM 7.172388
M -43 N -28 OM 6.343274 EM 7.172388
M -43 N -27 OM 6.375389 EM 7.172388
M -43 N -26 OM 6.408905 EM 7.172388
M -43 N -25 OM 6.443797 EM 7.172388
M -43 N -24 OM 6.480045 EM 7.172388
M -43 N -23 OM 6.517626 EM 7.172388
M -43 N -22 OM 6.556517 EM 7.172388
M -43 N -21 OM 6.596695 EM 7.172388
M -43 N -20 OM 6.638136 EM 7.172388
M -43 N -19 OM 6.680817 EM 7.172388
M -43 N -18 OM 6.724715 EM 7.172388
M -43 N -17 OM 6.769804 EM 7.172388
M -43 N -16 OM 6.816063 EM 7.172388
M -43 N -15 OM 6.863468 EM 7.172388
M -43 N -14 OM 6.911994 EM 7.172388
M -43 N -13 OM 6.961618 EM 7.172388
M -43 N -12 OM 7.012317 EM 7.172388
M -43 N -11 OM 7.064068 EM 7.172388
M -43 N -10 OM 7.116848 EM 7.172388
M -43 N -9 OM 7.170634 EM 7.172388
M -43 N -8 OM 7.225403 EM 7.172388
M -43 N -7 OM 7.250652 EM 7.225403
M -43 N -6 OM 7.199112 EM 7.250652
M -43 N -5 OM 7.148600 EM 7.250652
M -43 N -4 OM 7.099138 EM 7.250652
M -43 N -3 OM 6.240042 EM 7.250652
M -43 N -2 OM 6.168987 EM 7.250652
M -43 N -1 OM 6.098743 EM 7.250652
M -43 N 0 OM 6.029339 EM 7.250652
M -43 N 1 OM 5.960805 EM 7.250652
M -43 N 2 OM 5.893171 EM 7.250652
M -43 N 3 OM 5.826468 EM 7.250652
M -43 N 4 OM 5.760729 EM 7.250652
M -43 N 5 OM 5.695986 EM 7.250652
M -43 N 6 OM 5.632276 EM 7.250652
M -43 N 7 OM 5.569632 EM 7.250652
M -43 N 8 OM 5.508090 EM 7.250652
M -43 N 9 OM 5.447690 EM 7.250652
M -43 N 10 OM 5.388469 EM 7.250652
M -43 N 11 OM 5.330465 EM 7.250652
M -43 N 12 OM 5.273720 EM 7.250652
M -43 N 13 OM 5.218275 EM 7.250652
M -43 N 14 OM 5.164171 EM 7.250652
M -43 N 15 OM 5.111451 EM 7.250652
M -43 N 16 OM 5.060157 EM 7.250652
M -43 N 17 OM 5.010335 EM 7.250652
M -43 N 18 OM 4.962029 EM 7.250652
M -43 N 19 OM 4.915282 EM 7.250652
M -43 N 20 OM 4.870140 EM 7.250652
M -43 N 21 OM 4.826648 EM 7.250652
M -43 N 22 OM 4.784851 EM 7.250652
M -43 N 23 OM 4.744793 EM 7.250652
M -43 N 24 OM 4.706520 EM 7.250652
M -43 N 25 OM 4.670074 EM 7.250652
M -43 N 26 OM 4.635500 EM 7.250652
M -43 N 27 OM 4.602839 EM 7.250652
M -43 N 28 OM 4.572132 EM 7.250652
M -43 N 29 OM 4.535452 EM 7.250652
M -43 N 30 OM 4.479106 EM 7.250652
M -43 N 31 OM 4.424304 EM 7.250652
M -43 N 32 OM 4.371101 EM 7.250652
M -43 N 33 OM 4.319560 EM 7.250652
M -43 N 34 OM 4.269738 EM 7.250652
M -43 N 35 OM 4.221697 EM 7.250652
M -43 N 36 OM 4.175499 EM 7.250652
M -43 N 37 OM 4.131206 EM 7.250652
M -43 N 38 OM 4.088879 EM 7.250652
M -43 N 39 OM 4.048579 EM 7.250652
M -43 N 40 OM 4.010369 EM 7.250652
M -43 N 41 OM 3.974308 EM 7.250652
M -43 N 42 OM 3.940456 EM 7.250652
M -43 N 43 OM 3.908870 EM 7.250652
M -43 N 44 OM 3.879604 EM 7.250652
M -43 N 45 OM 3.852713 EM 7.250652
M -43 N 46 OM 3.828245 EM 7.250652
M -43 N 47 OM 3.806248 EM 7.250652
M -43 N 48 OM 3.786766 EM 7.250652
M -43 N 49 OM 3.769835 EM 7.250652
M -43 N 50 OM 3.755493 EM 7.250652
M -42 N -50 OM 5.868710 EM 7.250652
M -42 N -49 OM 5.892896 EM 7.250652
M -42 N -48 OM 5.918673 EM 7.250652
M -42 N -47 OM 5.946021 EM 7.250652
M -42 N -46 OM 5.974916 EM 7.250652
M -42 N -45 OM 6.005339 EM 7.250652
M -42 N -44 OM 6.037264 EM 7.250652
M -42 N -43 OM 6.070669 EM 7.250652
M -42 N -42 OM 6.105530 EM 7.250652
M -42 N -41 OM 6.141820 EM 7.250652
M -42 N -40 OM 6.163597 EM 7.250652
M -42 N -39 OM 6.177248 EM 7.250652
M -42 N -38 OM 6.192484 EM 7.250652
M -42 N -37 OM 6.209293 EM 7.250652
M -42 N -36 OM 6.227664 EM 7.250652
M -42 N -35 OM 6.247580 EM 7.250652
M -42 N -34 OM 6.269029 EM 7.250652
M -42 N -33 OM 6.291994 EM 7.250652
M -42 N -32 OM 6.316459 EM 7.250652
M -42 N -31 OM 6.342407 EM 7.250652
M -42 N -30 OM 6.369819 EM 7.250652
M -42 N -29 OM 6.398676 EM 7.250652
M -42 N -28 OM 6.428960 EM 7.250652
M -42 N -27 OM 6.460649 EM 7.250652
M -42 N -26 OM 6.493725 EM 7.250652
M -42 N -25 OM 6.528164 EM 7.250652
M -42 N -24 OM 6.563946 EM 7.250652
M -42 N -23 OM 6.601050 EM 7.250652
M -42 N -22 OM 6.639452 EM 7.250652
M -42 N -21 OM 6.679131 EM 7.250652
M -42 N -20 OM 6.720064 EM 7.250652
M -42 N -19 OM 6.762228 EM 7.250652
M -42 N -18 OM 6.805600 EM 7.250652
M -42 N -17 OM 6.850158 EM 7.250652
M -42 N -16 OM 6.895877 EM 7.250652
M -42 N -15 OM 6.942737 EM 7.250652
M -42 N -14 OM 6.990713 EM 7.250652
M -42 N -13 OM 7.039782 EM 7.250652
M -42 N -12 OM 7.089922 EM 7.250652
M -42 N -11 OM 7.141110 EM 7.250652
M -42 N -10 OM 7.193325 EM 7.250652
M -42 N -9 OM 7.246543 EM 7.250652
M -42 N -8 OM 7.300744 EM 7.250652
M -42 N -7 OM 7.329444 EM 7.300744
M -42 N -6 OM 7.278463 EM 7.329444
M -42 N -5 OM 7.228505 EM 7.329444
M -42 N -4 OM 7.179593 EM 7.329444
M -42 N -3 OM 6.310383 EM 7.329444
M -42 N -2 OM 6.240128 EM 7.329444
M -42 N -1 OM 6.170694 EM 7.329444
M -42 N 0 OM 6.102109 EM 7.329444
M -42 N 1 OM 6.034401 EM 7.329444
M -42 N 2 OM 5.967601 EM 7.329444
M -42 N 3 OM 5.901740 EM 7.329444
M -42 N 4 OM 5.836848 EM 7.329444
M -42 N 5 OM 5.772960 EM 7.329444
M -42 N 6 OM 5.710108 EM 7.329444
M -42 N 7 OM 5.648327 EM 7.329444
M -42 N 8 OM 5.587653 EM 7.329444
M -42 N 9 OM 5.528122 EM 7.329444
M -42 N 10 OM 5.469771 EM 7.329444
M -42 N 11 OM 5.412640 EM 7.329444
M -42 N 12 OM 5.356765 EM 7.329444
M -42 N 13 OM 5.302188 EM 7.329444
M -42 N 14 OM 5.248949 EM 7.329444
M -42 N 15 OM 5.197089 EM 7.329444
M -42 N 16 OM 5.146649 EM 7.329444
M -42 N 17 OM 5.097672 EM 7.329444
M -42 N 18 OM 5.050201 EM 7.329444
M -42 N 19 OM 5.004278 EM 7.329444
M -42 N 20 OM 4.959946 EM 7.329444
M -42 N 21 OM 4.917248 EM 7.329444
M -42 N 22 OM 4.876228 EM 7.329444
M -42 N 23 OM 4.836927 EM 7.329444
M -42 N 24 OM 4.799388 EM 7.329444
M -42 N 25 OM 4.763654 EM 7.329444
M -42 N 26 OM 4.729764 EM 7.329444
M -42 N 27 OM 4.677285 EM 7.329444
M -42 N 28 OM 4.618340 EM 7.329444
M -42 N 29 OM 4.560825 EM 7.329444
M -42 N 30 OM 4.504797 EM 7.329444
M -42 N 31 OM 4.450311 EM 7.329444
M -42 N 32 OM 4.397423 EM 7.329444
M -42 N 33 OM 4.346193 EM 7.329444
M -42 N 34 OM 4.296680 EM 7.329444
M -42 N 35 OM 4.248944 EM 7.329444
M -42 N 36 OM 4.203046 EM 7.329444
M -42 N 37 OM 4.159046 EM 7.329444
M -42 N 38 OM 4.117005 EM 7.329444
M -42 N 39 OM 4.076983 EM 7.329444
M -42 N 40 OM 4.039042 EM 7.329444
M -42 N 41 OM 4.003240 EM 7.329444
M -42 N 42 OM 3.969634 EM 7.329444
M -42 N 43 OM 3.938282 EM 7.329444
M -42 N 44 OM 3.909236 EM 7.329444
M -42 N 45 OM 3.882550 EM 7.329444
M -42 N 46 OM 3.858272 EM 7.329444
M -42 N 47 OM 3.836447 EM 7.329444
M -42 N 48 OM 3.817119 EM 7.329444
M -42 N 49 OM 3.800324 EM 7.329444
M -42 N 50 OM 3.786097 EM 7.329444
M -41 N -50 OM 5.965983 EM 7.329444
M -41 N -49 OM 5.989777 EM 7.329444
M -41 N -48 OM 6.015138 EM 7.329444
M -41 N -47 OM 6.042049 EM 7.329444
M -41 N -46 OM 6.070488 EM 7.329444
M -41 N -45 OM 6.100434 EM 7.329444
M -41 N -44 OM 6.131864 EM 7.329444
M -41 N -43 OM 6.164756 EM 7.329444
M -41 N -42 OM 6.199088 EM 7.329444
M -41 N -41 OM 6.234834 EM 7.329444
M -41 N -40 OM 6.253345 EM 7.329444
M -41 N -39 OM 6.266800 EM 7.329444
M -41 N -38 OM 6.281820 EM 7.329444
M -41 N -37 OM 6.298390 EM 7.329444
M -41 N -36 OM 6.316501 EM 7.329444
M -41 N -35 OM 6.336139 EM 7.329444
M -41 N -34 OM 6.357289 EM 7.329444
M -41 N -33 OM 6.379937 EM 7.329444
M -41 N -32 OM 6.404066 EM 7.329444
M -41 N -31 OM 6.429660 EM 7.329444
M -41 N -30 OM 6.456701 EM 7.329444
M -41 N -29 OM 6.485172 EM 7.329444
M -41 N -28 OM 6.515054 EM 7.329444
M -41 N -27 OM 6.546326 EM 7.329444
M -41 N -26 OM 6.578971 EM 7.329444
M -41 N -25 OM 6.612966 EM 7.329444
M -41 N -24 OM 6.648293 EM 7.329444
M -41 N -23 OM 6.684928 EM 7.329444
M -41 N -22 OM 6.722851 EM 7.329444
M -41 N -21 OM 6.762041 EM 7.329444
M -41 N -20 OM 6.802474 EM 7.329444
M -41 N -19 OM 6.844131 EM 7.329444
M -41 N -18 OM 6.886987 EM 7.329444
M -41 N -17 OM 6.931022 EM 7.329444
M -41 N -16 OM 6.976211 EM 7.329444
M -41 N -15 OM 7.022534 EM 7.329444
M -41 N -14 OM 7.069969 EM 7.329444
M -41 N -13 OM 7.118492 EM 7.329444
M -41 N -12 OM 7.168081 EM 7.329444
M -41 N -11 OM 7.218716 EM 7.329444
M -41 N -10 OM 7.270373 EM 7.329444
M -41 N -9 OM 7.323031 EM 7.329444
M -41 N -8 OM 7.376670 EM 7.329444
M -41 N -7 OM 7.408749 EM 7.376670
M -41 N -6 OM 7.358316 EM 7.408749
M -41 N -5 OM 7.308905 EM 7.408749
M -41 N -4 OM 7.260534 EM 7.408749
M -41 N -3 OM 6.381515 EM 7.408749
M -41 N -2 OM 6.312052 EM 7.408749
M -41 N -1 OM 6.243418 EM 7.408749
M -41 N 0 OM 6.175641 EM 7.408749
M -41 N 1 OM 6.108747 EM 7.408749
M -41 N 2 OM 6.042769 EM 7.408749
M -41 N 3 OM 5.977736 EM 7.408749
M -41 N 4 OM 5.913679 EM 7.408749
M -41 N 5 OM 5.850629 EM 7.408749
M -41 N 6 OM 5.788621 EM 7.408749
M -41 N 7 OM 5.727687 EM 7.408749
M -41 N 8 OM 5.667862 EM 7.408749
M -41 N 9 OM 5.609183 EM 7.408749
M -41 N 10 OM 5.551684 EM 7.408749
M -41 N 11 OM 5.495404 EM 7.408749
M -41 N 12 OM 5.440380 EM 7.408749
M -41 N 13 OM 5.386650 EM 7.408749
M -41 N 14 OM 5.334254 EM 7.408749
M -41 N 15 OM 5.283231 EM 7.408749
M -41 N 16 OM 5.233622 EM 7.408749
M -41 N 17 OM 5.185466 EM 7.408749
M -41 N 18 OM 5.138806 EM 7.408749
M -41 N 19 OM 5.093682 EM 7.408749
M -41 N 20 OM 5.050135 EM 7.408749
M -41 N 21 OM 5.008206 EM 7.408749
M -41 N 22 OM 4.967937 EM 7.408749
M -41 N 23 OM 4.929368 EM 7.408749
M -41 N 24 OM 4.887903 EM 7.408749
M -41 N 25 OM 4.825315 EM 7.408749
M -41 N 26 OM 4.764003 EM 7.408749
M -41 N 27 OM 4.704019 EM 7.408749
M -41 N 28 OM 4.645413 EM 7.408749
M -41 N 29 OM 4.588238 EM 7.408749
M -41 N 30 OM 4.532548 EM 7.408749
M -41 N 31 OM 4.478400 EM 7.408749
M -41 N 32 OM 4.425848 EM 7.408749
M -41 N 33 OM 4.374951 EM 7.408749
M -41 N 34 OM 4.325767 EM 7.408749
M -41 N 35 OM 4.278356 EM 7.408749
M -41 N 36 OM 4.232776 EM 7.408749
M -41 N 37 OM 4.189088 EM 7.408749
M -41 N 38 OM 4.147352 EM 7.408749
M -41 N 39 OM 4.107626 EM 7.408749
M -41 N 40 OM 4.069971 EM 7.408749
M -41 N 41 OM 4.034443 EM 7.408749
M -41 N 42 OM 4.001100 EM 7.408749
M -41 N 43 OM 3.969995 EM 7.408749
M -41 N 44 OM 3.941184 EM 7.408749
M -41 N 45 OM 3.914715 EM 7.408749
M -41 N 46 OM 3.890638 EM 7.408749
M -41 N 47 OM 3.868996 EM 7.408749
M -41 N 48 OM 3.849831 EM 7.408749
M -41 N 49 OM 3.833179 EM 7.408749
M -41 N 50 OM 3.819074 EM 7.408749
M -40 N -50 OM 6.063345 EM 7.408749
M -40 N -49 OM 6.086758 EM 7.408749
M -40 N -48 OM 6.111717 EM 7.408749
M -40 N -47 OM 6.138205 EM 7.408749
M -40 N -46 OM 6.166200 EM 7.408749
M -40 N -45 OM 6.195683 EM 7.408749
M -40 N -44 OM 6.226633 EM 7.408749
M -40 N -43 OM 6.259027 EM 7.408749
M -40 N -42 OM 6.292844 EM 7.408749
M -40 N -41 OM 6.328061 EM 7.408749
M -40 N -40 OM 6.343400 EM 7.408749
M -40 N -39 OM 6.356665 EM 7.408749
M -40 N -38 OM 6.371472 EM 7.408749
M -40 N -37 OM 6.387811 EM 7.408749
M -40 N -36 OM 6.405669 EM 7.408749
M -40 N -35 OM 6.425034 EM 7.408749
M -40 N -34 OM 6.445892 EM 7.408749
M -40 N -33 OM 6.468229 EM 7.408749
M -40 N -32 OM 6.492030 EM 7.408749
M -40 N -31 OM 6.517279 EM 7.408749
M -40 N -30 OM 6.543958 EM 7.408749
M -40 N -29 OM 6.572051 EM 7.408749
M -40 N -28 OM 6.601540 EM 7.408749
M -40 N -27 OM 6.632404 EM 7.408749
M -40 N -26 OM 6.664627 EM 7.408749
M -40 N -25 OM 6.698188 EM 7.408749
M -40 N -24 OM 6.733067 EM 7.408749
M -40 N -23 OM 6.769244 EM 7.408749
M -40 N -22 OM 6.806697 EM 7.408749
M -40 N -21 OM 6.845407 EM 7.408749
M -40 N -20 OM 6.885351 EM 7.408749
M -40 N -19 OM 6.926509 EM 7.408749
M -40 N -18 OM 6.968859 EM 7.408749
M -40 N -17 OM 7.012379 EM 7.408749
M -40 N -16 OM 7.057048 EM 7.408749
M -40 N -15 OM 7.102844 EM 7.408749
M -40 N -14 OM 7.149745 EM 7.408749
M -40 N -13 OM 7.197731 EM 7.408749
M -40 N -12 OM 7.246778 EM 7.408749
M -40 N -11 OM 7.296866 EM 7.408749
M -40 N -10 OM 7.347974 EM 7.408749
M -40 N -9 OM 7.400080 EM 7.408749
M -40 N -8 OM 7.453164 EM 7.408749
M -40 N -7 OM 7.477789 EM 7.453164
M -40 N -6 OM 7.438657 EM 7.477789
M -40 N -5 OM 7.389782 EM 7.477789
M -40 N -4 OM 7.341945 EM 7.477789
M -40 N -3 OM 6.453412 EM 7.477789
M -40 N -2 OM 6.384732 EM 7.477789
M -40 N -1 OM 6.316887 EM 7.477789
M -40 N 0 OM 6.249907 EM 7.477789
M -40 N 1 OM 6.183817 EM 7.477789
M -40 N 2 OM 6.118649 EM 7.477789
M -40 N 3 OM 6.054431 EM 7.477789
M -40 N 4 OM 5.991193 EM 7.477789
M -40 N 5 OM 5.928968 EM 7.477789
M -40 N 6 OM 5.867787 EM 7.477789
M -40 N 7 OM 5.807684 EM 7.477789
M -40 N 8 OM 5.748692 EM 7.477789
M -40 N 9 OM 5.690846 EM 7.477789
M -40 N 10 OM 5.634181 EM 7.477789
M -40 N 11 OM 5.578733 EM 7.477789
M -40 N 12 OM 5.524539 EM 7.477789
M -40 N 13 OM 5.471636 EM 7.477789
M -40 N 14 OM 5.420061 EM 7.477789
M -40 N 15 OM 5.369854 EM 7.477789
M -40 N 16 OM 5.321052 EM 7.477789
M -40 N 17 OM 5.273695 EM 7.477789
M -40 N 18 OM 5.227823 EM 7.477789
M -40 N 19 OM 5.183474 EM 7.477789
M -40 N 20 OM 5.140687 EM 7.477789
M -40 N 21 OM 5.099503 EM 7.477789
M -40 N 22 OM 5.043636 EM 7.477789
M -40 N 23 OM 4.978989 EM 7.477789
M -40 N 24 OM 4.915526 EM 7.477789
M -40 N 25 OM 4.853294 EM 7.477789
M -40 N 26 OM 4.792341 EM 7.477789
M -40 N 27 OM 4.732715 EM 7.477789
M -40 N 28 OM 4.674469 EM 7.477789
M -40 N 29 OM 4.617654 EM 7.477789
M -40 N 30 OM 4.562324 EM 7.477789
M -40 N 31 OM 4.508532 EM 7.477789
M -40 N 32 OM 4.456336 EM 7.477789
M -40 N 33 OM 4.405791 EM 7.477789
M -40 N 34 OM 4.356956 EM 7.477789
M -40 N 35 OM 4.309887 EM 7.477789
M -40 N 36 OM 4.264645 EM 7.477789
M -40 N 37 OM 4.221287 EM 7.477789
M -40 N 38 OM 4.179872 EM 7.477789
M -40 N 39 OM 4.140458 EM 7.477789
M -40 N 40 OM 4.103104 EM 7.477789
M -40 N 41 OM 4.067865 EM 7.477789
M -40 N 42 OM 4.034798 EM 7.477789
M -40 N 43 OM 4.003956 EM 7.477789
M -40 N 44 OM 3.975390 EM 7.477789
M -40 N 45 OM 3.949151 EM 7.477789
M -40 N 46 OM 3.925285 EM 7.477789
M -40 N 47 OM 3.903835 EM 7.477789
M -40 N 48 OM 3.884842 EM 7.477789
M -40 N 49 OM 3.868341 EM 7.477789
M -40 N 50 OM 3.854365 EM 7.477789
M -39 N -50 OM 6.100811 EM 7.477789
M -39 N -49 OM 6.149712 EM 7.477789
M -39 N -48 OM 6.199840 EM 7.477789
M -39 N -47 OM 6.234481 EM 7.477789
M -39 N -46 OM 6.262046 EM 7.477789
M -39 N -45 OM 6.291080 EM 7.477789
M -39 N -44 OM 6.321563 EM 7.477789
M -39 N -43 OM 6.353473 EM 7.477789
M -39 N -42 OM 6.386790 EM 7.477789
M -39 N -41 OM 6.421492 EM 7.477789
M -39 N -40 OM 6.433749 EM 7.477789
M -39 N -39 OM 6.446828 EM 7.477789
M -39 N -38 OM 6.461429 EM 7.477789
M -39 N -37 OM 6.477540 EM 7.477789
M -39 N -36 OM 6.495151 EM 7.477789
M -39 N -35 OM 6.514250 EM 7.477789
M -39 N -34 OM 6.534824 EM 7.477789
M -39 N -33 OM 6.556858 EM 7.477789
M -39 N -32 OM 6.580338 EM 7.477789
M -39 N -31 OM 6.605249 EM 7.477789
M -39 N -30 OM 6.631575 EM 7.477789
M -39 N -29 OM 6.659298 EM 7.477789
M -39 N -28 OM 6.688402 EM 7.477789
M -39 N -27 OM 6.718868 EM 7.477789
M -39 N -26 OM 6.750679 EM 7.477789
M -39 N -25 OM 6.783813 EM 7.477789
M -39 N -24 OM 6.818254 EM 7.477789
M -39 N -23 OM 6.853981 EM 7.477789
M -39 N -22 OM 6.890974 EM 7.477789
M -39 N -21 OM 6.929213 EM 7.477789
M -39 N -20 OM 6.968677 EM 7.477789
M -39 N -19 OM 7.009346 EM 7.477789
M -39 N -18 OM 7.051198 EM 7.477789
M -39 N -17 OM 7.094213 EM 7.477789
M -39 N -16 OM 7.138370 EM 7.477789
M -39 N -15 OM 7.183647 EM 7.477789
M -39 N -14 OM 7.230025 EM 7.477789
M -39 N -13 OM 7.277481 EM 7.477789
M -39 N -12 OM 7.325994 EM 7.477789
M -39 N -11 OM 7.375545 EM 7.477789
M -39 N -10 OM 7.426111 EM 7.477789
M -39 N -9 OM 7.477673 EM 7.477789
M -39 N -8 OM 7.526305 EM 7.477789
M -39 N -7 OM 7.538483 EM 7.526305
M -39 N -6 OM 7.519469 EM 7.538483
M -39 N -5 OM 7.471123 EM 7.538483
M -39 N -4 OM 7.423810 EM 7.538483
M -39 N -3 OM 6.526050 EM 7.538483
M -39 N -2 OM 6.458142 EM 7.538483
M -39 N -1 OM 6.391077 EM 7.538483
M -39 N 0 OM 6.324882 EM 7.538483
M -39 N 1 OM 6.259584 EM 7.538483
M -39 N 2 OM 6.195213 EM 7.538483
M -39 N 3 OM 6.131797 EM 7.538483
M -39 N 4 OM 6.069366 EM 7.538483
M -39 N 5 OM 6.007950 EM 7.538483
M -39 N 6 OM 5.947582 EM 7.538483
M -39 N 7 OM 5.888293 EM 7.538483
M -39 N 8 OM 5.830117 EM 7.538483
M -39 N 9 OM 5.773087 EM 7.538483
M -39 N 10 OM 5.717237 EM 7.538483
M -39 N 11 OM 5.662602 EM 7.538483
M -39 N 12 OM 5.609218 EM 7.538483
M -39 N 13 OM 5.557121 EM 7.538483
M -39 N 14 OM 5.506348 EM 7.538483
M -39 N 15 OM 5.456934 EM 7.538483
M -39 N 16 OM 5.408918 EM 7.538483
M -39 N 17 OM 5.362337 EM 7.538483
M -39 N 18 OM 5.317230 EM 7.538483
M -39 N 19 OM 5.271894 EM 7.538483
M -39 N 20 OM 5.204318 EM 7.538483
M -39 N 21 OM 5.137801 EM 7.538483
M -39 N 22 OM 5.072382 EM 7.538483
M -39 N 23 OM 5.008106 EM 7.538483
M -39 N 24 OM 4.945017 EM 7.538483
M -39 N 25 OM 4.883161 EM 7.538483
M -39 N 26 OM 4.822585 EM 7.538483
M -39 N 27 OM 4.763339 EM 7.538483
M -39 N 28 OM 4.705472 EM 7.538483
M -39 N 29 OM 4.649035 EM 7.538483
M -39 N 30 OM 4.594082 EM 7.538483
M -39 N 31 OM 4.540668 EM 7.538483
M -39 N 32 OM 4.488845 EM 7.538483
M -39 N 33 OM 4.438670 EM 7.538483
M -39 N 34 OM 4.390201 EM 7.538483
M -39 N 35 OM 4.343493 EM 7.538483
M -39 N 36 OM 4.298604 EM 7.538483
M -39 N 37 OM 4.255592 EM 7.538483
M -39 N 38 OM 4.214514 EM 7.538483
M -39 N 39 OM 4.175427 EM 7.538483
M -39 N 40 OM 4.138389 EM 7.538483
M -39 N 41 OM 4.103453 EM 7.538483
M -39 N 42 OM 4.070675 EM 7.538483
M -39 N 43 OM 4.040106 EM 7.538483
M -39 N 44 OM 4.011799 EM 7.538483
M -39 N 45 OM 3.985799 EM 7.538483
M -39 N 46 OM 3.962154 EM 7.538483
M -39 N 47 OM 3.940905 EM 7.538483
M -39 N 48 OM 3.922091 EM 7.538483
M -39 N 49 OM 3.905747 EM 7.538483
M -39 N 50 OM 3.891905 EM 7.538483
M -38 N -50 OM 6.050578 EM 7.538483
M -38 N -49 OM 6.099882 EM 7.538483
M -38 N -48 OM 6.150416 EM 7.538483
M -38 N -47 OM 6.202152 EM 7.538483
M -38 N -46 OM 6.255058 EM 7.538483
M -38 N -45 OM 6.309106 EM 7.538483
M -38 N -44 OM 6.364267 EM 7.538483
M -38 N -43 OM 6.420510 EM 7.538483
M -38 N -42 OM 6.477810 EM 7.538483
M -38 N -41 OM 6.512991 EM 7.538483
M -38 N -40 OM 6.524379 EM 7.538483
M -38 N -39 OM 6.537277 EM 7.538483
M -38 N -38 OM 6.551676 EM 7.538483
M -38 N -37 OM 6.567566 EM 7.538483
M -38 N -36 OM 6.584936 EM 7.538483
M -38 N -35 OM 6.603776 EM 7.538483
M -38 N -34 OM 6.624071 EM 7.538483
M -38 N -33 OM 6.645810 EM 7.538483
M -38 N -32 OM 6.668977 EM 7.538483
M -38 N -31 OM 6.693558 EM 7.538483
M -38 N -30 OM 6.719538 EM 7.538483
M -38 N -29 OM 6.746900 EM 7.538483
M -38 N -28 OM 6.775627 EM 7.538483
M -38 N -27 OM 6.805702 EM 7.538483
M -38 N -26 OM 6.837109 EM 7.538483
M -38 N -25 OM 6.869827 EM 7.538483
M -38 N -24 OM 6.903839 EM 7.538483
M -38 N -23 OM 6.939125 EM 7.538483
M -38 N -22 OM 6.975666 EM 7.538483
M -38 N -21 OM 7.013443 EM 7.538483
M -38 N -20 OM 7.052436 EM 7.538483
M -38 N -19 OM 7.092624 EM 7.538483
M -38 N -18 OM 7.133988 EM 7.538483
M -38 N -17 OM 7.176507 EM 7.538483
M -38 N -16 OM 7.220160 EM 7.538483
M -38 N -15 OM 7.264928 EM 7.538483
M -38 N -14 OM 7.310790 EM 7.538483
M -38 N -13 OM 7.357725 EM 7.538483
M -38 N -12 OM 7.405713 EM 7.538483
M -38 N -11 OM 7.454733 EM 7.538483
M -38 N -10 OM 7.504766 EM 7.538483
M -38 N -9 OM 7.555791 EM 7.538483
M -38 N -8 OM 7.587929 EM 7.555791
M -38 N -7 OM 7.600008 EM 7.587929
M -38 N -6 OM 7.600738 EM 7.600008
M -38 N -5 OM 7.552912 EM 7.600738
M -38 N -4 OM 7.506114 EM 7.600738
M -38 N -3 OM 6.599403 EM 7.600738
M -38 N -2 OM 6.532258 EM 7.600738
M -38 N -1 OM 6.465962 EM 7.600738
M -38 N 0 OM 6.400541 EM 7.600738
M -38 N 1 OM 6.336024 EM 7.600738
M -38 N 2 OM 6.272437 EM 7.600738
M -38 N 3 OM 6.209809 EM 7.600738
M -38 N 4 OM 6.148170 EM 7.600738
M -38 N 5 OM 6.087550 EM 7.600738
M -38 N 6 OM 6.027979 EM 7.600738
M -38 N 7 OM 5.969489 EM 7.600738
M -38 N 8 OM 5.912112 EM 7.600738
M -38 N 9 OM 5.855880 EM 7.600738
M -38 N 10 OM 5.800828 EM 7.600738
M -38 N 11 OM 5.746987 EM 7.600738
M -38 N 12 OM 5.694395 EM 7.600738
M -38 N 13 OM 5.643084 EM 7.600738
M -38 N 14 OM 5.593091 EM 7.600738
M -38 N 15 OM 5.544450 EM 7.600738
M -38 N 16 OM 5.497199 EM 7.600738
M -38 N 17 OM 5.438706 EM 7.600738
M -38 N 18 OM 5.369506 EM 7.600738
M -38 N 19 OM 5.301289 EM 7.600738
M -38 N 20 OM 5.234093 EM 7.600738
M -38 N 21 OM 5.167959 EM 7.600738
M -38 N 22 OM 5.102927 EM 7.600738
M -38 N 23 OM 5.039041 EM 7.600738
M -38 N 24 OM 4.976344 EM 7.600738
M -38 N 25 OM 4.914882 EM 7.600738
M -38 N 26 OM 4.854702 EM 7.600738
M -38 N 27 OM 4.795852 EM 7.600738
M -38 N 28 OM 4.738382 EM 7.600738
M -38 N 29 OM 4.682342 EM 7.600738
M -38 N 30 OM 4.627785 EM 7.600738
M -38 N 31 OM 4.574763 EM 7.600738
M -38 N 32 OM 4.523332 EM 7.600738
M -38 N 33 OM 4.473544 EM 7.600738
M -38 N 34 OM 4.425456 EM 7.600738
M -38 N 35 OM 4.379124 EM 7.600738
M -38 N 36 OM 4.334604 EM 7.600738
M -38 N 37 OM 4.291953 EM 7.600738
M -38 N 38 OM 4.251226 EM 7.600738
M -38 N 39 OM 4.212481 EM 7.600738
M -38 N 40 OM 4.175771 EM 7.600738
M -38 N 41 OM 4.141150 EM 7.600738
M -38 N 42 OM 4.108673 EM 7.600738
M -38 N 43 OM 4.078390 EM 7.600738
M -38 N 44 OM 4.050349 EM 7.600738
M -38 N 45 OM 4.024599 EM 7.600738
M -38 N 46 OM 4.001183 EM 7.600738
M -38 N 47 OM 3.980142 EM 7.600738
M -38 N 48 OM 3.961514 EM 7.600738
M -38 N 49 OM 3.945334 EM 7.600738
M -38 N 50 OM 3.931632 EM 7.600738
M -37 N -50 OM 6.001591 EM 7.600738
M -37 N -49 OM 6.051294 EM 7.600738
M -37 N -48 OM 6.102231 EM 7.600738
M -37 N -47 OM 6.154372 EM 7.600738
M -37 N -46 OM 6.207685 EM 7.600738
M -37 N -45 OM 6.262142 EM 7.600738
M -37 N -44 OM 6.317712 EM 7.600738
M -37 N -43 OM 6.374367 EM 7.600738
M -37 N -42 OM 6.432078 EM 7.600738
M -37 N -41 OM 6.490816 EM 7.600738
M -37 N -40 OM 6.550554 EM 7.600738
M -37 N -39 OM 6.611265 EM 7.600738
M -37 N -38 OM 6.642202 EM 7.600738
M -37 N -37 OM 6.657876 EM 7.600738
M -37 N -36 OM 6.675012 EM 7.600738
M -37 N -35 OM 6.693598 EM 7.600738
M -37 N -34 OM 6.713622 EM 7.600738
M -37 N -33 OM 6.735071 EM 7.600738
M -37 N -32 OM 6.757933 EM 7.600738
M -37 N -31 OM 6.782191 EM 7.600738
M -37 N -30 OM 6.807833 EM 7.600738
M -37 N -29 OM 6.834841 EM 7.600738
M -37 N -28 OM 6.863200 EM 7.600738
M -37 N -27 OM 6.892894 EM 7.600738
M -37 N -26 OM 6.923905 EM 7.600738
M -37 N -25 OM 6.956214 EM 7.600738
M -37 N -24 OM 6.989806 EM 7.600738
M -37 N -23 OM 7.024661 EM 7.600738
M -37 N -22 OM 7.060759 EM 7.600738
M -37 N -21 OM 7.098083 EM 7.600738
M -37 N -20 OM 7.136614 EM 7.600738
M -37 N -19 OM 7.176331 EM 7.600738
M -37 N -18 OM 7.217215 EM 7.600738
M -37 N -17 OM 7.259246 EM 7.600738
M -37 N -16 OM 7.302405 EM 7.600738
M -37 N -15 OM 7.346672 EM 7.600738
M -37 N -14 OM 7.392026 EM 7.600738
M -37 N -13 OM 7.438449 EM 7.600738
M -37 N -12 OM 7.485919 EM 7.600738
M -37 N -11 OM 7.534418 EM 7.600738
M -37 N -10 OM 7.583925 EM 7.600738
M -37 N -9 OM 7.634421 EM 7.600738
M -37 N -8 OM 7.650363 EM 7.634421
M -37 N -7 OM 7.662345 EM 7.650363
M -37 N -6 OM 7.675610 EM 7.662345
M -37 N -5 OM 7.635135 EM 7.675610
M -37 N -4 OM 7.588844 EM 7.675610
M -37 N -3 OM 6.673450 EM 7.675610
M -37 N -2 OM 6.607056 EM 7.675610
M -37 N -1 OM 6.541518 EM 7.675610
M -37 N 0 OM 6.476861 EM 7.675610
M -37 N 1 OM 6.413111 EM 7.675610
M -37 N 2 OM 6.350296 EM 7.675610
M -37 N 3 OM 6.288444 EM 7.675610
M -37 N 4 OM 6.227583 EM 7.675610
M -37 N 5 OM 6.167744 EM 7.675610
M -37 N 6 OM 6.108955 EM 7.675610
M -37 N 7 OM 6.051247 EM 7.675610
M -37 N 8 OM 5.994653 EM 7.675610
M -37 N 9 OM 5.939203 EM 7.675610
M -37 N 10 OM 5.884929 EM 7.675610
M -37 N 11 OM 5.831866 EM 7.675610
M -37 N 12 OM 5.780046 EM 7.675610
M -37 N 13 OM 5.729502 EM 7.675610
M -37 N 14 OM 5.680269 EM 7.675610
M -37 N 15 OM 5.609474 EM 7.675610
M -37 N 16 OM 5.538796 EM 7.675610
M -37 N 17 OM 5.469034 EM 7.675610
M -37 N 18 OM 5.400222 EM 7.675610
M -37 N 19 OM 5.332397 EM 7.675610
M -37 N 20 OM 5.265599 EM 7.675610
M -37 N 21 OM 5.199865 EM 7.675610
M -37 N 22 OM 5.135237 EM 7.675610
M -37 N 23 OM 5.071758 EM 7.675610
M -37 N 24 OM 5.009470 EM 7.675610
M -37 N 25 OM 4.948420 EM 7.675610
M -37 N 26 OM 4.888653 EM 7.675610
M -37 N 27 OM 4.830217 EM 7.675610
M -37 N 28 OM 4.773160 EM 7.675610
M -37 N 29 OM 4.717534 EM 7.675610
M -37 N 30 OM 4.663389 EM 7.675610
M -37 N 31 OM 4.610777 EM 7.675610
M -37 N 32 OM 4.559751 EM 7.675610
M -37 N 33 OM 4.510365 EM 7.675610
M -37 N 34 OM 4.462674 EM 7.675610
M -37 N 35 OM 4.416732 EM 7.675610
M -37 N 36 OM 4.372596 EM 7.675610
M -37 N 37 OM 4.330318 EM 7.675610
M -37 N 38 OM 4.289957 EM 7.675610
M -37 N 39 OM 4.251564 EM 7.675610
M -37 N 40 OM 4.215194 EM 7.675610
M -37 N 41 OM 4.180900 EM 7.675610
M -37 N 42 OM 4.148734 EM 7.675610
M -37 N 43 OM 4.118745 EM 7.675610
M -37 N 44 OM 4.090981 EM 7.675610
M -37 N 45 OM 4.065488 EM 7.675610
M -37 N 46 OM 4.042309 EM 7.675610
M -37 N 47 OM 4.021483 EM 7.675610
M -37 N 48 OM 4.003048 EM 7.675610
M -37 N 49 OM 3.987036 EM 7.675610
M -37 N 50 OM 3.973478 EM 7.675610
M -36 N -50 OM 5.953880 EM 7.675610
M -36 N -49 OM 6.003978 EM 7.675610
M -36 N -48 OM 6.055314 EM 7.675610
M -36 N -47 OM 6.107855 EM 7.675610
M -36 N -46 OM 6.161571 EM 7.675610
M -36 N -45 OM 6.216432 EM 7.675610
M -36 N -44 OM 6.272407 EM 7.675610
M -36 N -43 OM 6.329467 EM 7.675610
M -36 N -42 OM 6.387584 EM 7.675610
M -36 N -41 OM 6.446727 EM 7.675610
M -36 N -40 OM 6.506870 EM 7.675610
M -36 N -39 OM 6.567985 EM 7.675610
M -36 N -38 OM 6.630044 EM 7.675610
M -36 N -37 OM 6.693023 EM 7.675610
M -36 N -36 OM 6.756895 EM 7.675610
M -36 N -35 OM 6.783705 EM 7.675610
M -36 N -34 OM 6.803464 EM 7.675610
M -36 N -33 OM 6.824631 EM 7.675610
M -36 N -32 OM 6.847194 EM 7.675610
M -36 N -31 OM 6.871137 EM 7.675610
M -36 N -30 OM 6.896448 EM 7.675610
M -36 N -29 OM 6.923110 EM 7.675610
M -36 N -28 OM 6.951109 EM 7.675610
M -36 N -27 OM 6.980429 EM 7.675610
M -36 N -26 OM 7.011053 EM 7.675610
M -36 N -25 OM 7.042963 EM 7.675610
M -36 N -24 OM 7.076142 EM 7.675610
M -36 N -23 OM 7.110574 EM 7.675610
M -36 N -22 OM 7.146238 EM 7.675610
M -36 N -21 OM 7.183119 EM 7.675610
M -36 N -20 OM 7.221195 EM 7.675610
M -36 N -19 OM 7.260449 EM 7.675610
M -36 N -18 OM 7.300862 EM 7.675610
M -36 N -17 OM 7.342415 EM 7.675610
M -36 N -16 OM 7.385088 EM 7.675610
M -36 N -15 OM 7.428862 EM 7.675610
M -36 N -14 OM 7.473718 EM 7.675610
M -36 N -13 OM 7.519636 EM 7.675610
M -36 N -12 OM 7.566597 EM 7.675610
M -36 N -11 OM 7.614582 EM 7.675610
M -36 N -10 OM 7.663571 EM 7.675610
M -36 N -9 OM 7.702986 EM 7.675610
M -36 N -8 OM 7.713590 EM 7.702986
M -36 N -7 OM 7.725473 EM 7.713590
M -36 N -6 OM 7.738630 EM 7.725473
M -36 N -5 OM 7.717777 EM 7.738630
M -36 N -4 OM 7.671985 EM 7.738630
M -36 N -3 OM 6.748165 EM 7.738630
M -36 N -2 OM 6.682514 EM 7.738630
M -36 N -1 OM 6.617723 EM 7.738630
M -36 N 0 OM 6.553818 EM 7.738630
M -36 N 1 OM 6.490824 EM 7.738630
M -36 N 2 OM 6.428769 EM 7.738630
M -36 N 3 OM 6.367679 EM 7.738630
M -36 N 4 OM 6.307583 EM 7.738630
M -36 N 5 OM 6.248509 EM 7.738630
M -36 N 6 OM 6.190487 EM 7.738630
M -36 N 7 OM 6.133547 EM 7.738630
M -36 N 8 OM 6.077719 EM 7.738630
M -36 N 9 OM 6.023034 EM 7.738630
M -36 N 10 OM 5.969522 EM 7.738630
M -36 N 11 OM 5.917217 EM 7.738630
M -36 N 12 OM 5.856688 EM 7.738630
M -36 N 13 OM 5.783845 EM 7.738630
M -36 N 14 OM 5.711823 EM 7.738630
M -36 N 15 OM 5.640656 EM 7.738630
M -36 N 16 OM 5.570374 EM 7.738630
M -36 N 17 OM 5.501011 EM 7.738630
M -36 N 18 OM 5.432605 EM 7.738630
M -36 N 19 OM 5.365190 EM 7.738630
M -36 N 20 OM 5.298804 EM 7.738630
M -36 N 21 OM 5.233488 EM 7.738630
M -36 N 22 OM 5.169281 EM 7.738630
M -36 N 23 OM 5.106225 EM 7.738630
M -36 N 24 OM 5.044363 EM 7.738630
M -36 N 25 OM 4.983740 EM 7.738630
M -36 N 26 OM 4.924401 EM 7.738630
M -36 N 27 OM 4.866394 EM 7.738630
M -36 N 28 OM 4.809767 EM 7.738630
M -36 N 29 OM 4.754569 EM 7.738630
M -36 N 30 OM 4.700850 EM 7.738630
M -36 N 31 OM 4.648663 EM 7.738630
M -36 N 32 OM 4.598057 EM 7.738630
M -36 N 33 OM 4.549087 EM 7.738630
M -36 N 34 OM 4.501806 EM 7.738630
M -36 N 35 OM 4.456268 EM 7.738630
M -36 N 36 OM 4.412527 EM 7.738630
M -36 N 37 OM 4.370636 EM 7.738630
M -36 N 38 OM 4.330650 EM 7.738630
M -36 N 39 OM 4.292621 EM 7.738630
M -36 N 40 OM 4.256602 EM 7.738630
M -36 N 41 OM 4.222645 EM 7.738630
M -36 N 42 OM 4.190799 EM 7.738630
M -36 N 43 OM 4.161113 EM 7.738630
M -36 N 44 OM 4.133634 EM 7.738630
M -36 N 45 OM 4.108405 EM 7.738630
M -36 N 46 OM 4.085470 EM 7.738630
M -36 N 47 OM 4.064865 EM 7.738630
M -36 N 48 OM 4.046628 EM 7.738630
M -36 N 49 OM 4.030789 EM 7.738630
M -36 N 50 OM 4.017378 EM 7.738630
M -35 N -50 OM 5.907478 EM 7.738630
M -35 N -49 OM 5.957966 EM 7.738630
M -35 N -48 OM 6.009694 EM 7.738630
M -35 N -47 OM 6.062631 EM 7.738630
M -35 N -46 OM 6.116744 EM 7.738630
M -35 N -45 OM 6.172003 EM 7.738630
M -35 N -44 OM 6.228377 EM 7.738630
M -35 N -43 OM 6.285838 EM 7.738630
M -35 N -42 OM 6.344354 EM 7.738630
M -35 N -41 OM 6.403896 EM 7.738630
M -35 N -40 OM 6.464438 EM 7.738630
M -35 N -39 OM 6.525950 EM 7.738630
M -35 N -38 OM 6.588406 EM 7.738630
M -35 N -37 OM 6.651778 EM 7.738630
M -35 N -36 OM 6.716043 EM 7.738630
M -35 N -35 OM 6.781172 EM 7.738630
M -35 N -34 OM 6.893585 EM 7.738630
M -35 N -33 OM 6.914476 EM 7.738630
M -35 N -32 OM 6.936747 EM 7.738630
M -35 N -31 OM 6.960382 EM 7.738630
M -35 N -30 OM 6.985370 EM 7.738630
M -35 N -29 OM 7.011694 EM 7.738630
M -35 N -28 OM 7.039341 EM 7.738630
M -35 N -27 OM 7.068295 EM 7.738630
M -35 N -26 OM 7.098539 EM 7.738630
M -35 N -25 OM 7.130057 EM 7.738630
M -35 N -24 OM 7.162834 EM 7.738630
M -35 N -23 OM 7.196850 EM 7.738630
M -35 N -22 OM 7.232090 EM 7.738630
M -35 N -21 OM 7.268534 EM 7.738630
M -35 N -20 OM 7.306166 EM 7.738630
M -35 N -19 OM 7.344965 EM 7.738630
M -35 N -18 OM 7.384916 EM 7.738630
M -35 N -17 OM 7.425999 EM 7.738630
M -35 N -16 OM 7.468194 EM 7.738630
M -35 N -15 OM 7.511484 EM 7.738630
M -35 N -14 OM 7.555849 EM 7.738630
M -35 N -13 OM 7.601271 EM 7.738630
M -35 N -12 OM 7.647731 EM 7.738630
M -35 N -11 OM 7.695210 EM 7.738630
M -35 N -10 OM 7.743689 EM 7.738630
M -35 N -9 OM 7.767071 EM 7.743689
M -35 N -8 OM 7.777587 EM 7.767071
M -35 N -7 OM 7.789373 EM 7.777587
M -35 N -6 OM 7.802422 EM 7.789373
M -35 N -5 OM 7.800826 EM 7.802422
M -35 N -4 OM 7.755524 EM 7.802422
M -35 N -3 OM 6.823527 EM 7.802422
M -35 N -2 OM 6.758609 EM 7.802422
M -35 N -1 OM 6.694554 EM 7.802422
M -35 N 0 OM 6.631390 EM 7.802422
M -35 N 1 OM 6.569139 EM 7.802422
M -35 N 2 OM 6.507830 EM 7.802422
M -35 N 3 OM 6.447490 EM 7.802422
M -35 N 4 OM 6.388144 EM 7.802422
M -35 N 5 OM 6.329823 EM 7.802422
M -35 N 6 OM 6.272553 EM 7.802422
M -35 N 7 OM 6.216364 EM 7.802422
M -35 N 8 OM 6.161287 EM 7.802422
M -35 N 9 OM 6.107350 EM 7.802422
M -35 N 10 OM 6.035517 EM 7.802422
M -35 N 11 OM 5.961504 EM 7.802422
M -35 N 12 OM 5.888259 EM 7.802422
M -35 N 13 OM 5.815811 EM 7.802422
M -35 N 14 OM 5.744191 EM 7.802422
M -35 N 15 OM 5.673429 EM 7.802422
M -35 N 16 OM 5.603558 EM 7.802422
M -35 N 17 OM 5.534612 EM 7.802422
M -35 N 18 OM 5.466626 EM 7.802422
M -35 N 19 OM 5.399635 EM 7.802422
M -35 N 20 OM 5.333679 EM 7.802422
M -35 N 21 OM 5.268795 EM 7.802422
M -35 N 22 OM 5.205023 EM 7.802422
M -35 N 23 OM 5.142405 EM 7.802422
M -35 N 24 OM 5.080984 EM 7.802422
M -35 N 25 OM 5.020803 EM 7.802422
M -35 N 26 OM 4.961908 EM 7.802422
M -35 N 27 OM 4.904345 EM 7.802422
M -35 N 28 OM 4.848161 EM 7.802422
M -35 N 29 OM 4.793405 EM 7.802422
M -35 N 30 OM 4.740126 EM 7.802422
M -35 N 31 OM 4.688375 EM 7.802422
M -35 N 32 OM 4.638203 EM 7.802422
M -35 N 33 OM 4.589662 EM 7.802422
M -35 N 34 OM 4.542803 EM 7.802422
M -35 N 35 OM 4.497680 EM 7.802422
M -35 N 36 OM 4.454346 EM 7.802422
M -35 N 37 OM 4.412852 EM 7.802422
M -35 N 38 OM 4.373251 EM 7.802422
M -35 N 39 OM 4.335596 EM 7.802422
M -35 N 40 OM 4.299937 EM 7.802422
M -35 N 41 OM 4.266325 EM 7.802422
M -35 N 42 OM 4.234807 EM 7.802422
M -35 N 43 OM 4.205432 EM 7.802422
M -35 N 44 OM 4.178245 EM 7.802422
M -35 N 45 OM 4.153287 EM 7.802422
M -35 N 46 OM 4.130600 EM 7.802422
M -35 N 47 OM 4.110222 EM 7.802422
M -35 N 48 OM 4.092187 EM 7.802422
M -35 N 49 OM 4.076526 EM 7.802422
M -35 N 50 OM 4.063266 EM 7.802422
M -34 N -50 OM 5.862413 EM 7.802422
M -34 N -49 OM 5.913287 EM 7.802422
M -34 N -48 OM 5.965402 EM 7.802422
M -34 N -47 OM 6.018728 EM 7.802422
M -34 N -46 OM 6.073233 EM 7.802422
M -34 N -45 OM 6.128884 EM 7.802422
M -34 N -44 OM 6.185652 EM 7.802422
M -34 N -43 OM 6.243505 EM 7.802422
M -34 N -42 OM 6.302414 EM 7.802422
M -34 N -41 OM 6.362350 EM 7.802422
M -34 N -40 OM 6.423282 EM 7.802422
M -34 N -39 OM 6.485185 EM 7.802422
M -34 N -38 OM 6.548030 EM 7.802422
M -34 N -37 OM 6.611789 EM 7.802422
M -34 N -36 OM 6.676438 EM 7.802422
M -34 N -35 OM 6.741951 EM 7.802422
M -34 N -34 OM 6.983976 EM 7.802422
M -34 N -33 OM 7.004598 EM 7.802422
M -34 N -32 OM 7.026582 EM 7.802422
M -34 N -31 OM 7.049916 EM 7.802422
M -34 N -30 OM 7.074587 EM 7.802422
M -34 N -29 OM 7.100581 EM 7.802422
M -34 N -28 OM 7.127883 EM 7.802422
M -34 N -27 OM 7.156479 EM 7.802422
M -34 N -26 OM 7.186352 EM 7.802422
M -34 N -25 OM 7.217487 EM 7.802422
M -34 N -24 OM 7.249868 EM 7.802422
M -34 N -23 OM 7.283478 EM 7.802422
M -34 N -22 OM 7.318300 EM 7.802422
M -34 N -21 OM 7.354318 EM 7.802422
M -34 N -20 OM 7.391512 EM 7.802422
M -34 N -19 OM 7.429867 EM 7.802422
M -34 N -18 OM 7.469363 EM 7.802422
M -34 N -17 OM 7.509984 EM 7.802422
M -34 N -16 OM 7.551710 EM 7.802422
M -34 N -15 OM 7.594523 EM 7.802422
M -34 N -14 OM 7.638407 EM 7.802422
M -34 N -13 OM 7.683341 EM 7.802422
M -34 N -12 OM 7.729307 EM 7.802422
M -34 N -11 OM 7.776288 EM 7.802422
M -34 N -10 OM 7.822744 EM 7.802422
M -34 N -9 OM 7.831909 EM 7.822744
M -34 N -8 OM 7.842338 EM 7.831909
M -34 N -7 OM 7.854026 EM 7.842338
M -34 N -6 OM 7.866969 EM 7.854026
M -34 N -5 OM 7.881159 EM 7.866969
M -34 N -4 OM 7.839448 EM 7.881159
M -34 N -3 OM 6.899517 EM 7.881159
M -34 N -2 OM 6.835320 EM 7.881159
M -34 N -1 OM 6.771991 EM 7.881159
M -34 N 0 OM 6.709555 EM 7.881159
M -34 N 1 OM 6.648037 EM 7.881159
M -34 N 2 OM 6.587462 EM 7.881159
M -34 N 3 OM 6.527858 EM 7.881159
M -34 N 4 OM 6.469250 EM 7.881159
M -34 N 5 OM 6.411666 EM 7.881159
M -34 N 6 OM 6.355134 EM 7.881159
M -34 N 7 OM 6.299682 EM 7.881159
M -34 N 8 OM 6.245339 EM 7.881159
M -34 N 9 OM 6.192134 EM 7.881159
M -34 N 10 OM 6.067805 EM 7.881159
M -34 N 11 OM 5.994191 EM 7.881159
M -34 N 12 OM 5.921350 EM 7.881159
M -34 N 13 OM 5.849313 EM 7.881159
M -34 N 14 OM 5.778108 EM 7.881159
M -34 N 15 OM 5.707766 EM 7.881159
M -34 N 16 OM 5.638321 EM 7.881159
M -34 N 17 OM 5.569805 EM 7.881159
M -34 N 18 OM 5.502254 EM 7.881159
M -34 N 19 OM 5.435702 EM 7.881159
M -34 N 20 OM 5.370189 EM 7.881159
M -34 N 21 OM 5.305751 EM 7.881159
M -34 N 22 OM 5.242429 EM 7.881159
M -34 N 23 OM 5.180264 EM 7.881159
M -34 N 24 OM 5.119296 EM 7.881159
M -34 N 25 OM 5.059571 EM 7.881159
M -34 N 26 OM 5.001132 EM 7.881159
M -34 N 27 OM 4.944026 EM 7.881159
M -34 N 28 OM 4.888299 EM 7.881159
M -34 N 29 OM 4.833997 EM 7.881159
M -34 N 30 OM 4.781171 EM 7.881159
M -34 N 31 OM 4.729869 EM 7.881159
M -34 N 32 OM 4.680142 EM 7.881159
M -34 N 33 OM 4.632040 EM 7.881159
M -34 N 34 OM 4.585615 EM 7.881159
M -34 N 35 OM 4.540917 EM 7.881159
M -34 N 36 OM 4.497999 EM 7.881159
M -34 N 37 OM 4.456912 EM 7.881159
M -34 N 38 OM 4.417706 EM 7.881159
M -34 N 39 OM 4.380433 EM 7.881159
M -34 N 40 OM 4.345142 EM 7.881159
M -34 N 41 OM 4.311882 EM 7.881159
M -34 N 42 OM 4.280700 EM 7.881159
M -34 N 43 OM 4.251642 EM 7.881159
M -34 N 44 OM 4.224752 EM 7.881159
M -34 N 45 OM 4.200071 EM 7.881159
M -34 N 46 OM 4.177638 EM 7.881159
M -34 N 47 OM 4.157491 EM 7.881159
M -34 N 48 OM 4.139661 EM 7.881159
M -34 N 49 OM 4.124180 EM 7.881159
M -34 N 50 OM 4.111074 EM 7.881159
M -33 N -50 OM 5.818719 EM 7.881159
M -33 N -49 OM 5.869971 EM 7.881159
M -33 N -48 OM 5.922468 EM 7.881159
M -33 N -47 OM 5.976177 EM 7.881159
M -33 N -46 OM 6.031066 EM 7.881159
M -33 N -45 OM 6.087103 EM 7.881159
M -33 N -44 OM 6.144257 EM 7.881159
M -33 N -43 OM 6.202496 EM 7.881159
M -33 N -42 OM 6.261791 EM 7.881159
M -33 N -41 OM 6.322111 EM 7.881159
M -33 N -40 OM 6.383428 EM 7.881159
M -33 N -39 OM 6.445713 EM 7.881159
M -33 N -38 OM 6.508939 EM 7.881159
M -33 N -37 OM 6.573078 EM 7.881159
M -33 N -36 OM 6.638104 EM 7.881159
M -33 N -35 OM 6.703991 EM 7.881159
M -33 N -34 OM 7.074625 EM 7.881159
M -33 N -33 OM 7.094983 EM 7.881159
M -33 N -32 OM 7.116688 EM 7.881159
M -33 N -31 OM 7.139728 EM 7.881159
M -33 N -30 OM 7.164090 EM 7.881159
M -33 N -29 OM 7.189760 EM 7.881159
M -33 N -28 OM 7.216725 EM 7.881159
M -33 N -27 OM 7.244970 EM 7.881159
M -33 N -26 OM 7.274480 EM 7.881159
M -33 N -25 OM 7.305239 EM 7.881159
M -33 N -24 OM 7.337233 EM 7.881159
M -33 N -23 OM 7.370445 EM 7.881159
M -33 N -22 OM 7.404858 EM 7.881159
M -33 N -21 OM 7.440456 EM 7.881159
M -33 N -20 OM 7.477222 EM 7.881159
M -33 N -19 OM 7.515140 EM 7.881159
M -33 N -18 OM 7.554190 EM 7.881159
M -33 N -17 OM 7.594357 EM 7.881159
M -33 N -16 OM 7.635622 EM 7.881159
M -33 N -15 OM 7.677968 EM 7.881159
M -33 N -14 OM 7.721376 EM 7.881159
M -33 N -13 OM 7.765831 EM 7.881159
M -33 N -12 OM 7.811311 EM 7.881159
M -33 N -11 OM 7.857802 EM 7.881159
M -33 N -10 OM 7.888392 EM 7.881159
M -33 N -9 OM 7.897480 EM 7.888392
M -33 N -8 OM 7.907823 EM 7.897480
M -33 N -7 OM 7.919415 EM 7.907823
M -33 N -6 OM 7.932250 EM 7.919415
M -33 N -5 OM 7.946324 EM 7.932250
M -33 N -4 OM 7.923746 EM 7.946324
M -33 N -3 OM 6.976111 EM 7.946324
M -33 N -2 OM 6.912626 EM 7.946324
M -33 N -1 OM 6.850012 EM 7.946324
M -33 N 0 OM 6.788294 EM 7.946324
M -33 N 1 OM 6.727495 EM 7.946324
M -33 N 2 OM 6.667643 EM 7.946324
M -33 N 3 OM 6.608761 EM 7.946324
M -33 N 4 OM 6.550878 EM 7.946324
M -33 N 5 OM 6.494018 EM 7.946324
M -33 N 6 OM 6.438209 EM 7.946324
M -33 N 7 OM 6.383478 EM 7.946324
M -33 N 8 OM 6.329855 EM 7.946324
M -33 N 9 OM 6.277367 EM 7.946324
M -33 N 10 OM 6.101562 EM 7.946324
M -33 N 11 OM 6.028360 EM 7.946324
M -33 N 12 OM 5.955938 EM 7.946324
M -33 N 13 OM 5.884323 EM 7.946324
M -33 N 14 OM 5.813547 EM 7.946324
M -33 N 15 OM 5.743639 EM 7.946324
M -33 N 16 OM 5.674633 EM 7.946324
M -33 N 17 OM 5.606561 EM 7.946324
M -33 N 18 OM 5.539458 EM 7.946324
M -33 N 19 OM 5.473360 EM 7.946324
M -33 N 20 OM 5.408302 EM 7.946324
M -33 N 21 OM 5.344324 EM 7.946324
M -33 N 22 OM 5.281464 EM 7.946324
M -33 N 23 OM 5.219763 EM 7.946324
M -33 N 24 OM 5.159263 EM 7.946324
M -33 N 25 OM 5.100006 EM 7.946324
M -33 N 26 OM 5.042036 EM 7.946324
M -33 N 27 OM 4.985398 EM 7.946324
M -33 N 28 OM 4.930138 EM 7.946324
M -33 N 29 OM 4.876303 EM 7.946324
M -33 N 30 OM 4.823940 EM 7.946324
M -33 N 31 OM 4.773098 EM 7.946324
M -33 N 32 OM 4.723825 EM 7.946324
M -33 N 33 OM 4.676173 EM 7.946324
M -33 N 34 OM 4.630190 EM 7.946324
M -33 N 35 OM 4.585927 EM 7.946324
M -33 N 36 OM 4.543434 EM 7.946324
M -33 N 37 OM 4.502761 EM 7.946324
M -33 N 38 OM 4.463959 EM 7.946324
M -33 N 39 OM 4.427075 EM 7.946324
M -33 N 40 OM 4.392159 EM 7.946324
M -33 N 41 OM 4.359258 EM 7.946324
M -33 N 42 OM 4.328417 EM 7.946324
M -33 N 43 OM 4.299682 EM 7.946324
M -33 N 44 OM 4.273093 EM 7.946324
M -33 N 45 OM 4.248693 EM 7.946324
M -33 N 46 OM 4.226519 EM 7.946324
M -33 N 47 OM 4.206605 EM 7.946324
M -33 N 48 OM 4.188985 EM 7.946324
M -33 N 49 OM 4.173687 EM 7.946324
M -33 N 50 OM 4.160737 EM 7.946324
M -32 N -50 OM 5.776425 EM 7.946324
M -32 N -49 OM 5.828049 EM 7.946324
M -32 N -48 OM 5.880920 EM 7.946324
M -32 N -47 OM 5.935005 EM 7.946324
M -32 N -46 OM 5.990272 EM 7.946324
M -32 N -45 OM 6.046687 EM 7.946324
M -32 N -44 OM 6.104219 EM 7.946324
M -32 N -43 OM 6.162837 EM 7.946324
M -32 N -42 OM 6.222510 EM 7.946324
M -32 N -41 OM 6.283207 EM 7.946324
M -32 N -40 OM 6.344900 EM 7.946324
M -32 N -39 OM 6.407560 EM 7.946324
M -32 N -38 OM 6.471159 EM 7.946324
M -32 N -37 OM 6.535668 EM 7.946324
M -32 N -36 OM 6.601062 EM 7.946324
M -32 N -35 OM 6.667315 EM 7.946324
M -32 N -34 OM 7.165523 EM 7.946324
M -32 N -33 OM 7.185624 EM 7.946324
M -32 N -32 OM 7.207056 EM 7.946324
M -32 N -31 OM 7.229808 EM 7.946324
M -32 N -30 OM 7.253867 EM 7.946324
M -32 N -29 OM 7.279221 EM 7.946324
M -32 N -28 OM 7.305855 EM 7.946324
M -32 N -27 OM 7.333756 EM 7.946324
M -32 N -26 OM 7.362911 EM 7.946324
M -32 N -25 OM 7.393302 EM 7.946324
M -32 N -24 OM 7.424917 EM 7.946324
M -32 N -23 OM 7.457738 EM 7.946324
M -32 N -22 OM 7.491750 EM 7.946324
M -32 N -21 OM 7.526937 EM 7.946324
M -32 N -20 OM 7.563283 EM 7.946324
M -32 N -19 OM 7.600771 EM 7.946324
M -32 N -18 OM 7.639384 EM 7.946324
M -32 N -17 OM 7.679105 EM 7.946324
M -32 N -16 OM 7.719917 EM 7.946324
M -32 N -15 OM 7.761803 EM 7.946324
M -32 N -14 OM 7.804745 EM 7.946324
M -32 N -13 OM 7.848727 EM 7.946324
M -32 N -12 OM 7.893731 EM 7.946324
M -32 N -11 OM 7.939739 EM 7.946324
M -32 N -10 OM 7.954755 EM 7.946324
M -32 N -9 OM 7.963768 EM 7.954755
M -32 N -8 OM 7.974024 EM 7.963768
M -32 N -7 OM 7.985520 EM 7.974024
M -32 N -6 OM 7.998250 EM 7.985520
M -32 N -5 OM 8.012207 EM 7.998250
M -32 N -4 OM 8.008405 EM 8.012207
M -32 N -3 OM 7.053292 EM 8.012207
M -32 N -2 OM 6.990508 EM 8.012207
M -32 N -1 OM 6.928597 EM 8.012207
M -32 N 0 OM 6.867585 EM 8.012207
M -32 N 1 OM 6.807495 EM 8.012207
M -32 N 2 OM 6.748353 EM 8.012207
M -32 N 3 OM 6.690181 EM 8.012207
M -32 N 4 OM 6.633008 EM 8.012207
M -32 N 5 OM 6.576858 EM 8.012207
M -32 N 6 OM 6.521758 EM 8.012207
M -32 N 7 OM 6.467735 EM 8.012207
M -32 N 8 OM 6.414816 EM 8.012207
M -32 N 9 OM 6.363028 EM 8.012207
M -32 N 10 OM 6.136763 EM 8.012207
M -32 N 11 OM 6.063986 EM 8.012207
M -32 N 12 OM 5.991994 EM 8.012207
M -32 N 13 OM 5.920816 EM 8.012207
M -32 N 14 OM 5.850481 EM 8.012207
M -32 N 15 OM 5.781020 EM 8.012207
M -32 N 16 OM 5.712466 EM 8.012207
M -32 N 17 OM 5.644850 EM 8.012207
M -32 N 18 OM 5.578207 EM 8.012207
M -32 N 19 OM 5.512573 EM 8.012207
M -32 N 20 OM 5.447984 EM 8.012207
M -32 N 21 OM 5.384477 EM 8.012207
M -32 N 22 OM 5.322092 EM 8.012207
M -32 N 23 OM 5.260868 EM 8.012207
M -32 N 24 OM 5.200846 EM 8.012207
M -32 N 25 OM 5.142068 EM 8.012207
M -32 N 26 OM 5.084578 EM 8.012207
M -32 N 27 OM 5.028419 EM 8.012207
M -32 N 28 OM 4.973637 EM 8.012207
M -32 N 29 OM 4.920277 EM 8.012207
M -32 N 30 OM 4.868387 EM 8.012207
M -32 N 31 OM 4.818014 EM 8.012207
M -32 N 32 OM 4.769206 EM 8.012207
M -32 N 33 OM 4.722012 EM 8.012207
M -32 N 34 OM 4.676479 EM 8.012207
M -32 N 35 OM 4.632659 EM 8.012207
M -32 N 36 OM 4.590598 EM 8.012207
M -32 N 37 OM 4.550347 EM 8.012207
M -32 N 38 OM 4.511954 EM 8.012207
M -32 N 39 OM 4.475466 EM 8.012207
M -32 N 40 OM 4.440930 EM 8.012207
M -32 N 41 OM 4.408393 EM 8.012207
M -32 N 42 OM 4.377898 EM 8.012207
M -32 N 43 OM 4.349490 EM 8.012207
M -32 N 44 OM 4.323208 EM 8.012207
M -32 N 45 OM 4.299092 EM 8.012207
M -32 N 46 OM 4.277179 EM 8.012207
M -32 N 47 OM 4.257503 EM 8.012207
M -32 N 48 OM 4.240094 EM 8.012207
M -32 N 49 OM 4.224980 EM 8.012207
M -32 N 50 OM 4.212188 EM 8.012207
M -31 N -50 OM 5.735564 EM 8.012207
M -31 N -49 OM 5.787552 EM 8.012207
M -31 N -48 OM 5.840789 EM 8.012207
M -31 N -47 OM 5.895243 EM 8.012207
M -31 N -46 OM 5.950879 EM 8.012207
M -31 N -45 OM 6.007664 EM 8.012207
M -31 N -44 OM 6.065566 EM 8.012207
M -31 N -43 OM 6.124553 EM 8.012207
M -31 N -42 OM 6.184596 EM 8.012207
M -31 N -41 OM 6.245662 EM 8.012207
M -31 N -40 OM 6.307722 EM 8.012207
M -31 N -39 OM 6.370747 EM 8.012207
M -31 N -38 OM 6.434710 EM 8.012207
M -31 N -37 OM 6.499581 EM 8.012207
M -31 N -36 OM 6.565335 EM 8.012207
M -31 N -35 OM 6.631945 EM 8.012207
M -31 N -34 OM 7.256661 EM 8.012207
M -31 N -33 OM 7.276510 EM 8.012207
M -31 N -32 OM 7.297675 EM 8.012207
M -31 N -31 OM 7.320145 EM 8.012207
M -31 N -30 OM 7.343909 EM 8.012207
M -31 N -29 OM 7.368952 EM 8.012207
M -31 N -28 OM 7.395264 EM 8.012207
M -31 N -27 OM 7.422829 EM 8.012207
M -31 N -26 OM 7.451635 EM 8.012207
M -31 N -25 OM 7.481666 EM 8.012207
M -31 N -24 OM 7.512908 EM 8.012207
M -31 N -23 OM 7.545347 EM 8.012207
M -31 N -22 OM 7.578966 EM 8.012207
M -31 N -21 OM 7.613750 EM 8.012207
M -31 N -20 OM 7.649684 EM 8.012207
M -31 N -19 OM 7.686750 EM 8.012207
M -31 N -18 OM 7.724933 EM 8.012207
M -31 N -17 OM 7.764217 EM 8.012207
M -31 N -16 OM 7.804584 EM 8.012207
M -31 N -15 OM 7.846018 EM 8.012207
M -31 N -14 OM 7.888502 EM 8.012207
M -31 N -13 OM 7.932019 EM 8.012207
M -31 N -12 OM 7.976552 EM 8.012207
M -31 N -11 OM 8.014116 EM 8.012207
M -31 N -10 OM 8.021816 EM 8.014116
M -31 N -9 OM 8.030753 EM 8.021816
M -31 N -8 OM 8.040924 EM 8.030753
M -31 N -7 OM 8.052325 EM 8.040924
M -31 N -6 OM 8.064949 EM 8.052325
M -31 N -5 OM 8.078792 EM 8.064949
M -31 N -4 OM 8.093414 EM 8.078792
M -31 N -3 OM 7.131040 EM 8.093414
M -31 N -2 OM 7.068946 EM 8.093414
M -31 N -1 OM 7.007729 EM 8.093414
M -31 N 0 OM 6.947412 EM 8.093414
M -31 N 1 OM 6.888018 EM 8.093414
M -31 N 2 OM 6.829573 EM 8.093414
M -31 N 3 OM 6.772099 EM 8.093414
M -31 N 4 OM 6.715623 EM 8.093414
M -31 N 5 OM 6.660170 EM 8.093414
M -31 N 6 OM 6.605765 EM 8.093414
M -31 N 7 OM 6.552434 EM 8.093414
M -31 N 8 OM 6.500205 EM 8.093414
M -31 N 9 OM 6.449103 EM 8.093414
M -31 N 10 OM 6.173384 EM 8.093414
M -31 N 11 OM 6.101043 EM 8.093414
M -31 N 12 OM 6.029494 EM 8.093414
M -31 N 13 OM 5.958763 EM 8.093414
M -31 N 14 OM 5.888882 EM 8.093414
M -31 N 15 OM 5.819879 EM 8.093414
M -31 N 16 OM 5.751788 EM 8.093414
M -31 N 17 OM 5.684639 EM 8.093414
M -31 N 18 OM 5.618469 EM 8.093414
M -31 N 19 OM 5.553311 EM 8.093414
M -31 N 20 OM 5.489201 EM 8.093414
M -31 N 21 OM 5.426177 EM 8.093414
M -31 N 22 OM 5.364276 EM 8.093414
M -31 N 23 OM 5.303539 EM 8.093414
M -31 N 24 OM 5.244006 EM 8.093414
M -31 N 25 OM 5.185717 EM 8.093414
M -31 N 26 OM 5.128716 EM 8.093414
M -31 N 27 OM 5.073046 EM 8.093414
M -31 N 28 OM 5.018751 EM 8.093414
M -31 N 29 OM 4.965876 EM 8.093414
M -31 N 30 OM 4.914468 EM 8.093414
M -31 N 31 OM 4.864572 EM 8.093414
M -31 N 32 OM 4.816236 EM 8.093414
M -31 N 33 OM 4.769507 EM 8.093414
M -31 N 34 OM 4.724432 EM 8.093414
M -31 N 35 OM 4.681061 EM 8.093414
M -31 N 36 OM 4.639439 EM 8.093414
M -31 N 37 OM 4.599616 EM 8.093414
M -31 N 38 OM 4.561636 EM 8.093414
M -31 N 39 OM 4.525549 EM 8.093414
M -31 N 40 OM 4.491398 EM 8.093414
M -31 N 41 OM 4.459229 EM 8.093414
M -31 N 42 OM 4.429085 EM 8.093414
M -31 N 43 OM 4.401007 EM 8.093414
M -31 N 44 OM 4.375035 EM 8.093414
M -31 N 45 OM 4.351206 EM 8.093414
M -31 N 46 OM 4.329557 EM 8.093414
M -31 N 47 OM 4.310120 EM 8.093414
M -31 N 48 OM 4.292924 EM 8.093414
M -31 N 49 OM 4.277997 EM 8.093414
M -31 N 50 OM 4.265364 EM 8.093414
M -30 N -50 OM 5.696165 EM 8.093414
M -30 N -49 OM 5.748509 EM 8.093414
M -30 N -48 OM 5.802105 EM 8.093414
M -30 N -47 OM 5.856918 EM 8.093414
M -30 N -46 OM 5.912914 EM 8.093414
M -30 N -45 OM 5.970061 EM 8.093414
M -30 N -44 OM 6.028324 EM 8.093414
M -30 N -43 OM 6.087672 EM 8.093414
M -30 N -42 OM 6.148075 EM 8.093414
M -30 N -41 OM 6.209500 EM 8.093414
M -30 N -40 OM 6.271918 EM 8.093414
M -30 N -39 OM 6.335299 EM 8.093414
M -30 N -38 OM 6.399617 EM 8.093414
M -30 N -37 OM 6.464840 EM 8.093414
M -30 N -36 OM 6.530943 EM 8.093414
M -30 N -35 OM 6.597901 EM 8.093414
M -30 N -34 OM 7.348028 EM 8.093414
M -30 N -33 OM 7.367631 EM 8.093414
M -30 N -32 OM 7.388535 EM 8.093414
M -30 N -31 OM 7.410730 EM 8.093414
M -30 N -30 OM 7.434204 EM 8.093414
M -30 N -29 OM 7.458944 EM 8.093414
M -30 N -28 OM 7.484940 EM 8.093414
M -30 N -27 OM 7.512176 EM 8.093414
M -30 N -26 OM 7.540640 EM 8.093414
M -30 N -25 OM 7.570318 EM 8.093414
M -30 N -24 OM 7.601196 EM 8.093414
M -30 N -23 OM 7.633260 EM 8.093414
M -30 N -22 OM 7.666493 EM 8.093414
M -30 N -21 OM 7.700882 EM 8.093414
M -30 N -20 OM 7.736411 EM 8.093414
M -30 N -19 OM 7.773064 EM 8.093414
M -30 N -18 OM 7.810825 EM 8.093414
M -30 N -17 OM 7.849679 EM 8.093414
M -30 N -16 OM 7.889608 EM 8.093414
M -30 N -15 OM 7.930598 EM 8.093414
M -30 N -14 OM 7.972631 EM 8.093414
M -30 N -13 OM 8.015692 EM 8.093414
M -30 N -12 OM 8.059763 EM 8.093414
M -30 N -11 OM 8.081922 EM 8.093414
M -30 N -10 OM 8.089557 EM 8.093414
M -30 N -9 OM 8.098419 EM 8.093414
M -30 N -8 OM 8.108505 EM 8.098419
M -30 N -7 OM 8.119811 EM 8.108505
M -30 N -6 OM 8.132330 EM 8.119811
M -30 N -5 OM 8.137506 EM 8.132330
M -30 N -4 OM 8.143530 EM 8.137506
M -30 N -3 OM 7.209336 EM 8.143530
M -30 N -2 OM 7.147922 EM 8.143530
M -30 N -1 OM 7.087387 EM 8.143530
M -30 N 0 OM 7.027754 EM 8.143530
M -30 N 1 OM 6.969045 EM 8.143530
M -30 N 2 OM 6.911285 EM 8.143530
M -30 N 3 OM 6.854496 EM 8.143530
M -30 N 4 OM 6.798705 EM 8.143530
M -30 N 5 OM 6.743935 EM 8.143530
M -30 N 6 OM 6.690211 EM 8.143530
M -30 N 7 OM 6.637559 EM 8.143530
M -30 N 8 OM 6.586005 EM 8.143530
M -30 N 9 OM 6.535574 EM 8.143530
M -30 N 10 OM 6.211398 EM 8.143530
M -30 N 11 OM 6.139505 EM 8.143530
M -30 N 12 OM 6.068409 EM 8.143530
M -30 N 13 OM 5.998138 EM 8.143530
M -30 N 14 OM 5.928720 EM 8.143530
M -30 N 15 OM 5.860188 EM 8.143530
M -30 N 16 OM 5.792570 EM 8.143530
M -30 N 17 OM 5.725900 EM 8.143530
M -30 N 18 OM 5.660212 EM 8.143530
M -30 N 19 OM 5.595540 EM 8.143530
M -30 N 20 OM 5.531919 EM 8.143530
M -30 N 21 OM 5.469387 EM 8.143530
M -30 N 22 OM 5.407981 EM 8.143530
M -30 N 23 OM 5.347741 EM 8.143530
M -30 N 24 OM 5.288704 EM 8.143530
M -30 N 25 OM 5.230914 EM 8.143530
M -30 N 26 OM 5.174411 EM 8.143530
M -30 N 27 OM 5.119238 EM 8.143530
M -30 N 28 OM 5.065438 EM 8.143530
M -30 N 29 OM 5.013056 EM 8.143530
M -30 N 30 OM 4.962136 EM 8.143530
M -30 N 31 OM 4.912724 EM 8.143530
M -30 N 32 OM 4.864867 EM 8.143530
M -30 N 33 OM 4.818609 EM 8.143530
M -30 N 34 OM 4.773998 EM 8.143530
M -30 N 35 OM 4.731081 EM 8.143530
M -30 N 36 OM 4.689903 EM 8.143530
M -30 N 37 OM 4.650512 EM 8.143530
M -30 N 38 OM 4.612952 EM 8.143530
M -30 N 39 OM 4.577269 EM 8.143530
M -30 N 40 OM 4.543508 EM 8.143530
M -30 N 41 OM 4.511710 EM 8.143530
M -30 N 42 OM 4.481919 EM 8.143530
M -30 N 43 OM 4.454174 EM 8.143530
M -30 N 44 OM 4.428513 EM 8.143530
M -30 N 45 OM 4.404974 EM 8.143530
M -30 N 46 OM 4.383590 EM 8.143530
M -30 N 47 OM 4.364393 EM 8.143530
M -30 N 48 OM 4.347412 EM 8.143530
M -30 N 49 OM 4.332674 EM 8.143530
M -30 N 50 OM 4.320200 EM 8.143530
M -29 N -50 OM 5.658259 EM 8.143530
M -29 N -49 OM 5.710950 EM 8.143530
M -29 N -48 OM 5.764896 EM 8.143530
M -29 N -47 OM 5.820059 EM 8.143530
M -29 N -46 OM 5.876407 EM 8.143530
M -29 N -45 OM 5.933905 EM 8.143530
M -29 N -44 OM 5.992519 EM 8.143530
M -29 N -43 OM 6.052219 EM 8.143530
M -29 N -42 OM 6.112972 EM 8.143530
M -29 N -41 OM 6.174746 EM 8.143530
M -29 N -40 OM 6.237512 EM 8.143530
M -29 N -39 OM 6.301239 EM 8.143530
M -29 N -38 OM 6.365901 EM 8.143530
M -29 N -37 OM 6.431466 EM 8.143530
M -29 N -36 OM 6.497909 EM 8.143530
M -29 N -35 OM 6.565203 EM 8.143530
M -29 N -34 OM 7.439619 EM 8.143530
M -29 N -33 OM 7.458981 EM 8.143530
M -29 N -32 OM 7.479630 EM 8.143530
M -29 N -31 OM 7.501554 EM 8.143530
M -29 N -30 OM 7.524745 EM 8.143530
M -29 N -29 OM 7.549189 EM 8.143530
M -29 N -28 OM 7.574874 EM 8.143530
M -29 N -27 OM 7.601789 EM 8.143530
M -29 N -26 OM 7.629919 EM 8.143530
M -29 N -25 OM 7.659251 EM 8.143530
M -29 N -24 OM 7.689772 EM 8.143530
M -29 N -23 OM 7.721467 EM 8.143530
M -29 N -22 OM 7.754323 EM 8.143530
M -29 N -21 OM 7.788324 EM 8.143530
M -29 N -20 OM 7.823456 EM 8.143530
M -29 N -19 OM 7.859703 EM 8.143530
M -29 N -18 OM 7.897049 EM 8.143530
M -29 N -17 OM 7.935481 EM 8.143530
M -29 N -16 OM 7.974981 EM 8.143530
M -29 N -15 OM 8.015534 EM 8.143530
M -29 N -14 OM 8.057124 EM 8.143530
M -29 N -13 OM 8.099736 EM 8.143530
M -29 N -12 OM 8.143353 EM 8.143530
M -29 N -11 OM 8.150391 EM 8.143530
M -29 N -10 OM 8.157961 EM 8.150391
M -29 N -9 OM 8.159592 EM 8.157961
M -29 N -8 OM 8.160699 EM 8.159592
M -29 N -7 OM 8.163032 EM 8.160699
M -29 N -6 OM 8.166587 EM 8.163032
M -29 N -5 OM 8.171365 EM 8.166587
M -29 N -4 OM 8.177363 EM 8.171365
M -29 N -3 OM 7.288163 EM 8.177363
M -29 N -2 OM 7.227420 EM 8.177363
M -29 N -1 OM 7.167556 EM 8.177363
M -29 N 0 OM 7.108595 EM 8.177363
M -29 N 1 OM 7.050560 EM 8.177363
M -29 N 2 OM 6.993473 EM 8.177363
M -29 N 3 OM 6.937357 EM 8.177363
M -29 N 4 OM 6.882238 EM 8.177363
M -29 N 5 OM 6.828137 EM 8.177363
M -29 N 6 OM 6.775081 EM 8.177363
M -29 N 7 OM 6.723094 EM 8.177363
M -29 N 8 OM 6.672201 EM 8.177363
M -29 N 9 OM 6.622426 EM 8.177363
M -29 N 10 OM 6.250781 EM 8.177363
M -29 N 11 OM 6.179347 EM 8.177363
M -29 N 12 OM 6.108715 EM 8.177363
M -29 N 13 OM 6.038912 EM 8.177363
M -29 N 14 OM 5.969969 EM 8.177363
M -29 N 15 OM 5.901915 EM 8.177363
M -29 N 16 OM 5.834780 EM 8.177363
M -29 N 17 OM 5.768598 EM 8.177363
M -29 N 18 OM 5.703402 EM 8.177363
M -29 N 19 OM 5.639225 EM 8.177363
M -29 N 20 OM 5.576103 EM 8.177363
M -29 N 21 OM 5.514072 EM 8.177363
M -29 N 22 OM 5.453170 EM 8.177363
M -29 N 23 OM 5.393434 EM 8.177363
M -29 N 24 OM 5.334903 EM 8.177363
M -29 N 25 OM 5.277619 EM 8.177363
M -29 N 26 OM 5.221621 EM 8.177363
M -29 N 27 OM 5.166952 EM 8.177363
M -29 N 28 OM 5.113654 EM 8.177363
M -29 N 29 OM 5.061771 EM 8.177363
M -29 N 30 OM 5.011346 EM 8.177363
M -29 N 31 OM 4.962425 EM 8.177363
M -29 N 32 OM 4.915051 EM 8.177363
M -29 N 33 OM 4.869270 EM 8.177363
M -29 N 34 OM 4.825128 EM 8.177363
M -29 N 35 OM 4.782670 EM 8.177363
M -29 N 36 OM 4.741940 EM 8.177363
M -29 N 37 OM 4.702984 EM 8.177363
M -29 N 38 OM 4.665847 EM 8.177363
M -29 N 39 OM 4.630572 EM 8.177363
M -29 N 40 OM 4.597201 EM 8.177363
M -29 N 41 OM 4.565778 EM 8.177363
M -29 N 42 OM 4.536342 EM 8.177363
M -29 N 43 OM 4.508931 EM 8.177363
M -29 N 44 OM 4.483584 EM 8.177363
M -29 N 45 OM 4.460336 EM 8.177363
M -29 N 46 OM 4.439219 EM 8.177363
M -29 N 47 OM 4.420263 EM 8.177363
M -29 N 48 OM 4.403498 EM 8.177363
M -29 N 49 OM 4.388947 EM 8.177363
M -29 N 50 OM 4.376634 EM 8.177363
M -28 N -50 OM 5.621876 EM 8.177363
M -28 N -49 OM 5.674906 EM 8.177363
M -28 N -48 OM 5.729190 EM 8.177363
M -28 N -47 OM 5.784695 EM 8.177363
M -28 N -46 OM 5.841383 EM 8.177363
M -28 N -45 OM 5.899222 EM 8.177363
M -28 N -44 OM 5.958178 EM 8.177363
M -28 N -43 OM 6.018219 EM 8.177363
M -28 N -42 OM 6.079311 EM 8.177363
M -28 N -41 OM 6.141424 EM 8.177363
M -28 N -40 OM 6.204527 EM 8.177363
M -28 N -39 OM 6.268590 EM 8.177363
M -28 N -38 OM 6.333584 EM 8.177363
M -28 N -37 OM 6.399481 EM 8.177363
M -28 N -36 OM 6.466253 EM 8.177363
M -28 N -35 OM 6.533873 EM 8.177363
M -28 N -34 OM 7.531422 EM 8.177363
M -28 N -33 OM 7.550549 EM 8.177363
M -28 N -32 OM 7.570948 EM 8.177363
M -28 N -31 OM 7.592609 EM 8.177363
M -28 N -30 OM 7.615523 EM 8.177363
M -28 N -29 OM 7.639677 EM 8.177363
M -28 N -28 OM 7.665059 EM 8.177363
M -28 N -27 OM 7.691657 EM 8.177363
M -28 N -26 OM 7.719460 EM 8.177363
M -28 N -25 OM 7.748453 EM 8.177363
M -28 N -24 OM 7.778624 EM 8.177363
M -28 N -23 OM 7.809959 EM 8.177363
M -28 N -22 OM 7.842443 EM 8.177363
M -28 N -21 OM 7.876064 EM 8.177363
M -28 N -20 OM 7.910806 EM 8.177363
M -28 N -19 OM 7.946655 EM 8.177363
M -28 N -18 OM 7.983595 EM 8.177363
M -28 N -17 OM 8.021611 EM 8.177363
M -28 N -16 OM 8.060690 EM 8.177363
M -28 N -15 OM 8.100814 EM 8.177363
M -28 N -14 OM 8.141969 EM 8.177363
M -28 N -13 OM 8.184138 EM 8.177363
M -28 N -12 OM 8.198594 EM 8.184138
M -28 N -11 OM 8.196036 EM 8.198594
M -28 N -10 OM 8.194698 EM 8.198594
M -28 N -9 OM 8.194580 EM 8.198594
M -28 N -8 OM 8.195683 EM 8.198594
M -28 N -7 OM 8.198005 EM 8.198594
M -28 N -6 OM 8.201545 EM 8.198594
M -28 N -5 OM 8.206304 EM 8.201545
M -28 N -4 OM 8.212276 EM 8.206304
M -28 N -3 OM 7.367505 EM 8.212276
M -28 N -2 OM 7.307420 EM 8.212276
M -28 N -1 OM 7.248218 EM 8.212276
M -28 N 0 OM 7.189919 EM 8.212276
M -28 N 1 OM 7.132545 EM 8.212276
M -28 N 2 OM 7.076119 EM 8.212276
M -28 N 3 OM 7.020664 EM 8.212276
M -28 N 4 OM 6.966204 EM 8.212276
M -28 N 5 OM 6.912761 EM 8.212276
M -28 N 6 OM 6.860359 EM 8.212276
M -28 N 7 OM 6.809023 EM 8.212276
M -28 N 8 OM 6.758777 EM 8.212276
M -28 N 9 OM 6.709644 EM 8.212276
M -28 N 10 OM 6.291507 EM 8.212276
M -28 N 11 OM 6.220541 EM 8.212276
M -28 N 12 OM 6.150382 EM 8.212276
M -28 N 13 OM 6.081058 EM 8.212276
M -28 N 14 OM 6.012598 EM 8.212276
M -28 N 15 OM 5.945031 EM 8.212276
M -28 N 16 OM 5.878389 EM 8.212276
M -28 N 17 OM 5.812704 EM 8.212276
M -28 N 18 OM 5.748008 EM 8.212276
M -28 N 19 OM 5.684335 EM 8.212276
M -28 N 20 OM 5.621719 EM 8.212276
M -28 N 21 OM 5.560197 EM 8.212276
M -28 N 22 OM 5.499805 EM 8.212276
M -28 N 23 OM 5.440582 EM 8.212276
M -28 N 24 OM 5.382564 EM 8.212276
M -28 N 25 OM 5.325792 EM 8.212276
M -28 N 26 OM 5.270306 EM 8.212276
M -28 N 27 OM 5.216147 EM 8.212276
M -28 N 28 OM 5.163358 EM 8.212276
M -28 N 29 OM 5.111979 EM 8.212276
M -28 N 30 OM 5.062054 EM 8.212276
M -28 N 31 OM 5.013628 EM 8.212276
M -28 N 32 OM 4.966742 EM 8.212276
M -28 N 33 OM 4.921443 EM 8.212276
M -28 N 34 OM 4.877772 EM 8.212276
M -28 N 35 OM 4.835776 EM 8.212276
M -28 N 36 OM 4.795497 EM 8.212276
M -28 N 37 OM 4.756980 EM 8.212276
M -28 N 38 OM 4.720268 EM 8.212276
M -28 N 39 OM 4.685402 EM 8.212276
M -28 N 40 OM 4.652425 EM 8.212276
M -28 N 41 OM 4.621377 EM 8.212276
M -28 N 42 OM 4.592298 EM 8.212276
M -28 N 43 OM 4.565223 EM 8.212276
M -28 N 44 OM 4.540190 EM 8.212276
M -28 N 45 OM 4.517233 EM 8.212276
M -28 N 46 OM 4.496383 EM 8.212276
M -28 N 47 OM 4.477670 EM 8.212276
M -28 N 48 OM 4.461120 EM 8.212276
M -28 N 49 OM 4.446758 EM 8.212276
M -28 N 50 OM 4.434606 EM 8.212276
M -27 N -50 OM 5.587047 EM 8.212276
M -27 N -49 OM 5.640404 EM 8.212276
M -27 N -48 OM 5.695017 EM 8.212276
M -27 N -47 OM 5.750851 EM 8.212276
M -27 N -46 OM 5.807870 EM 8.212276
M -27 N -45 OM 5.866040 EM 8.212276
M -27 N -44 OM 5.925326 EM 8.212276
M -27 N -43 OM 5.985696 EM 8.212276
M -27 N -42 OM 6.047117 EM 8.212276
M -27 N -41 OM 6.109557 EM 8.212276
M -27 N -40 OM 6.172986 EM 8.212276
M -27 N -39 OM 6.237373 EM 8.212276
M -27 N -38 OM 6.302689 EM 8.212276
M -27 N -37 OM 6.368906 EM 8.212276
M -27 N -36 OM 6.435995 EM 8.212276
M -27 N -35 OM 6.503929 EM 8.212276
M -27 N -34 OM 7.623432 EM 8.212276
M -27 N -33 OM 7.642329 EM 8.212276
M -27 N -32 OM 7.662484 EM 8.212276
M -27 N -31 OM 7.683887 EM 8.212276
M -27 N -30 OM 7.706529 EM 8.212276
M -27 N -29 OM 7.730398 EM 8.212276
M -27 N -28 OM 7.755483 EM 8.212276
M -27 N -27 OM 7.781773 EM 8.212276
M -27 N -26 OM 7.809255 EM 8.212276
M -27 N -25 OM 7.837915 EM 8.212276
M -27 N -24 OM 7.867743 EM 8.212276
M -27 N -23 OM 7.898725 EM 8.212276
M -27 N -22 OM 7.930846 EM 8.212276
M -27 N -21 OM 7.964094 EM 8.212276
M -27 N -20 OM 7.998453 EM 8.212276
M -27 N -19 OM 8.033911 EM 8.212276
M -27 N -18 OM 8.070452 EM 8.212276
M -27 N -17 OM 8.108061 EM 8.212276
M -27 N -16 OM 8.146725 EM 8.212276
M -27 N -15 OM 8.186427 EM 8.212276
M -27 N -14 OM 8.227153 EM 8.212276
M -27 N -13 OM 8.238391 EM 8.227153
M -27 N -12 OM 8.234631 EM 8.238391
M -27 N -11 OM 8.232084 EM 8.238391
M -27 N -10 OM 8.230752 EM 8.238391
M -27 N -9 OM 8.230635 EM 8.238391
M -27 N -8 OM 8.231732 EM 8.238391
M -27 N -7 OM 8.234044 EM 8.238391
M -27 N -6 OM 8.237569 EM 8.238391
M -27 N -5 OM 8.242306 EM 8.238391
M -27 N -4 OM 8.248253 EM 8.242306
M -27 N -3 OM 7.447344 EM 8.248253
M -27 N -2 OM 7.387908 EM 8.248253
M -27 N -1 OM 7.329356 EM 8.248253
M -27 N 0 OM 7.271708 EM 8.248253
M -27 N 1 OM 7.214984 EM 8.248253
M -27 N 2 OM 7.159208 EM 8.248253
M -27 N 3 OM 7.104402 EM 8.248253
M -27 N 4 OM 7.050589 EM 8.248253
M -27 N 5 OM 6.997790 EM 8.248253
M -27 N 6 OM 6.946030 EM 8.248253
M -27 N 7 OM 6.895331 EM 8.248253
M -27 N 8 OM 6.845718 EM 8.248253
M -27 N 9 OM 6.797215 EM 8.248253
M -27 N 10 OM 6.333550 EM 8.248253
M -27 N 11 OM 6.263061 EM 8.248253
M -27 N 12 OM 6.193383 EM 8.248253
M -27 N 13 OM 6.124546 EM 8.248253
M -27 N 14 OM 6.056577 EM 8.248253
M -27 N 15 OM 5.989507 EM 8.248253
M -27 N 16 OM 5.923366 EM 8.248253
M -27 N 17 OM 5.858185 EM 8.248253
M -27 N 18 OM 5.793997 EM 8.248253
M -27 N 19 OM 5.730834 EM 8.248253
M -27 N 20 OM 5.668733 EM 8.248253
M -27 N 21 OM 5.607726 EM 8.248253
M -27 N 22 OM 5.547852 EM 8.248253
M -27 N 23 OM 5.489146 EM 8.248253
M -27 N 24 OM 5.431647 EM 8.248253
M -27 N 25 OM 5.375394 EM 8.248253
M -27 N 26 OM 5.320426 EM 8.248253
M -27 N 27 OM 5.266782 EM 8.248253
M -27 N 28 OM 5.214505 EM 8.248253
M -27 N 29 OM 5.163635 EM 8.248253
M -27 N 30 OM 5.114215 EM 8.248253
M -27 N 31 OM 5.066287 EM 8.248253
M -27 N 32 OM 5.019893 EM 8.248253
M -27 N 33 OM 4.975077 EM 8.248253
M -27 N 34 OM 4.931882 EM 8.248253
M -27 N 35 OM 4.890350 EM 8.248253
M -27 N 36 OM 4.850525 EM 8.248253
M -27 N 37 OM 4.812449 EM 8.248253
M -27 N 38 OM 4.776163 EM 8.248253
M -27 N 39 OM 4.741708 EM 8.248253
M -27 N 40 OM 4.709126 EM 8.248253
M -27 N 41 OM 4.678453 EM 8.248253
M -27 N 42 OM 4.649731 EM 8.248253
M -27 N 43 OM 4.622993 EM 8.248253
M -27 N 44 OM 4.598274 EM 8.248253
M -27 N 45 OM 4.575609 EM 8.248253
M -27 N 46 OM 4.555026 EM 8.248253
M -27 N 47 OM 4.536555 EM 8.248253
M -27 N 48 OM 4.520221 EM 8.248253
M -27 N 49 OM 4.506047 EM 8.248253
M -27 N 50 OM 4.494055 EM 8.248253
M -26 N -50 OM 5.553800 EM 8.248253
M -26 N -49 OM 5.607473 EM 8.248253
M -26 N -48 OM 5.662404 EM 8.248253
M -26 N -47 OM 5.718556 EM 8.248253
M -26 N -46 OM 5.775894 EM 8.248253
M -26 N -45 OM 5.834383 EM 8.248253
M -26 N -44 OM 5.893988 EM 8.248253
M -26 N -43 OM 5.954675 EM 8.248253
M -26 N -42 OM 6.016413 EM 8.248253
M -26 N -41 OM 6.079169 EM 8.248253
M -26 N -40 OM 6.142911 EM 8.248253
M -26 N -39 OM 6.207610 EM 8.248253
M -26 N -38 OM 6.273236 EM 8.248253
M -26 N -37 OM 6.339760 EM 8.248253
M -26 N -36 OM 6.407154 EM 8.248253
M -26 N -35 OM 6.475391 EM 8.248253
M -26 N -34 OM 7.715641 EM 8.248253
M -26 N -33 OM 7.734313 EM 8.248253
M -26 N -32 OM 7.754229 EM 8.248253
M -26 N -31 OM 7.775379 EM 8.248253
M -26 N -30 OM 7.797756 EM 8.248253
M -26 N -29 OM 7.821346 EM 8.248253
M -26 N -28 OM 7.846141 EM 8.248253
M -26 N -27 OM 7.872128 EM 8.248253
M -26 N -26 OM 7.899295 EM 8.248253
M -26 N -25 OM 7.927630 EM 8.248253
M -26 N -24 OM 7.957122 EM 8.248253
M -26 N -23 OM 7.987757 EM 8.248253
M -26 N -22 OM 8.019522 EM 8.248253
M -26 N -21 OM 8.052403 EM 8.248253
M -26 N -20 OM 8.086387 EM 8.248253
M -26 N -19 OM 8.121461 EM 8.248253
M -26 N -18 OM 8.157610 EM 8.248253
M -26 N -17 OM 8.194819 EM 8.248253
M -26 N -16 OM 8.233075 EM 8.248253
M -26 N -15 OM 8.272363 EM 8.248253
M -26 N -14 OM 8.280411 EM 8.272363
M -26 N -13 OM 8.275462 EM 8.280411
M -26 N -12 OM 8.271719 EM 8.280411
M -26 N -11 OM 8.269184 EM 8.280411
M -26 N -10 OM 8.267858 EM 8.280411
M -26 N -9 OM 8.267741 EM 8.280411
M -26 N -8 OM 8.268834 EM 8.280411
M -26 N -7 OM 8.271135 EM 8.280411
M -26 N -6 OM 8.274645 EM 8.280411
M -26 N -5 OM 8.279361 EM 8.280411
M -26 N -4 OM 8.285280 EM 8.280411
M -26 N -3 OM 7.527665 EM 8.285280
M -26 N -2 OM 7.468869 EM 8.285280
M -26 N -1 OM 7.410956 EM 8.285280
M -26 N 0 OM 7.353947 EM 8.285280
M -26 N 1 OM 7.297863 EM 8.285280
M -26 N 2 OM 7.242725 EM 8.285280
M -26 N 3 OM 7.188556 EM 8.285280
M -26 N 4 OM 7.135377 EM 8.285280
M -26 N 5 OM 7.083210 EM 8.285280
M -26 N 6 OM 7.032079 EM 8.285280
M -26 N 7 OM 6.982005 EM 8.285280
M -26 N 8 OM 6.933013 EM 8.285280
M -26 N 9 OM 6.885124 EM 8.285280
M -26 N 10 OM 6.376885 EM 8.285280
M -26 N 11 OM 6.306879 EM 8.285280
M -26 N 12 OM 6.237691 EM 8.285280
M -26 N 13 OM 6.169348 EM 8.285280
M -26 N 14 OM 6.101879 EM 8.285280
M -26 N 15 OM 6.035312 EM 8.285280
M -26 N 16 OM 5.969678 EM 8.285280
M -26 N 17 OM 5.905008 EM 8.285280
M -26 N 18 OM 5.841335 EM 8.285280
M -26 N 19 OM 5.778690 EM 8.285280
M -26 N 20 OM 5.717108 EM 8.285280
M -26 N 21 OM 5.656624 EM 8.285280
M -26 N 22 OM 5.597273 EM 8.285280
M -26 N 23 OM 5.539091 EM 8.285280
M -26 N 24 OM 5.482116 EM 8.285280
M -26 N 25 OM 5.426386 EM 8.285280
M -26 N 26 OM 5.371939 EM 8.285280
M -26 N 27 OM 5.318815 EM 8.285280
M -26 N 28 OM 5.267055 EM 8.285280
M -26 N 29 OM 5.216697 EM 8.285280
M -26 N 30 OM 5.167784 EM 8.285280
M -26 N 31 OM 5.120358 EM 8.285280
M -26 N 32 OM 5.074459 EM 8.285280
M -26 N 33 OM 5.030128 EM 8.285280
M -26 N 34 OM 4.987410 EM 8.285280
M -26 N 35 OM 4.946345 EM 8.285280
M -26 N 36 OM 4.906974 EM 8.285280
M -26 N 37 OM 4.869339 EM 8.285280
M -26 N 38 OM 4.833480 EM 8.285280
M -26 N 39 OM 4.799437 EM 8.285280
M -26 N 40 OM 4.767249 EM 8.285280
M -26 N 41 OM 4.736953 EM 8.285280
M -26 N 42 OM 4.708588 EM 8.285280
M -26 N 43 OM 4.682186 EM 8.285280
M -26 N 44 OM 4.657781 EM 8.285280
M -26 N 45 OM 4.635407 EM 8.285280
M -26 N 46 OM 4.615090 EM 8.285280
M -26 N 47 OM 4.596861 EM 8.285280
M -26 N 48 OM 4.580742 EM 8.285280
M -26 N 49 OM 4.566756 EM 8.285280
M -26 N 50 OM 4.554924 EM 8.285280
M -25 N -50 OM 5.522163 EM 8.285280
M -25 N -49 OM 5.576142 EM 8.285280
M -25 N -48 OM 5.631378 EM 8.285280
M -25 N -47 OM 5.687837 EM 8.285280
M -25 N -46 OM 5.745481 EM 8.285280
M -25 N -45 OM 5.804276 EM 8.285280
M -25 N -44 OM 5.864187 EM 8.285280
M -25 N -43 OM 5.925179 EM 8.285280
M -25 N -42 OM 5.987222 EM 8.285280
M -25 N -41 OM 6.050280 EM 8.285280
M -25 N -40 OM 6.114324 EM 8.285280
M -25 N -39 OM 6.179322 EM 8.285280
M -25 N -38 OM 6.245245 EM 8.285280
M -25 N -37 OM 6.312064 EM 8.285280
M -25 N -36 OM 6.379751 EM 8.285280
M -25 N -35 OM 6.448278 EM 8.285280
M -25 N -34 OM 7.808042 EM 8.285280
M -25 N -33 OM 7.826493 EM 8.285280
M -25 N -32 OM 7.846175 EM 8.285280
M -25 N -31 OM 7.867078 EM 8.285280
M -25 N -30 OM 7.889194 EM 8.285280
M -25 N -29 OM 7.912512 EM 8.285280
M -25 N -28 OM 7.937022 EM 8.285280
M -25 N -27 OM 7.962712 EM 8.285280
M -25 N -26 OM 7.989572 EM 8.285280
M -25 N -25 OM 8.017588 EM 8.285280
M -25 N -24 OM 8.046750 EM 8.285280
M -25 N -23 OM 8.077044 EM 8.285280
M -25 N -22 OM 8.108459 EM 8.285280
M -25 N -21 OM 8.140982 EM 8.285280
M -25 N -20 OM 8.174598 EM 8.285280
M -25 N -19 OM 8.209294 EM 8.285280
M -25 N -18 OM 8.245058 EM 8.285280
M -25 N -17 OM 8.281875 EM 8.285280
M -25 N -16 OM 8.319731 EM 8.285280
M -25 N -15 OM 8.324623 EM 8.319731
M -25 N -14 OM 8.318498 EM 8.324623
M -25 N -13 OM 8.313572 EM 8.324623
M -25 N -12 OM 8.309846 EM 8.324623
M -25 N -11 OM 8.307323 EM 8.324623
M -25 N -10 OM 8.306003 EM 8.324623
M -25 N -9 OM 8.305886 EM 8.324623
M -25 N -8 OM 8.306973 EM 8.324623
M -25 N -7 OM 8.309264 EM 8.324623
M -25 N -6 OM 8.312757 EM 8.324623
M -25 N -5 OM 8.317452 EM 8.324623
M -25 N -4 OM 8.323345 EM 8.324623
M -25 N -3 OM 7.608451 EM 8.324623
M -25 N -2 OM 7.550284 EM 8.324623
M -25 N -1 OM 7.493001 EM 8.324623
M -25 N 0 OM 7.436621 EM 8.324623
M -25 N 1 OM 7.381165 EM 8.324623
M -25 N 2 OM 7.326654 EM 8.324623
M -25 N 3 OM 7.273110 EM 8.324623
M -25 N 4 OM 7.220553 EM 8.324623
M -25 N 5 OM 7.169007 EM 8.324623
M -25 N 6 OM 7.118492 EM 8.324623
M -25 N 7 OM 7.069030 EM 8.324623
M -25 N 8 OM 7.020645 EM 8.324623
M -25 N 9 OM 6.973359 EM 8.324623
M -25 N 10 OM 6.421484 EM 8.324623
M -25 N 11 OM 6.351970 EM 8.324623
M -25 N 12 OM 6.283279 EM 8.324623
M -25 N 13 OM 6.215437 EM 8.324623
M -25 N 14 OM 6.148473 EM 8.324623
M -25 N 15 OM 6.082417 EM 8.324623
M -25 N 16 OM 6.017297 EM 8.324623
M -25 N 17 OM 5.953144 EM 8.324623
M -25 N 18 OM 5.889991 EM 8.324623
M -25 N 19 OM 5.827869 EM 8.324623
M -25 N 20 OM 5.766812 EM 8.324623
M -25 N 21 OM 5.706855 EM 8.324623
M -25 N 22 OM 5.648032 EM 8.324623
M -25 N 23 OM 5.590378 EM 8.324623
M -25 N 24 OM 5.533931 EM 8.324623
M -25 N 25 OM 5.478728 EM 8.324623
M -25 N 26 OM 5.424807 EM 8.324623
M -25 N 27 OM 5.372206 EM 8.324623
M -25 N 28 OM 5.320964 EM 8.324623
M -25 N 29 OM 5.271122 EM 8.324623
M -25 N 30 OM 5.222719 EM 8.324623
M -25 N 31 OM 5.175796 EM 8.324623
M -25 N 32 OM 5.130393 EM 8.324623
M -25 N 33 OM 5.086550 EM 8.324623
M -25 N 34 OM 5.044310 EM 8.324623
M -25 N 35 OM 5.003712 EM 8.324623
M -25 N 36 OM 4.964796 EM 8.324623
M -25 N 37 OM 4.927602 EM 8.324623
M -25 N 38 OM 4.892170 EM 8.324623
M -25 N 39 OM 4.858538 EM 8.324623
M -25 N 40 OM 4.826744 EM 8.324623
M -25 N 41 OM 4.796825 EM 8.324623
M -25 N 42 OM 4.768815 EM 8.324623
M -25 N 43 OM 4.742748 EM 8.324623
M -25 N 44 OM 4.718657 EM 8.324623
M -25 N 45 OM 4.696573 EM 8.324623
M -25 N 46 OM 4.676522 EM 8.324623
M -25 N 47 OM 4.658533 EM 8.324623
M -25 N 48 OM 4.642628 EM 8.324623
M -25 N 49 OM 4.628829 EM 8.324623
M -25 N 50 OM 4.617156 EM 8.324623
M -24 N -50 OM 5.492167 EM 8.324623
M -24 N -49 OM 5.546436 EM 8.324623
M -24 N -48 OM 5.601966 EM 8.324623
M -24 N -47 OM 5.658718 EM 8.324623
M -24 N -46 OM 5.716656 EM 8.324623
M -24 N -45 OM 5.775744 EM 8.324623
M -24 N -44 OM 5.835948 EM 8.324623
M -24 N -43 OM 5.897233 EM 8.324623
M -24 N -42 OM 5.959566 EM 8.324623
M -24 N -41 OM 6.022914 EM 8.324623
M -24 N -40 OM 6.087245 EM 8.324623
M -24 N -39 OM 6.152530 EM 8.324623
M -24 N -38 OM 6.218737 EM 8.324623
M -24 N -37 OM 6.285838 EM 8.324623
M -24 N -36 OM 6.353804 EM 8.324623
M -24 N -35 OM 6.422608 EM 8.324623
M -24 N -34 OM 7.813399 EM 8.324623
M -24 N -33 OM 7.866910 EM 8.324623
M -24 N -32 OM 7.921321 EM 8.324623
M -24 N -31 OM 7.958977 EM 8.324623
M -24 N -30 OM 7.980839 EM 8.324623
M -24 N -29 OM 8.003890 EM 8.324623
M -24 N -28 OM 8.028121 EM 8.324623
M -24 N -27 OM 8.053520 EM 8.324623
M -24 N -26 OM 8.080077 EM 8.324623
M -24 N -25 OM 8.107781 EM 8.324623
M -24 N -24 OM 8.136621 EM 8.324623
M -24 N -23 OM 8.166581 EM 8.324623
M -24 N -22 OM 8.197654 EM 8.324623
M -24 N -21 OM 8.229823 EM 8.324623
M -24 N -20 OM 8.263078 EM 8.324623
M -24 N -19 OM 8.297404 EM 8.324623
M -24 N -18 OM 8.332789 EM 8.324623
M -24 N -17 OM 8.369221 EM 8.332789
M -24 N -16 OM 8.370991 EM 8.369221
M -24 N -15 OM 8.363704 EM 8.370991
M -24 N -14 OM 8.357608 EM 8.370991
M -24 N -13 OM 8.352705 EM 8.370991
M -24 N -12 OM 8.348996 EM 8.370991
M -24 N -11 OM 8.346485 EM 8.370991
M -24 N -10 OM 8.345171 EM 8.370991
M -24 N -9 OM 8.345056 EM 8.370991
M -24 N -8 OM 8.346138 EM 8.370991
M -24 N -7 OM 8.348417 EM 8.370991
M -24 N -6 OM 8.351894 EM 8.370991
M -24 N -5 OM 8.356567 EM 8.370991
M -24 N -4 OM 8.362432 EM 8.370991
M -24 N -3 OM 7.689690 EM 8.370991
M -24 N -2 OM 7.632142 EM 8.370991
M -24 N -1 OM 7.575478 EM 8.370991
M -24 N 0 OM 7.519716 EM 8.370991
M -24 N 1 OM 7.464877 EM 8.370991
M -24 N 2 OM 7.410983 EM 8.370991
M -24 N 3 OM 7.358052 EM 8.370991
M -24 N 4 OM 7.306107 EM 8.370991
M -24 N 5 OM 7.255168 EM 8.370991
M -24 N 6 OM 7.205257 EM 8.370991
M -24 N 7 OM 7.156395 EM 8.370991
M -24 N 8 OM 7.108605 EM 8.370991
M -24 N 9 OM 7.061907 EM 8.370991
M -24 N 10 OM 6.467323 EM 8.370991
M -24 N 11 OM 6.398306 EM 8.370991
M -24 N 12 OM 6.330118 EM 8.370991
M -24 N 13 OM 6.262784 EM 8.370991
M -24 N 14 OM 6.196332 EM 8.370991
M -24 N 15 OM 6.130791 EM 8.370991
M -24 N 16 OM 6.066190 EM 8.370991
M -24 N 17 OM 6.002560 EM 8.370991
M -24 N 18 OM 5.939932 EM 8.370991
M -24 N 19 OM 5.878338 EM 8.370991
M -24 N 20 OM 5.817811 EM 8.370991
M -24 N 21 OM 5.758385 EM 8.370991
M -24 N 22 OM 5.700093 EM 8.370991
M -24 N 23 OM 5.642972 EM 8.370991
M -24 N 24 OM 5.587056 EM 8.370991
M -24 N 25 OM 5.532383 EM 8.370991
M -24 N 26 OM 5.478990 EM 8.370991
M -24 N 27 OM 5.426914 EM 8.370991
M -24 N 28 OM 5.376194 EM 8.370991
M -24 N 29 OM 5.326869 EM 8.370991
M -24 N 30 OM 5.278976 EM 8.370991
M -24 N 31 OM 5.232558 EM 8.370991
M -24 N 32 OM 5.187651 EM 8.370991
M -24 N 33 OM 5.144297 EM 8.370991
M -24 N 34 OM 5.102535 EM 8.370991
M -24 N 35 OM 5.062403 EM 8.370991
M -24 N 36 OM 5.023942 EM 8.370991
M -24 N 37 OM 4.987189 EM 8.370991
M -24 N 38 OM 4.952184 EM 8.370991
M -24 N 39 OM 4.918962 EM 8.370991
M -24 N 40 OM 4.887562 EM 8.370991
M -24 N 41 OM 4.858016 EM 8.370991
M -24 N 42 OM 4.830362 EM 8.370991
M -24 N 43 OM 4.804629 EM 8.370991
M -24 N 44 OM 4.780850 EM 8.370991
M -24 N 45 OM 4.759054 EM 8.370991
M -24 N 46 OM 4.739268 EM 8.370991
M -24 N 47 OM 4.721518 EM 8.370991
M -24 N 48 OM 4.705826 EM 8.370991
M -24 N 49 OM 4.692213 EM 8.370991
M -24 N 50 OM 4.680697 EM 8.370991
M -23 N -50 OM 5.463835 EM 8.370991
M -23 N -49 OM 5.518384 EM 8.370991
M -23 N -48 OM 5.574193 EM 8.370991
M -23 N -47 OM 5.631225 EM 8.370991
M -23 N -46 OM 5.689443 EM 8.370991
M -23 N -45 OM 5.748810 EM 8.370991
M -23 N -44 OM 5.809293 EM 8.370991
M -23 N -43 OM 5.870856 EM 8.370991
M -23 N -42 OM 5.933466 EM 8.370991
M -23 N -41 OM 5.997090 EM 8.370991
M -23 N -40 OM 6.061696 EM 8.370991
M -23 N -39 OM 6.127252 EM 8.370991
M -23 N -38 OM 6.193730 EM 8.370991
M -23 N -37 OM 6.261098 EM 8.370991
M -23 N -36 OM 6.329330 EM 8.370991
M -23 N -35 OM 6.398397 EM 8.370991
M -23 N -34 OM 7.771216 EM 8.370991
M -23 N -33 OM 7.825016 EM 8.370991
M -23 N -32 OM 7.879716 EM 8.370991
M -23 N -31 OM 7.935301 EM 8.370991
M -23 N -30 OM 8.072681 EM 8.370991
M -23 N -29 OM 8.095471 EM 8.370991
M -23 N -28 OM 8.119429 EM 8.370991
M -23 N -27 OM 8.144544 EM 8.370991
M -23 N -26 OM 8.170805 EM 8.370991
M -23 N -25 OM 8.198202 EM 8.370991
M -23 N -24 OM 8.226724 EM 8.370991
M -23 N -23 OM 8.256358 EM 8.370991
M -23 N -22 OM 8.287093 EM 8.370991
M -23 N -21 OM 8.318917 EM 8.370991
M -23 N -20 OM 8.351817 EM 8.370991
M -23 N -19 OM 8.385780 EM 8.370991
M -23 N -18 OM 8.420794 EM 8.385780
M -23 N -17 OM 8.419478 EM 8.420794
M -23 N -16 OM 8.411045 EM 8.420794
M -23 N -15 OM 8.403793 EM 8.420794
M -23 N -14 OM 8.397727 EM 8.420794
M -23 N -13 OM 8.392847 EM 8.420794
M -23 N -12 OM 8.389156 EM 8.420794
M -23 N -11 OM 8.386657 EM 8.420794
M -23 N -10 OM 8.385349 EM 8.420794
M -23 N -9 OM 8.385234 EM 8.420794
M -23 N -8 OM 8.386311 EM 8.420794
M -23 N -7 OM 8.388580 EM 8.420794
M -23 N -6 OM 8.392040 EM 8.420794
M -23 N -5 OM 8.396690 EM 8.420794
M -23 N -4 OM 8.402528 EM 8.420794
M -23 N -3 OM 7.771366 EM 8.420794
M -23 N -2 OM 7.714428 EM 8.420794
M -23 N -1 OM 7.658372 EM 8.420794
M -23 N 0 OM 7.603219 EM 8.420794
M -23 N 1 OM 7.548986 EM 8.420794
M -23 N 2 OM 7.495696 EM 8.420794
M -23 N 3 OM 7.443368 EM 8.420794
M -23 N 4 OM 7.392023 EM 8.420794
M -23 N 5 OM 7.341680 EM 8.420794
M -23 N 6 OM 7.292361 EM 8.420794
M -23 N 7 OM 7.244087 EM 8.420794
M -23 N 8 OM 7.196879 EM 8.420794
M -23 N 9 OM 7.150757 EM 8.420794
M -23 N 10 OM 6.514373 EM 8.420794
M -23 N 11 OM 6.445861 EM 8.420794
M -23 N 12 OM 6.378181 EM 8.420794
M -23 N 13 OM 6.311359 EM 8.420794
M -23 N 14 OM 6.245425 EM 8.420794
M -23 N 15 OM 6.180404 EM 8.420794
M -23 N 16 OM 6.116327 EM 8.420794
M -23 N 17 OM 6.053225 EM 8.420794
M -23 N 18 OM 5.991126 EM 8.420794
M -23 N 19 OM 5.930064 EM 8.420794
M -23 N 20 OM 5.870070 EM 8.420794
M -23 N 21 OM 5.811178 EM 8.420794
M -23 N 22 OM 5.753422 EM 8.420794
M -23 N 23 OM 5.696835 EM 8.420794
M -23 N 24 OM 5.641453 EM 8.420794
M -23 N 25 OM 5.587312 EM 8.420794
M -23 N 26 OM 5.534449 EM 8.420794
M -23 N 27 OM 5.482900 EM 8.420794
M -23 N 28 OM 5.432703 EM 8.420794
M -23 N 29 OM 5.383895 EM 8.420794
M -23 N 30 OM 5.336515 EM 8.420794
M -23 N 31 OM 5.290601 EM 8.420794
M -23 N 32 OM 5.246192 EM 8.420794
M -23 N 33 OM 5.203325 EM 8.420794
M -23 N 34 OM 5.162040 EM 8.420794
M -23 N 35 OM 5.122375 EM 8.420794
M -23 N 36 OM 5.084368 EM 8.420794
M -23 N 37 OM 5.048055 EM 8.420794
M -23 N 38 OM 5.013474 EM 8.420794
M -23 N 39 OM 4.980662 EM 8.420794
M -23 N 40 OM 4.949653 EM 8.420794
M -23 N 41 OM 4.920480 EM 8.420794
M -23 N 42 OM 4.893178 EM 8.420794
M -23 N 43 OM 4.867778 EM 8.420794
M -23 N 44 OM 4.844309 EM 8.420794
M -23 N 45 OM 4.822800 EM 8.420794
M -23 N 46 OM 4.803276 EM 8.420794
M -23 N 47 OM 4.785763 EM 8.420794
M -23 N 48 OM 4.770282 EM 8.420794
M -23 N 49 OM 4.756854 EM 8.420794
M -23 N 50 OM 4.745495 EM 8.420794
M -22 N -50 OM 5.437195 EM 8.420794
M -22 N -49 OM 5.492008 EM 8.420794
M -22 N -48 OM 5.548083 EM 8.420794
M -22 N -47 OM 5.605381 EM 8.420794
M -22 N -46 OM 5.663864 EM 8.420794
M -22 N -45 OM 5.723497 EM 8.420794
M -22 N -44 OM 5.784245 EM 8.420794
M -22 N -43 OM 5.846072 EM 8.420794
M -22 N -42 OM 5.908945 EM 8.420794
M -22 N -41 OM 5.972829 EM 8.420794
M -22 N -40 OM 6.037695 EM 8.420794
M -22 N -39 OM 6.103509 EM 8.420794
M -22 N -38 OM 6.170242 EM 8.420794
M -22 N -37 OM 6.237865 EM 8.420794
M -22 N -36 OM 6.306348 EM 8.420794
M -22 N -35 OM 6.375664 EM 8.420794
M -22 N -34 OM 7.730097 EM 8.420794
M -22 N -33 OM 7.784181 EM 8.420794
M -22 N -32 OM 7.839167 EM 8.420794
M -22 N -31 OM 7.895036 EM 8.420794
M -22 N -30 OM 8.164716 EM 8.420794
M -22 N -29 OM 8.187249 EM 8.420794
M -22 N -28 OM 8.210938 EM 8.420794
M -22 N -27 OM 8.235775 EM 8.420794
M -22 N -26 OM 8.261746 EM 8.420794
M -22 N -25 OM 8.288843 EM 8.420794
M -22 N -24 OM 8.317054 EM 8.420794
M -22 N -23 OM 8.346368 EM 8.420794
M -22 N -22 OM 8.376773 EM 8.420794
M -22 N -21 OM 8.408257 EM 8.420794
M -22 N -20 OM 8.440809 EM 8.420794
M -22 N -19 OM 8.474416 EM 8.440809
M -22 N -18 OM 8.470050 EM 8.474416
M -22 N -17 OM 8.460485 EM 8.474416
M -22 N -16 OM 8.452093 EM 8.474416
M -22 N -15 OM 8.444877 EM 8.474416
M -22 N -14 OM 8.438840 EM 8.474416
M -22 N -13 OM 8.433984 EM 8.474416
M -22 N -12 OM 8.430311 EM 8.474416
M -22 N -11 OM 8.427824 EM 8.474416
M -22 N -10 OM 8.426522 EM 8.474416
M -22 N -9 OM 8.426408 EM 8.474416
M -22 N -8 OM 8.427480 EM 8.474416
M -22 N -7 OM 8.429738 EM 8.474416
M -22 N -6 OM 8.433181 EM 8.474416
M -22 N -5 OM 8.437808 EM 8.474416
M -22 N -4 OM 8.443618 EM 8.474416
M -22 N -3 OM 7.853466 EM 8.474416
M -22 N -2 OM 7.797127 EM 8.474416
M -22 N -1 OM 7.741670 EM 8.474416
M -22 N 0 OM 7.687114 EM 8.474416
M -22 N 1 OM 7.633478 EM 8.474416
M -22 N 2 OM 7.580782 EM 8.474416
M -22 N 3 OM 7.529045 EM 8.474416
M -22 N 4 OM 7.478288 EM 8.474416
M -22 N 5 OM 7.428530 EM 8.474416
M -22 N 6 OM 7.379792 EM 8.474416
M -22 N 7 OM 7.332093 EM 8.474416
M -22 N 8 OM 7.285455 EM 8.474416
M -22 N 9 OM 7.239898 EM 8.474416
M -22 N 10 OM 6.562611 EM 8.474416
M -22 N 11 OM 6.494607 EM 8.474416
M -22 N 12 OM 6.427441 EM 8.474416
M -22 N 13 OM 6.361137 EM 8.474416
M -22 N 14 OM 6.295723 EM 8.474416
M -22 N 15 OM 6.231227 EM 8.474416
M -22 N 16 OM 6.167679 EM 8.474416
M -22 N 17 OM 6.105107 EM 8.474416
M -22 N 18 OM 6.043541 EM 8.474416
M -22 N 19 OM 5.983015 EM 8.474416
M -22 N 20 OM 5.923557 EM 8.474416
M -22 N 21 OM 5.865202 EM 8.474416
M -22 N 22 OM 5.807982 EM 8.474416
M -22 N 23 OM 5.751933 EM 8.474416
M -22 N 24 OM 5.697086 EM 8.474416
M -22 N 25 OM 5.643479 EM 8.474416
M -22 N 26 OM 5.591147 EM 8.474416
M -22 N 27 OM 5.540126 EM 8.474416
M -22 N 28 OM 5.490452 EM 8.474416
M -22 N 29 OM 5.442162 EM 8.474416
M -22 N 30 OM 5.395294 EM 8.474416
M -22 N 31 OM 5.349884 EM 8.474416
M -22 N 32 OM 5.305971 EM 8.474416
M -22 N 33 OM 5.263591 EM 8.474416
M -22 N 34 OM 5.222783 EM 8.474416
M -22 N 35 OM 5.183582 EM 8.474416
M -22 N 36 OM 5.146027 EM 8.474416
M -22 N 37 OM 5.110153 EM 8.474416
M -22 N 38 OM 5.075995 EM 8.474416
M -22 N 39 OM 5.043590 EM 8.474416
M -22 N 40 OM 5.012969 EM 8.474416
M -22 N 41 OM 4.984168 EM 8.474416
M -22 N 42 OM 4.957217 EM 8.474416
M -22 N 43 OM 4.932146 EM 8.474416
M -22 N 44 OM 4.908985 EM 8.474416
M -22 N 45 OM 4.887760 EM 8.474416
M -22 N 46 OM 4.868497 EM 8.474416
M -22 N 47 OM 4.851219 EM 8.474416
M -22 N 48 OM 4.835948 EM 8.474416
M -22 N 49 OM 4.822703 EM 8.474416
M -22 N 50 OM 4.811500 EM 8.474416
M -21 N -50 OM 5.412272 EM 8.474416
M -21 N -49 OM 5.467335 EM 8.474416
M -21 N -48 OM 5.523660 EM 8.474416
M -21 N -47 OM 5.581209 EM 8.474416
M -21 N -46 OM 5.639943 EM 8.474416
M -21 N -45 OM 5.699826 EM 8.474416
M -21 N -44 OM 5.760824 EM 8.474416
M -21 N -43 OM 5.822899 EM 8.474416
M -21 N -42 OM 5.886020 EM 8.474416
M -21 N -41 OM 5.950150 EM 8.474416
M -21 N -40 OM 6.015260 EM 8.474416
M -21 N -39 OM 6.081317 EM 8.474416
M -21 N -38 OM 6.148292 EM 8.474416
M -21 N -37 OM 6.216153 EM 8.474416
M -21 N -36 OM 6.284873 EM 8.474416
M -21 N -35 OM 6.354423 EM 8.474416
M -21 N -34 OM 7.690058 EM 8.474416
M -21 N -33 OM 7.744421 EM 8.474416
M -21 N -32 OM 7.799688 EM 8.474416
M -21 N -31 OM 7.855838 EM 8.474416
M -21 N -30 OM 8.256936 EM 8.474416
M -21 N -29 OM 8.279219 EM 8.474416
M -21 N -28 OM 8.302646 EM 8.474416
M -21 N -27 OM 8.327208 EM 8.474416
M -21 N -26 OM 8.352895 EM 8.474416
M -21 N -25 OM 8.379697 EM 8.474416
M -21 N -24 OM 8.407603 EM 8.474416
M -21 N -23 OM 8.436602 EM 8.474416
M -21 N -22 OM 8.466683 EM 8.474416
M -21 N -21 OM 8.497834 EM 8.474416
M -21 N -20 OM 8.530045 EM 8.497834
M -21 N -19 OM 8.522669 EM 8.530045
M -21 N -18 OM 8.511989 EM 8.530045
M -21 N -17 OM 8.502471 EM 8.530045
M -21 N -16 OM 8.494121 EM 8.530045
M -21 N -15 OM 8.486939 EM 8.530045
M -21 N -14 OM 8.480932 EM 8.530045
M -21 N -13 OM 8.476100 EM 8.530045
M -21 N -12 OM 8.472446 EM 8.530045
M -21 N -11 OM 8.469971 EM 8.530045
M -21 N -10 OM 8.468677 EM 8.530045
M -21 N -9 OM 8.468562 EM 8.530045
M -21 N -8 OM 8.469628 EM 8.530045
M -21 N -7 OM 8.471875 EM 8.530045
M -21 N -6 OM 8.475302 EM 8.530045
M -21 N -5 OM 8.479906 EM 8.530045
M -21 N -4 OM 8.485687 EM 8.530045
M -21 N -3 OM 7.935977 EM 8.530045
M -21 N -2 OM 7.880229 EM 8.530045
M -21 N -1 OM 7.825360 EM 8.530045
M -21 N 0 OM 7.771392 EM 8.530045
M -21 N 1 OM 7.718341 EM 8.530045
M -21 N 2 OM 7.666229 EM 8.530045
M -21 N 3 OM 7.615073 EM 8.530045
M -21 N 4 OM 7.564893 EM 8.530045
M -21 N 5 OM 7.515708 EM 8.530045
M -21 N 6 OM 7.467538 EM 8.530045
M -21 N 7 OM 7.420404 EM 8.530045
M -21 N 8 OM 7.374325 EM 8.530045
M -21 N 9 OM 7.329320 EM 8.530045
M -21 N 10 OM 6.612009 EM 8.530045
M -21 N 11 OM 6.544519 EM 8.530045
M -21 N 12 OM 6.477870 EM 8.530045
M -21 N 13 OM 6.412087 EM 8.530045
M -21 N 14 OM 6.347198 EM 8.530045
M -21 N 15 OM 6.283231 EM 8.530045
M -21 N 16 OM 6.220214 EM 8.530045
M -21 N 17 OM 6.158175 EM 8.530045
M -21 N 18 OM 6.097147 EM 8.530045
M -21 N 19 OM 6.037157 EM 8.530045
M -21 N 20 OM 5.978238 EM 8.530045
M -21 N 21 OM 5.920422 EM 8.530045
M -21 N 22 OM 5.863741 EM 8.530045
M -21 N 23 OM 5.808229 EM 8.530045
M -21 N 24 OM 5.753920 EM 8.530045
M -21 N 25 OM 5.700847 EM 8.530045
M -21 N 26 OM 5.649046 EM 8.530045
M -21 N 27 OM 5.598553 EM 8.530045
M -21 N 28 OM 5.549402 EM 8.530045
M -21 N 29 OM 5.501630 EM 8.530045
M -21 N 30 OM 5.455272 EM 8.530045
M -21 N 31 OM 5.410366 EM 8.530045
M -21 N 32 OM 5.366948 EM 8.530045
M -21 N 33 OM 5.325054 EM 8.530045
M -21 N 34 OM 5.284719 EM 8.530045
M -21 N 35 OM 5.245982 EM 8.530045
M -21 N 36 OM 5.208877 EM 8.530045
M -21 N 37 OM 5.173438 EM 8.530045
M -21 N 38 OM 5.139701 EM 8.530045
M -21 N 39 OM 5.107699 EM 8.530045
M -21 N 40 OM 5.077466 EM 8.530045
M -21 N 41 OM 5.049033 EM 8.530045
M -21 N 42 OM 5.022429 EM 8.530045
M -21 N 43 OM 4.997685 EM 8.530045
M -21 N 44 OM 4.974830 EM 8.530045
M -21 N 45 OM 4.953887 EM 8.530045
M -21 N 46 OM 4.934882 EM 8.530045
M -21 N 47 OM 4.917838 EM 8.530045
M -21 N 48 OM 4.902774 EM 8.530045
M -21 N 49 OM 4.889710 EM 8.530045
M -21 N 50 OM 4.878661 EM 8.530045
M -20 N -50 OM 5.389090 EM 8.530045
M -20 N -49 OM 5.444387 EM 8.530045
M -20 N -48 OM 5.500947 EM 8.530045
M -20 N -47 OM 5.558731 EM 8.530045
M -20 N -46 OM 5.617700 EM 8.530045
M -20 N -45 OM 5.677818 EM 8.530045
M -20 N -44 OM 5.739049 EM 8.530045
M -20 N -43 OM 5.801358 EM 8.530045
M -20 N -42 OM 5.864710 EM 8.530045
M -20 N -41 OM 5.929072 EM 8.530045
M -20 N -40 OM 5.994411 EM 8.530045
M -20 N -39 OM 6.060695 EM 8.530045
M -20 N -38 OM 6.127895 EM 8.530045
M -20 N -37 OM 6.195979 EM 8.530045
M -20 N -36 OM 6.264920 EM 8.530045
M -20 N -35 OM 6.334690 EM 8.530045
M -20 N -34 OM 7.651117 EM 8.530045
M -20 N -33 OM 7.705755 EM 8.530045
M -20 N -32 OM 7.761297 EM 8.530045
M -20 N -31 OM 7.817723 EM 8.530045
M -20 N -30 OM 8.349335 EM 8.530045
M -20 N -29 OM 8.371371 EM 8.530045
M -20 N -28 OM 8.394541 EM 8.530045
M -20 N -27 OM 8.418835 EM 8.530045
M -20 N -26 OM 8.444243 EM 8.530045
M -20 N -25 OM 8.470757 EM 8.530045
M -20 N -24 OM 8.498363 EM 8.530045
M -20 N -23 OM 8.527054 EM 8.530045
M -20 N -22 OM 8.556817 EM 8.530045
M -20 N -21 OM 8.587641 EM 8.556817
M -20 N -20 OM 8.577296 EM 8.587641
M -20 N -19 OM 8.565516 EM 8.587641
M -20 N -18 OM 8.554890 EM 8.587641
M -20 N -17 OM 8.545421 EM 8.587641
M -20 N -16 OM 8.537112 EM 8.587641
M -20 N -15 OM 8.529967 EM 8.587641
M -20 N -14 OM 8.523991 EM 8.587641
M -20 N -13 OM 8.519183 EM 8.587641
M -20 N -12 OM 8.515547 EM 8.587641
M -20 N -11 OM 8.513084 EM 8.587641
M -20 N -10 OM 8.511796 EM 8.587641
M -20 N -9 OM 8.511683 EM 8.587641
M -20 N -8 OM 8.512744 EM 8.587641
M -20 N -7 OM 8.514979 EM 8.587641
M -20 N -6 OM 8.518389 EM 8.587641
M -20 N -5 OM 8.522969 EM 8.587641
M -20 N -4 OM 8.528721 EM 8.587641
M -20 N -3 OM 7.996144 EM 8.587641
M -20 N -2 OM 7.940843 EM 8.587641
M -20 N -1 OM 7.886423 EM 8.587641
M -20 N 0 OM 7.832900 EM 8.587641
M -20 N 1 OM 7.780295 EM 8.587641
M -20 N 2 OM 7.728626 EM 8.587641
M -20 N 3 OM 7.677911 EM 8.587641
M -20 N 4 OM 7.628171 EM 8.587641
M -20 N 5 OM 7.579423 EM 8.587641
M -20 N 6 OM 7.531688 EM 8.587641
M -20 N 7 OM 7.484984 EM 8.587641
M -20 N 8 OM 7.439332 EM 8.587641
M -20 N 9 OM 7.394750 EM 8.587641
M -20 N 10 OM 6.662542 EM 8.587641
M -20 N 11 OM 6.595569 EM 8.587641
M -20 N 12 OM 6.529440 EM 8.587641
M -20 N 13 OM 6.464183 EM 8.587641
M -20 N 14 OM 6.399823 EM 8.587641
M -20 N 15 OM 6.336387 EM 8.587641
M -20 N 16 OM 6.273903 EM 8.587641
M -20 N 17 OM 6.212401 EM 8.587641
M -20 N 18 OM 6.151910 EM 8.587641
M -20 N 19 OM 6.092459 EM 8.587641
M -20 N 20 OM 6.034081 EM 8.587641
M -20 N 21 OM 5.976805 EM 8.587641
M -20 N 22 OM 5.920664 EM 8.587641
M -20 N 23 OM 5.865691 EM 8.587641
M -20 N 24 OM 5.811918 EM 8.587641
M -20 N 25 OM 5.759380 EM 8.587641
M -20 N 26 OM 5.708111 EM 8.587641
M -20 N 27 OM 5.658144 EM 8.587641
M -20 N 28 OM 5.609515 EM 8.587641
M -20 N 29 OM 5.562259 EM 8.587641
M -20 N 30 OM 5.516411 EM 8.587641
M -20 N 31 OM 5.472007 EM 8.587641
M -20 N 32 OM 5.429082 EM 8.587641
M -20 N 33 OM 5.387671 EM 8.587641
M -20 N 34 OM 5.347809 EM 8.587641
M -20 N 35 OM 5.309532 EM 8.587641
M -20 N 36 OM 5.272873 EM 8.587641
M -20 N 37 OM 5.237868 EM 8.587641
M -20 N 38 OM 5.204549 EM 8.587641
M -20 N 39 OM 5.172948 EM 8.587641
M -20 N 40 OM 5.143098 EM 8.587641
M -20 N 41 OM 5.115030 EM 8.587641
M -20 N 42 OM 5.088771 EM 8.587641
M -20 N 43 OM 5.064352 EM 8.587641
M -20 N 44 OM 5.041798 EM 8.587641
M -20 N 45 OM 5.021135 EM 8.587641
M -20 N 46 OM 5.002386 EM 8.587641
M -20 N 47 OM 4.985572 EM 8.587641
M -20 N 48 OM 4.970714 EM 8.587641
M -20 N 49 OM 4.957828 EM 8.587641
M -20 N 50 OM 4.864670 EM 8.587641
M -19 N -50 OM 5.367671 EM 8.587641
M -19 N -49 OM 5.423187 EM 8.587641
M -19 N -48 OM 5.479966 EM 8.587641
M -19 N -47 OM 5.537968 EM 8.587641
M -19 N -46 OM 5.597156 EM 8.587641
M -19 N -45 OM 5.657493 EM 8.587641
M -19 N -44 OM 5.718941 EM 8.587641
M -19 N -43 OM 5.781466 EM 8.587641
M -19 N -42 OM 5.845034 EM 8.587641
M -19 N -41 OM 5.909610 EM 8.587641
M -19 N -40 OM 5.975162 EM 8.587641
M -19 N -39 OM 6.041657 EM 8.587641
M -19 N -38 OM 6.109066 EM 8.587641
M -19 N -37 OM 6.177358 EM 8.587641
M -19 N -36 OM 6.246505 EM 8.587641
M -19 N -35 OM 6.316478 EM 8.587641
M -19 N -34 OM 7.613291 EM 8.587641
M -19 N -33 OM 7.668198 EM 8.587641
M -19 N -32 OM 7.724010 EM 8.587641
M -19 N -31 OM 7.780707 EM 8.587641
M -19 N -30 OM 8.441907 EM 8.587641
M -19 N -29 OM 8.463702 EM 8.587641
M -19 N -28 OM 8.486620 EM 8.587641
M -19 N -27 OM 8.510652 EM 8.587641
M -19 N -26 OM 8.535787 EM 8.587641
M -19 N -25 OM 8.562016 EM 8.587641
M -19 N -24 OM 8.589330 EM 8.587641
M -19 N -23 OM 8.617718 EM 8.589330
M -19 N -22 OM 8.647168 EM 8.617718
M -19 N -21 OM 8.633895 EM 8.647168
M -19 N -20 OM 8.621033 EM 8.647168
M -19 N -19 OM 8.609313 EM 8.647168
M -19 N -18 OM 8.598741 EM 8.647168
M -19 N -17 OM 8.589319 EM 8.647168
M -19 N -16 OM 8.581054 EM 8.647168
M -19 N -15 OM 8.573946 EM 8.647168
M -19 N -14 OM 8.568000 EM 8.647168
M -19 N -13 OM 8.563216 EM 8.647168
M -19 N -12 OM 8.559600 EM 8.647168
M -19 N -11 OM 8.557150 EM 8.647168
M -19 N -10 OM 8.555868 EM 8.647168
M -19 N -9 OM 8.555755 EM 8.647168
M -19 N -8 OM 8.556810 EM 8.647168
M -19 N -7 OM 8.559035 EM 8.647168
M -19 N -6 OM 8.562427 EM 8.647168
M -19 N -5 OM 8.566984 EM 8.647168
M -19 N -4 OM 8.572705 EM 8.647168
M -19 N -3 OM 8.047777 EM 8.647168
M -19 N -2 OM 7.992834 EM 8.647168
M -19 N -1 OM 7.938769 EM 8.647168
M -19 N 0 OM 7.885602 EM 8.647168
M -19 N 1 OM 7.833351 EM 8.647168
M -19 N 2 OM 7.782034 EM 8.647168
M -19 N 3 OM 7.731670 EM 8.647168
M -19 N 4 OM 7.682278 EM 8.647168
M -19 N 5 OM 7.633875 EM 8.647168
M -19 N 6 OM 7.586483 EM 8.647168
M -19 N 7 OM 7.540118 EM 8.647168
M -19 N 8 OM 7.494802 EM 8.647168
M -19 N 9 OM 7.450552 EM 8.647168
M -19 N 10 OM 6.714184 EM 8.647168
M -19 N 11 OM 6.647731 EM 8.647168
M -19 N 12 OM 6.582127 EM 8.647168
M -19 N 13 OM 6.517397 EM 8.647168
M -19 N 14 OM 6.453567 EM 8.647168
M -19 N 15 OM 6.390665 EM 8.647168
M -19 N 16 OM 6.328717 EM 8.647168
M -19 N 17 OM 6.267753 EM 8.647168
M -19 N 18 OM 6.207801 EM 8.647168
M -19 N 19 OM 6.148891 EM 8.647168
M -19 N 20 OM 6.091053 EM 8.647168
M -19 N 21 OM 6.034318 EM 8.647168
M -19 N 22 OM 5.978718 EM 8.647168
M -19 N 23 OM 5.924283 EM 8.647168
M -19 N 24 OM 5.871047 EM 8.647168
M -19 N 25 OM 5.819043 EM 8.647168
M -19 N 26 OM 5.768304 EM 8.647168
M -19 N 27 OM 5.718863 EM 8.647168
M -19 N 28 OM 5.670755 EM 8.647168
M -19 N 29 OM 5.624013 EM 8.647168
M -19 N 30 OM 5.578673 EM 8.647168
M -19 N 31 OM 5.534769 EM 8.647168
M -19 N 32 OM 5.492333 EM 8.647168
M -19 N 33 OM 5.451403 EM 8.647168
M -19 N 34 OM 5.412011 EM 8.647168
M -19 N 35 OM 5.374191 EM 8.647168
M -19 N 36 OM 5.337977 EM 8.647168
M -19 N 37 OM 5.303401 EM 8.647168
M -19 N 38 OM 5.270496 EM 8.647168
M -19 N 39 OM 5.239294 EM 8.647168
M -19 N 40 OM 5.209824 EM 8.647168
M -19 N 41 OM 5.182116 EM 8.647168
M -19 N 42 OM 5.156199 EM 8.647168
M -19 N 43 OM 5.132101 EM 8.647168
M -19 N 44 OM 5.109846 EM 8.647168
M -19 N 45 OM 5.089459 EM 8.647168
M -19 N 46 OM 5.070963 EM 8.647168
M -19 N 47 OM 5.054377 EM 8.647168
M -19 N 48 OM 4.995718 EM 8.647168
M -19 N 49 OM 4.931335 EM 8.647168
M -19 N 50 OM 4.847805 EM 8.647168
M -18 N -50 OM 5.348036 EM 8.647168
M -18 N -49 OM 5.403754 EM 8.647168
M -18 N -48 OM 5.460734 EM 8.647168
M -18 N -47 OM 5.518939 EM 8.647168
M -18 N -46 OM 5.578329 EM 8.647168
M -18 N -45 OM 5.638867 EM 8.647168
M -18 N -44 OM 5.700516 EM 8.647168
M -18 N -43 OM 5.763242 EM 8.647168
M -18 N -42 OM 5.827008 EM 8.647168
M -18 N -41 OM 5.891781 EM 8.647168
M -18 N -40 OM 5.957530 EM 8.647168
M -18 N -39 OM 6.024220 EM 8.647168
M -18 N -38 OM 6.091822 EM 8.647168
M -18 N -37 OM 6.160305 EM 8.647168
M -18 N -36 OM 6.229640 EM 8.647168
M -18 N -35 OM 6.299801 EM 8.647168
M -18 N -34 OM 7.576595 EM 8.647168
M -18 N -33 OM 7.631767 EM 8.647168
M -18 N -32 OM 7.687843 EM 8.647168
M -18 N -31 OM 7.744804 EM 8.647168
M -18 N -30 OM 8.534646 EM 8.647168
M -18 N -29 OM 8.556206 EM 8.647168
M -18 N -28 OM 8.578876 EM 8.647168
M -18 N -27 OM 8.602650 EM 8.647168
M -18 N -26 OM 8.627517 EM 8.647168
M -18 N -25 OM 8.653469 EM 8.647168
M -18 N -24 OM 8.680494 EM 8.653469
M -18 N -23 OM 8.707480 EM 8.680494
M -18 N -22 OM 8.692426 EM 8.707480
M -18 N -21 OM 8.678499 EM 8.707480
M -18 N -20 OM 8.665703 EM 8.707480
M -18 N -19 OM 8.654044 EM 8.707480
M -18 N -18 OM 8.643526 EM 8.707480
M -18 N -17 OM 8.634154 EM 8.707480
M -18 N -16 OM 8.625931 EM 8.707480
M -18 N -15 OM 8.618860 EM 8.707480
M -18 N -14 OM 8.612945 EM 8.707480
M -18 N -13 OM 8.608187 EM 8.707480
M -18 N -12 OM 8.604589 EM 8.707480
M -18 N -11 OM 8.602152 EM 8.707480
M -18 N -10 OM 8.600877 EM 8.707480
M -18 N -9 OM 8.600764 EM 8.707480
M -18 N -8 OM 8.601814 EM 8.707480
M -18 N -7 OM 8.604027 EM 8.707480
M -18 N -6 OM 8.607400 EM 8.707480
M -18 N -5 OM 8.611935 EM 8.707480
M -18 N -4 OM 8.617626 EM 8.707480
M -18 N -3 OM 8.100316 EM 8.707480
M -18 N -2 OM 8.045731 EM 8.707480
M -18 N -1 OM 7.992024 EM 8.707480
M -18 N 0 OM 7.939214 EM 8.707480
M -18 N 1 OM 7.887318 EM 8.707480
M -18 N 2 OM 7.836355 EM 8.707480
M -18 N 3 OM 7.786342 EM 8.707480
M -18 N 4 OM 7.737298 EM 8.707480
M -18 N 5 OM 7.689243 EM 8.707480
M -18 N 6 OM 7.642193 EM 8.707480
M -18 N 7 OM 7.596169 EM 8.707480
M -18 N 8 OM 7.551189 EM 8.707480
M -18 N 9 OM 7.507271 EM 8.707480
M -18 N 10 OM 6.766909 EM 8.707480
M -18 N 11 OM 6.700979 EM 8.707480
M -18 N 12 OM 6.635902 EM 8.707480
M -18 N 13 OM 6.571702 EM 8.707480
M -18 N 14 OM 6.508405 EM 8.707480
M -18 N 15 OM 6.446037 EM 8.707480
M -18 N 16 OM 6.384627 EM 8.707480
M -18 N 17 OM 6.324202 EM 8.707480
M -18 N 18 OM 6.264790 EM 8.707480
M -18 N 19 OM 6.206421 EM 8.707480
M -18 N 20 OM 6.149124 EM 8.707480
M -18 N 21 OM 6.092930 EM 8.707480
M -18 N 22 OM 6.037869 EM 8.707480
M -18 N 23 OM 5.983973 EM 8.707480
M -18 N 24 OM 5.931273 EM 8.707480
M -18 N 25 OM 5.879801 EM 8.707480
M -18 N 26 OM 5.829591 EM 8.707480
M -18 N 27 OM 5.780674 EM 8.707480
M -18 N 28 OM 5.733085 EM 8.707480
M -18 N 29 OM 5.686856 EM 8.707480
M -18 N 30 OM 5.642020 EM 8.707480
M -18 N 31 OM 5.598612 EM 8.707480
M -18 N 32 OM 5.556665 EM 8.707480
M -18 N 33 OM 5.516212 EM 8.707480
M -18 N 34 OM 5.477286 EM 8.707480
M -18 N 35 OM 5.439920 EM 8.707480
M -18 N 36 OM 5.404146 EM 8.707480
M -18 N 37 OM 5.369997 EM 8.707480
M -18 N 38 OM 5.337502 EM 8.707480
M -18 N 39 OM 5.306693 EM 8.707480
M -18 N 40 OM 5.277600 EM 8.707480
M -18 N 41 OM 5.250250 EM 8.707480
M -18 N 42 OM 5.224672 EM 8.707480
M -18 N 43 OM 5.200891 EM 8.707480
M -18 N 44 OM 5.178931 EM 8.707480
M -18 N 45 OM 5.133303 EM 8.707480
M -18 N 46 OM 5.064748 EM 8.707480
M -18 N 47 OM 4.997253 EM 8.707480
M -18 N 48 OM 4.930862 EM 8.707480
M -18 N 49 OM 4.865621 EM 8.707480
M -18 N 50 OM 4.801576 EM 8.707480
M -17 N -50 OM 5.330205 EM 8.707480
M -17 N -49 OM 5.386107 EM 8.707480
M -17 N -48 OM 5.443273 EM 8.707480
M -17 N -47 OM 5.501663 EM 8.707480
M -17 N -46 OM 5.561237 EM 8.707480
M -17 N -45 OM 5.621959 EM 8.707480
M -17 N -44 OM 5.683792 EM 8.707480
M -17 N -43 OM 5.746699 EM 8.707480
M -17 N -42 OM 5.810647 EM 8.707480
M -17 N -41 OM 5.875601 EM 8.707480
M -17 N -40 OM 5.941528 EM 8.707480
M -17 N -39 OM 6.008396 EM 8.707480
M -17 N -38 OM 6.076174 EM 8.707480
M -17 N -37 OM 6.144832 EM 8.707480
M -17 N -36 OM 6.214340 EM 8.707480
M -17 N -35 OM 6.284671 EM 8.707480
M -17 N -34 OM 7.541048 EM 8.707480
M -17 N -33 OM 7.596477 EM 8.707480
M -17 N -32 OM 7.652812 EM 8.707480
M -17 N -31 OM 7.710032 EM 8.707480
M -17 N -30 OM 8.627547 EM 8.707480
M -17 N -29 OM 8.648875 EM 8.707480
M -17 N -28 OM 8.671304 EM 8.707480
M -17 N -27 OM 8.694825 EM 8.707480
M -17 N -26 OM 8.719429 EM 8.707480
M -17 N -25 OM 8.745108 EM 8.719429
M -17 N -24 OM 8.768942 EM 8.745108
M -17 N -23 OM 8.752851 EM 8.768942
M -17 N -22 OM 8.737876 EM 8.768942
M -17 N -21 OM 8.724021 EM 8.768942
M -17 N -20 OM 8.711292 EM 8.768942
M -17 N -19 OM 8.699694 EM 8.768942
M -17 N -18 OM 8.689232 EM 8.768942
M -17 N -17 OM 8.679908 EM 8.768942
M -17 N -16 OM 8.671728 EM 8.768942
M -17 N -15 OM 8.664695 EM 8.768942
M -17 N -14 OM 8.658811 EM 8.768942
M -17 N -13 OM 8.654078 EM 8.768942
M -17 N -12 OM 8.650499 EM 8.768942
M -17 N -11 OM 8.648075 EM 8.768942
M -17 N -10 OM 8.646807 EM 8.768942
M -17 N -9 OM 8.646695 EM 8.768942
M -17 N -8 OM 8.647740 EM 8.768942
M -17 N -7 OM 8.649940 EM 8.768942
M -17 N -6 OM 8.653296 EM 8.768942
M -17 N -5 OM 8.657806 EM 8.768942
M -17 N -4 OM 8.663468 EM 8.768942
M -17 N -3 OM 8.153743 EM 8.768942
M -17 N -2 OM 8.099518 EM 8.768942
M -17 N -1 OM 8.046170 EM 8.768942
M -17 N 0 OM 7.993718 EM 8.768942
M -17 N 1 OM 7.942178 EM 8.768942
M -17 N 2 OM 7.891568 EM 8.768942
M -17 N 3 OM 7.841908 EM 8.768942
M -17 N 4 OM 7.793214 EM 8.768942
M -17 N 5 OM 7.745505 EM 8.768942
M -17 N 6 OM 7.698800 EM 8.768942
M -17 N 7 OM 7.653116 EM 8.768942
M -17 N 8 OM 7.608472 EM 8.768942
M -17 N 9 OM 7.564888 EM 8.768942
M -17 N 10 OM 6.820693 EM 8.768942
M -17 N 11 OM 6.755289 EM 8.768942
M -17 N 12 OM 6.690740 EM 8.768942
M -17 N 13 OM 6.627070 EM 8.768942
M -17 N 14 OM 6.564307 EM 8.768942
M -17 N 15 OM 6.502476 EM 8.768942
M -17 N 16 OM 6.441604 EM 8.768942
M -17 N 17 OM 6.381718 EM 8.768942
M -17 N 18 OM 6.322847 EM 8.768942
M -17 N 19 OM 6.265019 EM 8.768942
M -17 N 20 OM 6.208263 EM 8.768942
M -17 N 21 OM 6.152609 EM 8.768942
M -17 N 22 OM 6.098087 EM 8.768942
M -17 N 23 OM 6.044727 EM 8.768942
M -17 N 24 OM 5.992561 EM 8.768942
M -17 N 25 OM 5.941621 EM 8.768942
M -17 N 26 OM 5.891938 EM 8.768942
M -17 N 27 OM 5.843543 EM 8.768942
M -17 N 28 OM 5.796470 EM 8.768942
M -17 N 29 OM 5.750750 EM 8.768942
M -17 N 30 OM 5.706417 EM 8.768942
M -17 N 31 OM 5.663503 EM 8.768942
M -17 N 32 OM 5.622039 EM 8.768942
M -17 N 33 OM 5.582060 EM 8.768942
M -17 N 34 OM 5.543596 EM 8.768942
M -17 N 35 OM 5.506680 EM 8.768942
M -17 N 36 OM 5.471343 EM 8.768942
M -17 N 37 OM 5.437615 EM 8.768942
M -17 N 38 OM 5.405528 EM 8.768942
M -17 N 39 OM 5.375109 EM 8.768942
M -17 N 40 OM 5.346387 EM 8.768942
M -17 N 41 OM 5.319392 EM 8.768942
M -17 N 42 OM 5.286247 EM 8.768942
M -17 N 43 OM 5.213949 EM 8.768942
M -17 N 44 OM 5.142581 EM 8.768942
M -17 N 45 OM 5.072179 EM 8.768942
M -17 N 46 OM 5.002786 EM 8.768942
M -17 N 47 OM 4.934444 EM 8.768942
M -17 N 48 OM 4.867197 EM 8.768942
M -17 N 49 OM 4.801090 EM 8.768942
M -17 N 50 OM 4.736173 EM 8.768942
M -16 N -50 OM 5.314197 EM 8.768942
M -16 N -49 OM 5.370266 EM 8.768942
M -16 N -48 OM 5.427598 EM 8.768942
M -16 N -47 OM 5.486154 EM 8.768942
M -16 N -46 OM 5.545896 EM 8.768942
M -16 N -45 OM 5.606783 EM 8.768942
M -16 N -44 OM 5.668782 EM 8.768942
M -16 N -43 OM 5.731854 EM 8.768942
M -16 N -42 OM 5.795966 EM 8.768942
M -16 N -41 OM 5.861083 EM 8.768942
M -16 N -40 OM 5.927171 EM 8.768942
M -16 N -39 OM 5.994199 EM 8.768942
M -16 N -38 OM 6.062136 EM 8.768942
M -16 N -37 OM 6.130950 EM 8.768942
M -16 N -36 OM 6.200615 EM 8.768942
M -16 N -35 OM 6.271100 EM 8.768942
M -16 N -34 OM 7.506664 EM 8.768942
M -16 N -33 OM 7.562345 EM 8.768942
M -16 N -32 OM 7.618933 EM 8.768942
M -16 N -31 OM 7.676405 EM 8.768942
M -16 N -30 OM 8.720607 EM 8.768942
M -16 N -29 OM 8.741708 EM 8.768942
M -16 N -28 OM 8.763899 EM 8.768942
M -16 N -27 OM 8.787172 EM 8.768942
M -16 N -26 OM 8.811519 EM 8.787172
M -16 N -25 OM 8.832241 EM 8.811519
M -16 N -24 OM 8.815131 EM 8.832241
M -16 N -23 OM 8.799126 EM 8.832241
M -16 N -22 OM 8.784229 EM 8.832241
M -16 N -21 OM 8.770448 EM 8.832241
M -16 N -20 OM 8.757786 EM 8.832241
M -16 N -19 OM 8.746249 EM 8.832241
M -16 N -18 OM 8.735843 EM 8.832241
M -16 N -17 OM 8.726569 EM 8.832241
M -16 N -16 OM 8.718433 EM 8.832241
M -16 N -15 OM 8.711437 EM 8.832241
M -16 N -14 OM 8.705585 EM 8.832241
M -16 N -13 OM 8.700878 EM 8.832241
M -16 N -12 OM 8.697318 EM 8.832241
M -16 N -11 OM 8.694907 EM 8.832241
M -16 N -10 OM 8.693646 EM 8.832241
M -16 N -9 OM 8.693535 EM 8.832241
M -16 N -8 OM 8.694573 EM 8.832241
M -16 N -7 OM 8.696763 EM 8.832241
M -16 N -6 OM 8.700101 EM 8.832241
M -16 N -5 OM 8.704586 EM 8.832241
M -16 N -4 OM 8.710217 EM 8.832241
M -16 N -3 OM 8.208040 EM 8.832241
M -16 N -2 OM 8.154176 EM 8.832241
M -16 N -1 OM 8.101189 EM 8.832241
M -16 N 0 OM 8.049094 EM 8.832241
M -16 N 1 OM 7.997911 EM 8.832241
M -16 N 2 OM 7.947657 EM 8.832241
M -16 N 3 OM 7.898349 EM 8.832241
M -16 N 4 OM 7.850006 EM 8.832241
M -16 N 5 OM 7.802644 EM 8.832241
M -16 N 6 OM 7.756283 EM 8.832241
M -16 N 7 OM 7.710939 EM 8.832241
M -16 N 8 OM 7.666632 EM 8.832241
M -16 N 9 OM 7.623380 EM 8.832241
M -16 N 10 OM 6.875512 EM 8.832241
M -16 N 11 OM 6.810633 EM 8.832241
M -16 N 12 OM 6.746614 EM 8.832241
M -16 N 13 OM 6.683477 EM 8.832241
M -16 N 14 OM 6.621248 EM 8.832241
M -16 N 15 OM 6.559954 EM 8.832241
M -16 N 16 OM 6.499620 EM 8.832241
M -16 N 17 OM 6.440274 EM 8.832241
M -16 N 18 OM 6.381943 EM 8.832241
M -16 N 19 OM 6.324655 EM 8.832241
M -16 N 20 OM 6.268439 EM 8.832241
M -16 N 21 OM 6.213324 EM 8.832241
M -16 N 22 OM 6.159339 EM 8.832241
M -16 N 23 OM 6.106515 EM 8.832241
M -16 N 24 OM 6.054882 EM 8.832241
M -16 N 25 OM 6.004470 EM 8.832241
M -16 N 26 OM 5.955311 EM 8.832241
M -16 N 27 OM 5.907436 EM 8.832241
M -16 N 28 OM 5.860876 EM 8.832241
M -16 N 29 OM 5.815662 EM 8.832241
M -16 N 30 OM 5.771828 EM 8.832241
M -16 N 31 OM 5.729403 EM 8.832241
M -16 N 32 OM 5.688420 EM 8.832241
M -16 N 33 OM 5.648911 EM 8.832241
M -16 N 34 OM 5.610906 EM 8.832241
M -16 N 35 OM 5.574435 EM 8.832241
M -16 N 36 OM 5.539530 EM 8.832241
M -16 N 37 OM 5.506220 EM 8.832241
M -16 N 38 OM 5.474535 EM 8.832241
M -16 N 39 OM 5.444501 EM 8.832241
M -16 N 40 OM 5.377627 EM 8.832241
M -16 N 41 OM 5.302804 EM 8.832241
M -16 N 42 OM 5.228824 EM 8.832241
M -16 N 43 OM 5.155722 EM 8.832241
M -16 N 44 OM 5.083536 EM 8.832241
M -16 N 45 OM 5.012305 EM 8.832241
M -16 N 46 OM 4.942071 EM 8.832241
M -16 N 47 OM 4.872878 EM 8.832241
M -16 N 48 OM 4.804769 EM 8.832241
M -16 N 49 OM 4.737792 EM 8.832241
M -16 N 50 OM 4.671995 EM 8.832241
M -15 N -50 OM 5.300027 EM 8.832241
M -15 N -49 OM 5.356245 EM 8.832241
M -15 N -48 OM 5.413725 EM 8.832241
M -15 N -47 OM 5.472430 EM 8.832241
M -15 N -46 OM 5.532319 EM 8.832241
M -15 N -45 OM 5.593355 EM 8.832241
M -15 N -44 OM 5.655501 EM 8.832241
M -15 N -43 OM 5.718719 EM 8.832241
M -15 N -42 OM 5.782977 EM 8.832241
M -15 N -41 OM 5.848238 EM 8.832241
M -15 N -40 OM 5.914470 EM 8.832241
M -15 N -39 OM 5.981640 EM 8.832241
M -15 N -38 OM 6.049718 EM 8.832241
M -15 N -37 OM 6.118673 EM 8.832241
M -15 N -36 OM 6.188475 EM 8.832241
M -15 N -35 OM 6.259097 EM 8.832241
M -15 N -34 OM 7.473459 EM 8.832241
M -15 N -33 OM 7.529387 EM 8.832241
M -15 N -32 OM 7.586220 EM 8.832241
M -15 N -31 OM 7.643939 EM 8.832241
M -15 N -30 OM 8.813818 EM 8.832241
M -15 N -29 OM 8.834696 EM 8.832241
M -15 N -28 OM 8.856654 EM 8.834696
M -15 N -27 OM 8.879683 EM 8.856654
M -15 N -26 OM 8.897337 EM 8.879683
M -15 N -25 OM 8.879228 EM 8.897337
M -15 N -24 OM 8.862208 EM 8.897337
M -15 N -23 OM 8.846288 EM 8.897337
M -15 N -22 OM 8.831471 EM 8.897337
M -15 N -21 OM 8.817763 EM 8.897337
M -15 N -20 OM 8.805170 EM 8.897337
M -15 N -19 OM 8.793695 EM 8.897337
M -15 N -18 OM 8.783345 EM 8.897337
M -15 N -17 OM 8.774122 EM 8.897337
M -15 N -16 OM 8.766029 EM 8.897337
M -15 N -15 OM 8.759072 EM 8.897337
M -15 N -14 OM 8.753252 EM 8.897337
M -15 N -13 OM 8.748569 EM 8.897337
M -15 N -12 OM 8.745029 EM 8.897337
M -15 N -11 OM 8.742632 EM 8.897337
M -15 N -10 OM 8.741378 EM 8.897337
M -15 N -9 OM 8.741267 EM 8.897337
M -15 N -8 OM 8.742300 EM 8.897337
M -15 N -7 OM 8.744477 EM 8.897337
M -15 N -6 OM 8.747797 EM 8.897337
M -15 N -5 OM 8.752257 EM 8.897337
M -15 N -4 OM 8.757858 EM 8.897337
M -15 N -3 OM 8.263190 EM 8.897337
M -15 N -2 OM 8.209688 EM 8.897337
M -15 N -1 OM 8.157062 EM 8.897337
M -15 N 0 OM 8.105327 EM 8.897337
M -15 N 1 OM 8.054501 EM 8.897337
M -15 N 2 OM 8.004602 EM 8.897337
M -15 N 3 OM 7.955647 EM 8.897337
M -15 N 4 OM 7.907654 EM 8.897337
M -15 N 5 OM 7.860640 EM 8.897337
M -15 N 6 OM 7.814622 EM 8.897337
M -15 N 7 OM 7.769619 EM 8.897337
M -15 N 8 OM 7.725649 EM 8.897337
M -15 N 9 OM 7.682729 EM 8.897337
M -15 N 10 OM 6.931339 EM 8.897337
M -15 N 11 OM 6.866988 EM 8.897337
M -15 N 12 OM 6.803499 EM 8.897337
M -15 N 13 OM 6.740895 EM 8.897337
M -15 N 14 OM 6.679202 EM 8.897337
M -15 N 15 OM 6.618443 EM 8.897337
M -15 N 16 OM 6.558648 EM 8.897337
M -15 N 17 OM 6.499841 EM 8.897337
M -15 N 18 OM 6.442049 EM 8.897337
M -15 N 19 OM 6.385301 EM 8.897337
M -15 N 20 OM 6.329623 EM 8.897337
M -15 N 21 OM 6.275046 EM 8.897337
M -15 N 22 OM 6.221597 EM 8.897337
M -15 N 23 OM 6.169305 EM 8.897337
M -15 N 24 OM 6.118202 EM 8.897337
M -15 N 25 OM 6.068316 EM 8.897337
M -15 N 26 OM 6.019679 EM 8.897337
M -15 N 27 OM 5.972319 EM 8.897337
M -15 N 28 OM 5.926269 EM 8.897337
M -15 N 29 OM 5.881558 EM 8.897337
M -15 N 30 OM 5.838219 EM 8.897337
M -15 N 31 OM 5.796280 EM 8.897337
M -15 N 32 OM 5.755774 EM 8.897337
M -15 N 33 OM 5.716730 EM 8.897337
M -15 N 34 OM 5.679178 EM 8.897337
M -15 N 35 OM 5.643149 EM 8.897337
M -15 N 36 OM 5.608672 EM 8.897337
M -15 N 37 OM 5.554500 EM 8.897337
M -15 N 38 OM 5.476617 EM 8.897337
M -15 N 39 OM 5.399463 EM 8.897337
M -15 N 40 OM 5.323070 EM 8.897337
M -15 N 41 OM 5.247469 EM 8.897337
M -15 N 42 OM 5.172698 EM 8.897337
M -15 N 43 OM 5.098791 EM 8.897337
M -15 N 44 OM 5.025787 EM 8.897337
M -15 N 45 OM 4.953726 EM 8.897337
M -15 N 46 OM 4.882650 EM 8.897337
M -15 N 47 OM 4.812602 EM 8.897337
M -15 N 48 OM 4.743628 EM 8.897337
M -15 N 49 OM 4.675775 EM 8.897337
M -15 N 50 OM 4.609093 EM 8.897337
M -14 N -50 OM 5.287711 EM 8.897337
M -14 N -49 OM 5.344058 EM 8.897337
M -14 N -48 OM 5.401668 EM 8.897337
M -14 N -47 OM 5.460503 EM 8.897337
M -14 N -46 OM 5.520521 EM 8.897337
M -14 N -45 OM 5.581686 EM 8.897337
M -14 N -44 OM 5.643960 EM 8.897337
M -14 N -43 OM 5.707307 EM 8.897337
M -14 N -42 OM 5.771692 EM 8.897337
M -14 N -41 OM 5.837079 EM 8.897337
M -14 N -40 OM 5.903436 EM 8.897337
M -14 N -39 OM 5.970730 EM 8.897337
M -14 N -38 OM 6.038931 EM 8.897337
M -14 N -37 OM 6.108007 EM 8.897337
M -14 N -36 OM 6.177930 EM 8.897337
M -14 N -35 OM 6.248671 EM 8.897337
M -14 N -34 OM 7.441452 EM 8.897337
M -14 N -33 OM 7.497617 EM 8.897337
M -14 N -32 OM 7.554689 EM 8.897337
M -14 N -31 OM 7.612648 EM 8.897337
M -14 N -30 OM 8.907176 EM 8.897337
M -14 N -29 OM 8.927835 EM 8.907176
M -14 N -28 OM 8.949565 EM 8.927835
M -14 N -27 OM 8.964192 EM 8.949565
M -14 N -26 OM 8.945100 EM 8.964192
M -14 N -25 OM 8.927087 EM 8.964192
M -14 N -24 OM 8.910160 EM 8.964192
M -14 N -23 OM 8.894324 EM 8.964192
M -14 N -22 OM 8.879587 EM 8.964192
M -14 N -21 OM 8.865954 EM 8.964192
M -14 N -20 OM 8.853429 EM 8.964192
M -14 N -19 OM 8.842017 EM 8.964192
M -14 N -18 OM 8.831724 EM 8.964192
M -14 N -17 OM 8.822551 EM 8.964192
M -14 N -16 OM 8.814504 EM 8.964192
M -14 N -15 OM 8.807585 EM 8.964192
M -14 N -14 OM 8.801796 EM 8.964192
M -14 N -13 OM 8.797140 EM 8.964192
M -14 N -12 OM 8.793619 EM 8.964192
M -14 N -11 OM 8.791235 EM 8.964192
M -14 N -10 OM 8.789988 EM 8.964192
M -14 N -9 OM 8.789878 EM 8.964192
M -14 N -8 OM 8.790905 EM 8.964192
M -14 N -7 OM 8.793070 EM 8.964192
M -14 N -6 OM 8.796371 EM 8.964192
M -14 N -5 OM 8.800807 EM 8.964192
M -14 N -4 OM 8.806377 EM 8.964192
M -14 N -3 OM 8.319179 EM 8.964192
M -14 N -2 OM 8.266039 EM 8.964192
M -14 N -1 OM 8.213773 EM 8.964192
M -14 N 0 OM 8.162397 EM 8.964192
M -14 N 1 OM 8.111929 EM 8.964192
M -14 N 2 OM 8.062386 EM 8.964192
M -14 N 3 OM 8.013783 EM 8.964192
M -14 N 4 OM 7.966140 EM 8.964192
M -14 N 5 OM 7.919473 EM 8.964192
M -14 N 6 OM 7.873800 EM 8.964192
M -14 N 7 OM 7.829137 EM 8.964192
M -14 N 8 OM 7.785503 EM 8.964192
M -14 N 9 OM 7.742915 EM 8.964192
M -14 N 10 OM 6.988152 EM 8.964192
M -14 N 11 OM 6.924329 EM 8.964192
M -14 N 12 OM 6.861370 EM 8.964192
M -14 N 13 OM 6.799299 EM 8.964192
M -14 N 14 OM 6.738140 EM 8.964192
M -14 N 15 OM 6.677918 EM 8.964192
M -14 N 16 OM 6.618660 EM 8.964192
M -14 N 17 OM 6.560391 EM 8.964192
M -14 N 18 OM 6.503137 EM 8.964192
M -14 N 19 OM 6.446927 EM 8.964192
M -14 N 20 OM 6.391786 EM 8.964192
M -14 N 21 OM 6.337744 EM 8.964192
M -14 N 22 OM 6.284828 EM 8.964192
M -14 N 23 OM 6.233067 EM 8.964192
M -14 N 24 OM 6.182491 EM 8.964192
M -14 N 25 OM 6.133128 EM 8.964192
M -14 N 26 OM 6.085009 EM 8.964192
M -14 N 27 OM 6.038162 EM 8.964192
M -14 N 28 OM 5.992617 EM 8.964192
M -14 N 29 OM 5.948406 EM 8.964192
M -14 N 30 OM 5.905556 EM 8.964192
M -14 N 31 OM 5.864100 EM 8.964192
M -14 N 32 OM 5.824065 EM 8.964192
M -14 N 33 OM 5.785481 EM 8.964192
M -14 N 34 OM 5.748379 EM 8.964192
M -14 N 35 OM 5.712787 EM 8.964192
M -14 N 36 OM 5.582813 EM 8.964192
M -14 N 37 OM 5.503514 EM 8.964192
M -14 N 38 OM 5.424900 EM 8.964192
M -14 N 39 OM 5.346999 EM 8.964192
M -14 N 40 OM 5.269845 EM 8.964192
M -14 N 41 OM 5.193470 EM 8.964192
M -14 N 42 OM 5.117910 EM 8.964192
M -14 N 43 OM 5.043200 EM 8.964192
M -14 N 44 OM 4.969380 EM 8.964192
M -14 N 45 OM 4.896489 EM 8.964192
M -14 N 46 OM 4.824569 EM 8.964192
M -14 N 47 OM 4.753665 EM 8.964192
M -14 N 48 OM 4.683824 EM 8.964192
M -14 N 49 OM 4.615091 EM 8.964192
M -14 N 50 OM 4.547520 EM 8.964192
M -13 N -50 OM 5.277262 EM 8.964192
M -13 N -49 OM 5.333719 EM 8.964192
M -13 N -48 OM 5.391439 EM 8.964192
M -13 N -47 OM 5.450384 EM 8.964192
M -13 N -46 OM 5.510513 EM 8.964192
M -13 N -45 OM 5.571788 EM 8.964192
M -13 N -44 OM 5.634171 EM 8.964192
M -13 N -43 OM 5.697627 EM 8.964192
M -13 N -42 OM 5.762120 EM 8.964192
M -13 N -41 OM 5.827614 EM 8.964192
M -13 N -40 OM 5.894078 EM 8.964192
M -13 N -39 OM 5.961478 EM 8.964192
M -13 N -38 OM 6.029784 EM 8.964192
M -13 N -37 OM 6.098964 EM 8.964192
M -13 N -36 OM 6.168989 EM 8.964192
M -13 N -35 OM 6.239831 EM 8.964192
M -13 N -34 OM 7.410654 EM 8.964192
M -13 N -33 OM 7.467052 EM 8.964192
M -13 N -32 OM 7.524356 EM 8.964192
M -13 N -31 OM 7.582546 EM 8.964192
M -13 N -30 OM 9.000677 EM 8.964192
M -13 N -29 OM 9.021123 EM 9.000677
M -13 N -28 OM 9.032767 EM 9.021123
M -13 N -27 OM 9.012710 EM 9.032767
M -13 N -26 OM 8.993720 EM 9.032767
M -13 N -25 OM 8.975805 EM 9.032767
M -13 N -24 OM 8.958970 EM 9.032767
M -13 N -23 OM 8.943221 EM 9.032767
M -13 N -22 OM 8.928565 EM 9.032767
M -13 N -21 OM 8.915007 EM 9.032767
M -13 N -20 OM 8.902551 EM 9.032767
M -13 N -19 OM 8.891202 EM 9.032767
M -13 N -18 OM 8.880965 EM 9.032767
M -13 N -17 OM 8.871843 EM 9.032767
M -13 N -16 OM 8.863841 EM 9.032767
M -13 N -15 OM 8.856960 EM 9.032767
M -13 N -14 OM 8.851204 EM 9.032767
M -13 N -13 OM 8.846575 EM 9.032767
M -13 N -12 OM 8.843073 EM 9.032767
M -13 N -11 OM 8.840702 EM 9.032767
M -13 N -10 OM 8.839461 EM 9.032767
M -13 N -9 OM 8.839352 EM 9.032767
M -13 N -8 OM 8.840374 EM 9.032767
M -13 N -7 OM 8.842526 EM 9.032767
M -13 N -6 OM 8.845809 EM 9.032767
M -13 N -5 OM 8.850221 EM 9.032767
M -13 N -4 OM 8.855760 EM 9.032767
M -13 N -3 OM 8.375985 EM 9.032767
M -13 N -2 OM 8.323208 EM 9.032767
M -13 N -1 OM 8.271303 EM 9.032767
M -13 N 0 OM 8.220287 EM 9.032767
M -13 N 1 OM 8.170177 EM 9.032767
M -13 N 2 OM 8.120989 EM 9.032767
M -13 N 3 OM 8.072740 EM 9.032767
M -13 N 4 OM 8.025447 EM 9.032767
M -13 N 5 OM 7.979126 EM 9.032767
M -13 N 6 OM 7.933796 EM 9.032767
M -13 N 7 OM 7.889473 EM 9.032767
M -13 N 8 OM 7.846175 EM 9.032767
M -13 N 9 OM 7.803917 EM 9.032767
M -13 N 10 OM 7.045925 EM 9.032767
M -13 N 11 OM 6.982631 EM 9.032767
M -13 N 12 OM 6.920202 EM 9.032767
M -13 N 13 OM 6.858664 EM 9.032767
M -13 N 14 OM 6.798038 EM 9.032767
M -13 N 15 OM 6.738353 EM 9.032767
M -13 N 16 OM 6.679630 EM 9.032767
M -13 N 17 OM 6.621898 EM 9.032767
M -13 N 18 OM 6.565181 EM 9.032767
M -13 N 19 OM 6.509506 EM 9.032767
M -13 N 20 OM 6.454900 EM 9.032767
M -13 N 21 OM 6.401391 EM 9.032767
M -13 N 22 OM 6.349005 EM 9.032767
M -13 N 23 OM 6.297772 EM 9.032767
M -13 N 24 OM 6.247719 EM 9.032767
M -13 N 25 OM 6.198876 EM 9.032767
M -13 N 26 OM 6.151270 EM 9.032767
M -13 N 27 OM 6.104932 EM 9.032767
M -13 N 28 OM 6.059890 EM 9.032767
M -13 N 29 OM 6.016172 EM 9.032767
M -13 N 30 OM 5.973809 EM 9.032767
M -13 N 31 OM 5.932829 EM 9.032767
M -13 N 32 OM 5.893261 EM 9.032767
M -13 N 33 OM 5.855134 EM 9.032767
M -13 N 34 OM 5.818476 EM 9.032767
M -13 N 35 OM 5.783315 EM 9.032767
M -13 N 36 OM 5.533895 EM 9.032767
M -13 N 37 OM 5.453886 EM 9.032767
M -13 N 38 OM 5.374545 EM 9.032767
M -13 N 39 OM 5.295904 EM 9.032767
M -13 N 40 OM 5.217995 EM 9.032767
M -13 N 41 OM 5.140850 EM 9.032767
M -13 N 42 OM 5.064504 EM 9.032767
M -13 N 43 OM 4.988995 EM 9.032767
M -13 N 44 OM 4.914360 EM 9.032767
M -13 N 45 OM 4.840641 EM 9.032767
M -13 N 46 OM 4.767879 EM 9.032767
M -13 N 47 OM 4.696119 EM 9.032767
M -13 N 48 OM 4.625408 EM 9.032767
M -13 N 49 OM 4.555795 EM 9.032767
M -13 N 50 OM 4.487330 EM 9.032767
M -12 N -50 OM 5.268690 EM 9.032767
M -12 N -49 OM 5.325237 EM 9.032767
M -12 N -48 OM 5.383049 EM 9.032767
M -12 N -47 OM 5.442085 EM 9.032767
M -12 N -46 OM 5.502305 EM 9.032767
M -12 N -45 OM 5.563670 EM 9.032767
M -12 N -44 OM 5.626143 EM 9.032767
M -12 N -43 OM 5.689689 EM 9.032767
M -12 N -42 OM 5.754270 EM 9.032767
M -12 N -41 OM 5.819853 EM 9.032767
M -12 N -40 OM 5.886405 EM 9.032767
M -12 N -39 OM 5.953891 EM 9.032767
M -12 N -38 OM 6.022283 EM 9.032767
M -12 N -37 OM 6.091548 EM 9.032767
M -12 N -36 OM 6.161657 EM 9.032767
M -12 N -35 OM 6.232583 EM 9.032767
M -12 N -34 OM 7.381083 EM 9.032767
M -12 N -33 OM 7.437706 EM 9.032767
M -12 N -32 OM 7.495234 EM 9.032767
M -12 N -31 OM 7.553648 EM 9.032767
M -12 N -30 OM 9.094316 EM 9.032767
M -12 N -29 OM 9.103022 EM 9.094316
M -12 N -28 OM 9.082020 EM 9.103022
M -12 N -27 OM 9.062072 EM 9.103022
M -12 N -26 OM 9.043185 EM 9.103022
M -12 N -25 OM 9.025369 EM 9.103022
M -12 N -24 OM 9.008626 EM 9.103022
M -12 N -23 OM 8.992965 EM 9.103022
M -12 N -22 OM 8.978389 EM 9.103022
M -12 N -21 OM 8.964906 EM 9.103022
M -12 N -20 OM 8.952520 EM 9.103022
M -12 N -19 OM 8.941235 EM 9.103022
M -12 N -18 OM 8.931055 EM 9.103022
M -12 N -17 OM 8.921985 EM 9.103022
M -12 N -16 OM 8.914027 EM 9.103022
M -12 N -15 OM 8.907185 EM 9.103022
M -12 N -14 OM 8.901461 EM 9.103022
M -12 N -13 OM 8.896857 EM 9.103022
M -12 N -12 OM 8.893376 EM 9.103022
M -12 N -11 OM 8.891019 EM 9.103022
M -12 N -10 OM 8.889785 EM 9.103022
M -12 N -9 OM 8.889676 EM 9.103022
M -12 N -8 OM 8.890693 EM 9.103022
M -12 N -7 OM 8.892833 EM 9.103022
M -12 N -6 OM 8.896097 EM 9.103022
M -12 N -5 OM 8.900484 EM 9.103022
M -12 N -4 OM 8.905991 EM 9.103022
M -12 N -3 OM 8.433595 EM 9.103022
M -12 N -2 OM 8.381181 EM 9.103022
M -12 N -1 OM 8.329638 EM 9.103022
M -12 N 0 OM 8.278980 EM 9.103022
M -12 N 1 OM 8.229227 EM 9.103022
M -12 N 2 OM 8.180394 EM 9.103022
M -12 N 3 OM 8.132498 EM 9.103022
M -12 N 4 OM 8.085554 EM 9.103022
M -12 N 5 OM 8.039580 EM 9.103022
M -12 N 6 OM 7.994593 EM 9.103022
M -12 N 7 OM 7.950609 EM 9.103022
M -12 N 8 OM 7.907645 EM 9.103022
M -12 N 9 OM 7.865718 EM 9.103022
M -12 N 10 OM 7.104637 EM 9.103022
M -12 N 11 OM 7.041870 EM 9.103022
M -12 N 12 OM 6.979971 EM 9.103022
M -12 N 13 OM 6.918964 EM 9.103022
M -12 N 14 OM 6.858872 EM 9.103022
M -12 N 15 OM 6.799720 EM 9.103022
M -12 N 16 OM 6.741532 EM 9.103022
M -12 N 17 OM 6.684335 EM 9.103022
M -12 N 18 OM 6.628152 EM 9.103022
M -12 N 19 OM 6.573010 EM 9.103022
M -12 N 20 OM 6.518936 EM 9.103022
M -12 N 21 OM 6.465957 EM 9.103022
M -12 N 22 OM 6.414099 EM 9.103022
M -12 N 23 OM 6.363390 EM 9.103022
M -12 N 24 OM 6.313857 EM 9.103022
M -12 N 25 OM 6.265530 EM 9.103022
M -12 N 26 OM 6.218435 EM 9.103022
M -12 N 27 OM 6.172600 EM 9.103022
M -12 N 28 OM 6.128056 EM 9.103022
M -12 N 29 OM 6.084827 EM 9.103022
M -12 N 30 OM 6.042946 EM 9.103022
M -12 N 31 OM 6.002438 EM 9.103022
M -12 N 32 OM 5.963332 EM 9.103022
M -12 N 33 OM 5.925656 EM 9.103022
M -12 N 34 OM 5.889437 EM 9.103022
M -12 N 35 OM 5.854701 EM 9.103022
M -12 N 36 OM 5.486365 EM 9.103022
M -12 N 37 OM 5.405651 EM 9.103022
M -12 N 38 OM 5.325593 EM 9.103022
M -12 N 39 OM 5.246217 EM 9.103022
M -12 N 40 OM 5.167559 EM 9.103022
M -12 N 41 OM 5.089650 EM 9.103022
M -12 N 42 OM 5.012525 EM 9.103022
M -12 N 43 OM 4.936220 EM 9.103022
M -12 N 44 OM 4.860775 EM 9.103022
M -12 N 45 OM 4.786231 EM 9.103022
M -12 N 46 OM 4.712629 EM 9.103022
M -12 N 47 OM 4.640015 EM 9.103022
M -12 N 48 OM 4.568435 EM 9.103022
M -12 N 49 OM 4.497941 EM 9.103022
M -12 N 50 OM 4.428582 EM 9.103022
M -11 N -50 OM 5.262004 EM 9.103022
M -11 N -49 OM 5.318624 EM 9.103022
M -11 N -48 OM 5.376506 EM 9.103022
M -11 N -47 OM 5.435613 EM 9.103022
M -11 N -46 OM 5.495903 EM 9.103022
M -11 N -45 OM 5.557340 EM 9.103022
M -11 N -44 OM 5.619883 EM 9.103022
M -11 N -43 OM 5.683498 EM 9.103022
M -11 N -42 OM 5.748149 EM 9.103022
M -11 N -41 OM 5.813802 EM 9.103022
M -11 N -40 OM 5.880421 EM 9.103022
M -11 N -39 OM 5.947976 EM 9.103022
M -11 N -38 OM 6.016435 EM 9.103022
M -11 N -37 OM 6.085767 EM 9.103022
M -11 N -36 OM 6.155942 EM 9.103022
M -11 N -35 OM 6.226933 EM 9.103022
M -11 N -34 OM 7.352754 EM 9.103022
M -11 N -33 OM 7.409593 EM 9.103022
M -11 N -32 OM 7.467338 EM 9.103022
M -11 N -31 OM 7.525968 EM 9.103022
M -11 N -30 OM 9.174919 EM 9.103022
M -11 N -29 OM 9.152989 EM 9.174919
M -11 N -28 OM 9.132102 EM 9.174919
M -11 N -27 OM 9.112264 EM 9.174919
M -11 N -26 OM 9.093482 EM 9.174919
M -11 N -25 OM 9.075763 EM 9.174919
M -11 N -24 OM 9.059114 EM 9.174919
M -11 N -23 OM 9.043540 EM 9.174919
M -11 N -22 OM 9.029047 EM 9.174919
M -11 N -21 OM 9.015639 EM 9.174919
M -11 N -20 OM 9.003323 EM 9.174919
M -11 N -19 OM 8.992101 EM 9.174919
M -11 N -18 OM 8.981979 EM 9.174919
M -11 N -17 OM 8.972960 EM 9.174919
M -11 N -16 OM 8.965048 EM 9.174919
M -11 N -15 OM 8.958244 EM 9.174919
M -11 N -14 OM 8.952554 EM 9.174919
M -11 N -13 OM 8.947976 EM 9.174919
M -11 N -12 OM 8.944515 EM 9.174919
M -11 N -11 OM 8.942171 EM 9.174919
M -11 N -10 OM 8.940944 EM 9.174919
M -11 N -9 OM 8.940836 EM 9.174919
M -11 N -8 OM 8.941846 EM 9.174919
M -11 N -7 OM 8.943974 EM 9.174919
M -11 N -6 OM 8.947220 EM 9.174919
M -11 N -5 OM 8.951582 EM 9.174919
M -11 N -4 OM 8.957058 EM 9.174919
M -11 N -3 OM 8.491992 EM 9.174919
M -11 N -2 OM 8.439940 EM 9.174919
M -11 N -1 OM 8.388758 EM 9.174919
M -11 N 0 OM 8.338460 EM 9.174919
M -11 N 1 OM 8.289064 EM 9.174919
M -11 N 2 OM 8.240586 EM 9.174919
M -11 N 3 OM 8.193041 EM 9.174919
M -11 N 4 OM 8.146446 EM 9.174919
M -11 N 5 OM 8.100818 EM 9.174919
M -11 N 6 OM 8.056172 EM 9.174919
M -11 N 7 OM 8.012527 EM 9.174919
M -11 N 8 OM 7.969897 EM 9.174919
M -11 N 9 OM 7.928299 EM 9.174919
M -11 N 10 OM 7.164263 EM 9.174919
M -11 N 11 OM 7.102023 EM 9.174919
M -11 N 12 OM 7.040653 EM 9.174919
M -11 N 13 OM 6.980176 EM 9.174919
M -11 N 14 OM 6.920616 EM 9.174919
M -11 N 15 OM 6.861996 EM 9.174919
M -11 N 16 OM 6.804341 EM 9.174919
M -11 N 17 OM 6.747676 EM 9.174919
M -11 N 18 OM 6.692025 EM 9.174919
M -11 N 19 OM 6.637414 EM 9.174919
M -11 N 20 OM 6.583869 EM 9.174919
M -11 N 21 OM 6.531416 EM 9.174919
M -11 N 22 OM 6.480082 EM 9.174919
M -11 N 23 OM 6.429893 EM 9.174919
M -11 N 24 OM 6.380877 EM 9.174919
M -11 N 25 OM 6.333061 EM 9.174919
M -11 N 26 OM 6.286472 EM 9.174919
M -11 N 27 OM 6.241137 EM 9.174919
M -11 N 28 OM 6.197085 EM 9.174919
M -11 N 29 OM 6.154342 EM 9.174919
M -11 N 30 OM 6.112937 EM 9.174919
M -11 N 31 OM 6.072896 EM 9.174919
M -11 N 32 OM 6.034246 EM 9.174919
M -11 N 33 OM 5.997015 EM 9.174919
M -11 N 34 OM 5.961230 EM 9.174919
M -11 N 35 OM 5.926916 EM 9.174919
M -11 N 36 OM 5.440257 EM 9.174919
M -11 N 37 OM 5.358850 EM 9.174919
M -11 N 38 OM 5.278080 EM 9.174919
M -11 N 39 OM 5.197980 EM 9.174919
M -11 N 40 OM 5.118581 EM 9.174919
M -11 N 41 OM 5.039914 EM 9.174919
M -11 N 42 OM 4.962016 EM 9.174919
M -11 N 43 OM 4.884923 EM 9.174919
M -11 N 44 OM 4.808673 EM 9.174919
M -11 N 45 OM 4.733308 EM 9.174919
M -11 N 46 OM 4.658870 EM 9.174919
M -11 N 47 OM 4.585405 EM 9.174919
M -11 N 48 OM 4.512959 EM 9.174919
M -11 N 49 OM 4.441584 EM 9.174919
M -11 N 50 OM 4.371331 EM 9.174919
M -10 N -50 OM 5.257213 EM 9.174919
M -10 N -49 OM 5.313883 EM 9.174919
M -10 N -48 OM 5.371818 EM 9.174919
M -10 N -47 OM 5.430975 EM 9.174919
M -10 N -46 OM 5.491316 EM 9.174919
M -10 N -45 OM 5.552803 EM 9.174919
M -10 N -44 OM 5.615397 EM 9.174919
M -10 N -43 OM 5.679063 EM 9.174919
M -10 N -42 OM 5.743764 EM 9.174919
M -10 N -41 OM 5.809465 EM 9.174919
M -10 N -40 OM 5.876134 EM 9.174919
M -10 N -39 OM 5.943738 EM 9.174919
M -10 N -38 OM 6.012245 EM 9.174919
M -10 N -37 OM 6.081625 EM 9.174919
M -10 N -36 OM 6.151847 EM 9.174919
M -10 N -35 OM 6.222885 EM 9.174919
M -10 N -34 OM 7.325681 EM 9.174919
M -10 N -33 OM 7.382728 EM 9.174919
M -10 N -32 OM 7.440681 EM 9.174919
M -10 N -31 OM 7.499520 EM 9.174919
M -10 N -30 OM 9.199567 EM 9.174919
M -10 N -29 OM 9.197048 EM 9.199567
M -10 N -28 OM 9.183000 EM 9.199567
M -10 N -27 OM 9.163272 EM 9.199567
M -10 N -26 OM 9.144594 EM 9.199567
M -10 N -25 OM 9.126975 EM 9.199567
M -10 N -24 OM 9.110420 EM 9.199567
M -10 N -23 OM 9.094934 EM 9.199567
M -10 N -22 OM 9.080522 EM 9.199567
M -10 N -21 OM 9.067190 EM 9.199567
M -10 N -20 OM 9.054944 EM 9.199567
M -10 N -19 OM 9.043787 EM 9.199567
M -10 N -18 OM 9.033723 EM 9.199567
M -10 N -17 OM 9.024755 EM 9.199567
M -10 N -16 OM 9.016889 EM 9.199567
M -10 N -15 OM 9.010124 EM 9.199567
M -10 N -14 OM 9.004466 EM 9.199567
M -10 N -13 OM 8.999916 EM 9.199567
M -10 N -12 OM 8.996474 EM 9.199567
M -10 N -11 OM 8.994143 EM 9.199567
M -10 N -10 OM 8.992924 EM 9.199567
M -10 N -9 OM 8.992816 EM 9.199567
M -10 N -8 OM 8.993820 EM 9.199567
M -10 N -7 OM 8.995936 EM 9.199567
M -10 N -6 OM 8.999164 EM 9.199567
M -10 N -5 OM 9.003500 EM 9.199567
M -10 N -4 OM 9.008945 EM 9.199567
M -10 N -3 OM 8.551159 EM 9.199567
M -10 N -2 OM 8.499470 EM 9.199567
M -10 N -1 OM 8.448648 EM 9.199567
M -10 N 0 OM 8.398710 EM 9.199567
M -10 N 1 OM 8.349670 EM 9.199567
M -10 N 2 OM 8.301545 EM 9.199567
M -10 N 3 OM 8.254352 EM 9.199567
M -10 N 4 OM 8.208105 EM 9.199567
M -10 N 5 OM 8.162822 EM 9.199567
M -10 N 6 OM 8.118517 EM 9.199567
M -10 N 7 OM 8.075208 EM 9.199567
M -10 N 8 OM 8.032911 EM 9.199567
M -10 N 9 OM 7.991641 EM 9.199567
M -10 N 10 OM 7.224781 EM 9.199567
M -10 N 11 OM 7.163067 EM 9.199567
M -10 N 12 OM 7.102224 EM 9.199567
M -10 N 13 OM 7.042277 EM 9.199567
M -10 N 14 OM 6.983246 EM 9.199567
M -10 N 15 OM 6.925157 EM 9.199567
M -10 N 16 OM 6.868032 EM 9.199567
M -10 N 17 OM 6.811896 EM 9.199567
M -10 N 18 OM 6.756774 EM 9.199567
M -10 N 19 OM 6.702691 EM 9.199567
M -10 N 20 OM 6.649671 EM 9.199567
M -10 N 21 OM 6.597742 EM 9.199567
M -10 N 22 OM 6.546928 EM 9.199567
M -10 N 23 OM 6.497255 EM 9.199567
M -10 N 24 OM 6.448751 EM 9.199567
M -10 N 25 OM 6.401442 EM 9.199567
M -10 N 26 OM 6.355354 EM 9.199567
M -10 N 27 OM 6.310514 EM 9.199567
M -10 N 28 OM 6.266950 EM 9.199567
M -10 N 29 OM 6.224687 EM 9.199567
M -10 N 30 OM 6.183753 EM 9.199567
M -10 N 31 OM 6.144173 EM 9.199567
M -10 N 32 OM 6.105975 EM 9.199567
M -10 N 33 OM 6.069184 EM 9.199567
M -10 N 34 OM 6.033826 EM 9.199567
M -10 N 35 OM 5.999928 EM 9.199567
M -10 N 36 OM 5.395609 EM 9.199567
M -10 N 37 OM 5.313518 EM 9.199567
M -10 N 38 OM 5.232049 EM 9.199567
M -10 N 39 OM 5.151233 EM 9.199567
M -10 N 40 OM 5.071101 EM 9.199567
M -10 N 41 OM 4.991687 EM 9.199567
M -10 N 42 OM 4.913024 EM 9.199567
M -10 N 43 OM 4.835149 EM 9.199567
M -10 N 44 OM 4.758102 EM 9.199567
M -10 N 45 OM 4.681923 EM 9.199567
M -10 N 46 OM 4.606655 EM 9.199567
M -10 N 47 OM 4.532343 EM 9.199567
M -10 N 48 OM 4.459036 EM 9.199567
M -10 N 49 OM 4.386783 EM 9.199567
M -10 N 50 OM 4.315639 EM 9.199567
M -9 N -50 OM 5.254321 EM 9.199567
M -9 N -49 OM 5.311022 EM 9.199567
M -9 N -48 OM 5.368987 EM 9.199567
M -9 N -47 OM 5.428175 EM 9.199567
M -9 N -46 OM 5.488548 EM 9.199567
M -9 N -45 OM 5.550065 EM 9.199567
M -9 N -44 OM 5.612690 EM 9.199567
M -9 N -43 OM 5.676385 EM 9.199567
M -9 N -42 OM 5.741117 EM 9.199567
M -9 N -41 OM 5.806849 EM 9.199567
M -9 N -40 OM 5.873547 EM 9.199567
M -9 N -39 OM 5.941180 EM 9.199567
M -9 N -38 OM 6.009717 EM 9.199567
M -9 N -37 OM 6.079125 EM 9.199567
M -9 N -36 OM 6.149376 EM 9.199567
M -9 N -35 OM 6.220441 EM 9.199567
M -9 N -34 OM 7.299877 EM 9.199567
M -9 N -33 OM 7.357123 EM 9.199567
M -9 N -32 OM 7.415277 EM 9.199567
M -9 N -31 OM 7.474316 EM 9.199567
M -9 N -30 OM 9.157338 EM 9.199567
M -9 N -29 OM 9.154807 EM 9.199567
M -9 N -28 OM 9.153369 EM 9.199567
M -9 N -27 OM 9.153023 EM 9.199567
M -9 N -26 OM 9.153769 EM 9.199567
M -9 N -25 OM 9.155608 EM 9.199567
M -9 N -24 OM 9.158539 EM 9.199567
M -9 N -23 OM 9.147131 EM 9.199567
M -9 N -22 OM 9.132802 EM 9.199567
M -9 N -21 OM 9.119548 EM 9.199567
M -9 N -20 OM 9.107371 EM 9.199567
M -9 N -19 OM 9.096278 EM 9.199567
M -9 N -18 OM 9.086272 EM 9.199567
M -9 N -17 OM 9.077357 EM 9.199567
M -9 N -16 OM 9.069535 EM 9.199567
M -9 N -15 OM 9.062811 EM 9.199567
M -9 N -14 OM 9.057185 EM 9.199567
M -9 N -13 OM 9.052661 EM 9.199567
M -9 N -12 OM 9.049240 EM 9.199567
M -9 N -11 OM 9.046923 EM 9.199567
M -9 N -10 OM 9.045711 EM 9.199567
M -9 N -9 OM 9.045604 EM 9.199567
M -9 N -8 OM 9.046602 EM 9.199567
M -9 N -7 OM 9.048706 EM 9.199567
M -9 N -6 OM 9.051914 EM 9.199567
M -9 N -5 OM 9.056225 EM 9.199567
M -9 N -4 OM 9.061638 EM 9.199567
M -9 N -3 OM 8.611081 EM 9.199567
M -9 N -2 OM 8.559754 EM 9.199567
M -9 N -1 OM 8.509292 EM 9.199567
M -9 N 0 OM 8.459712 EM 9.199567
M -9 N 1 OM 8.411028 EM 9.199567
M -9 N 2 OM 8.363256 EM 9.199567
M -9 N 3 OM 8.316413 EM 9.199567
M -9 N 4 OM 8.270514 EM 9.199567
M -9 N 5 OM 8.225573 EM 9.199567
M -9 N 6 OM 8.181609 EM 9.199567
M -9 N 7 OM 8.138636 EM 9.199567
M -9 N 8 OM 8.096670 EM 9.199567
M -9 N 9 OM 8.055726 EM 9.199567
M -9 N 10 OM 7.286170 EM 9.199567
M -9 N 11 OM 7.224979 EM 9.199567
M -9 N 12 OM 7.164663 EM 9.199567
M -9 N 13 OM 7.105242 EM 9.199567
M -9 N 14 OM 7.046739 EM 9.199567
M -9 N 15 OM 6.989177 EM 9.199567
M -9 N 16 OM 6.932580 EM 9.199567
M -9 N 17 OM 6.876971 EM 9.199567
M -9 N 18 OM 6.822375 EM 9.199567
M -9 N 19 OM 6.768816 EM 9.199567
M -9 N 20 OM 6.716318 EM 9.199567
M -9 N 21 OM 6.664908 EM 9.199567
M -9 N 22 OM 6.614610 EM 9.199567
M -9 N 23 OM 6.565450 EM 9.199567
M -9 N 24 OM 6.517453 EM 9.199567
M -9 N 25 OM 6.470646 EM 9.199567
M -9 N 26 OM 6.425055 EM 9.199567
M -9 N 27 OM 6.380705 EM 9.199567
M -9 N 28 OM 6.337623 EM 9.199567
M -9 N 29 OM 6.295834 EM 9.199567
M -9 N 30 OM 6.255365 EM 9.199567
M -9 N 31 OM 6.216242 EM 9.199567
M -9 N 32 OM 6.178489 EM 9.199567
M -9 N 33 OM 6.142133 EM 9.199567
M -9 N 34 OM 6.107198 EM 9.199567
M -9 N 35 OM 6.073708 EM 9.199567
M -9 N 36 OM 5.352458 EM 9.199567
M -9 N 37 OM 5.269693 EM 9.199567
M -9 N 38 OM 5.187536 EM 9.199567
M -9 N 39 OM 5.106016 EM 9.199567
M -9 N 40 OM 5.025164 EM 9.199567
M -9 N 41 OM 4.945011 EM 9.199567
M -9 N 42 OM 4.865594 EM 9.199567
M -9 N 43 OM 4.786948 EM 9.199567
M -9 N 44 OM 4.709112 EM 9.199567
M -9 N 45 OM 4.632127 EM 9.199567
M -9 N 46 OM 4.556036 EM 9.199567
M -9 N 47 OM 4.480886 EM 9.199567
M -9 N 48 OM 4.406722 EM 9.199567
M -9 N 49 OM 4.333598 EM 9.199567
M -9 N 50 OM 4.261565 EM 9.199567
M -8 N -50 OM 5.253331 EM 9.199567
M -8 N -49 OM 5.310043 EM 9.199567
M -8 N -48 OM 5.368018 EM 9.199567
M -8 N -47 OM 5.427217 EM 9.199567
M -8 N -46 OM 5.487600 EM 9.199567
M -8 N -45 OM 5.549128 EM 9.199567
M -8 N -44 OM 5.611763 EM 9.199567
M -8 N -43 OM 5.675469 EM 9.199567
M -8 N -42 OM 5.740211 EM 9.199567
M -8 N -41 OM 5.805953 EM 9.199567
M -8 N -40 OM 5.872662 EM 9.199567
M -8 N -39 OM 5.940305 EM 9.199567
M -8 N -38 OM 6.008851 EM 9.199567
M -8 N -37 OM 6.078269 EM 9.199567
M -8 N -36 OM 6.148530 EM 9.199567
M -8 N -35 OM 6.219605 EM 9.199567
M -8 N -34 OM 7.275355 EM 9.199567
M -8 N -33 OM 7.332794 EM 9.199567
M -8 N -32 OM 7.391139 EM 9.199567
M -8 N -31 OM 7.450369 EM 9.199567
M -8 N -30 OM 9.116010 EM 9.199567
M -8 N -29 OM 9.113468 EM 9.199567
M -8 N -28 OM 9.112023 EM 9.199567
M -8 N -27 OM 9.111676 EM 9.199567
M -8 N -26 OM 9.112426 EM 9.199567
M -8 N -25 OM 9.114273 EM 9.199567
M -8 N -24 OM 9.117216 EM 9.199567
M -8 N -23 OM 9.121256 EM 9.199567
M -8 N -22 OM 9.126389 EM 9.199567
M -8 N -21 OM 9.132614 EM 9.199567
M -8 N -20 OM 9.139929 EM 9.199567
M -8 N -19 OM 9.148332 EM 9.199567
M -8 N -18 OM 9.139614 EM 9.199567
M -8 N -17 OM 9.130751 EM 9.199567
M -8 N -16 OM 9.122975 EM 9.199567
M -8 N -15 OM 9.116290 EM 9.199567
M -8 N -14 OM 9.110698 EM 9.199567
M -8 N -13 OM 9.106200 EM 9.199567
M -8 N -12 OM 9.102798 EM 9.199567
M -8 N -11 OM 9.100495 EM 9.199567
M -8 N -10 OM 9.099290 EM 9.199567
M -8 N -9 OM 9.099184 EM 9.199567
M -8 N -8 OM 9.100177 EM 9.199567
M -8 N -7 OM 9.102267 EM 9.199567
M -8 N -6 OM 9.105457 EM 9.199567
M -8 N -5 OM 9.109743 EM 9.199567
M -8 N -4 OM 9.115124 EM 9.199567
M -8 N -3 OM 8.671742 EM 9.199567
M -8 N -2 OM 8.620776 EM 9.199567
M -8 N -1 OM 8.570674 EM 9.199567
M -8 N 0 OM 8.521451 EM 9.199567
M -8 N 1 OM 8.473122 EM 9.199567
M -8 N 2 OM 8.425702 EM 9.199567
M -8 N 3 OM 8.379208 EM 9.199567
M -8 N 4 OM 8.333653 EM 9.199567
M -8 N 5 OM 8.289056 EM 9.199567
M -8 N 6 OM 8.245430 EM 9.199567
M -8 N 7 OM 8.202791 EM 9.199567
M -8 N 8 OM 8.161155 EM 9.199567
M -8 N 9 OM 8.120537 EM 9.199567
M -8 N 10 OM 7.348406 EM 9.199567
M -8 N 11 OM 7.287738 EM 9.199567
M -8 N 12 OM 7.227945 EM 9.199567
M -8 N 13 OM 7.169049 EM 9.199567
M -8 N 14 OM 7.111071 EM 9.199567
M -8 N 15 OM 7.054034 EM 9.199567
M -8 N 16 OM 6.997962 EM 9.199567
M -8 N 17 OM 6.942876 EM 9.199567
M -8 N 18 OM 6.888802 EM 9.199567
M -8 N 19 OM 6.835763 EM 9.199567
M -8 N 20 OM 6.783784 EM 9.199567
M -8 N 21 OM 6.732889 EM 9.199567
M -8 N 22 OM 6.683103 EM 9.199567
M -8 N 23 OM 6.634450 EM 9.199567
M -8 N 24 OM 6.586957 EM 9.199567
M -8 N 25 OM 6.540647 EM 9.199567
M -8 N 26 OM 6.495547 EM 9.199567
M -8 N 27 OM 6.451682 EM 9.199567
M -8 N 28 OM 6.409077 EM 9.199567
M -8 N 29 OM 6.367757 EM 9.199567
M -8 N 30 OM 6.327748 EM 9.199567
M -8 N 31 OM 6.289075 EM 9.199567
M -8 N 32 OM 6.251762 EM 9.199567
M -8 N 33 OM 6.215834 EM 9.199567
M -8 N 34 OM 6.181316 EM 9.199567
M -8 N 35 OM 6.148230 EM 9.199567
M -8 N 36 OM 5.310838 EM 9.199567
M -8 N 37 OM 5.227415 EM 9.199567
M -8 N 38 OM 5.144583 EM 9.199567
M -8 N 39 OM 5.062371 EM 9.199567
M -8 N 40 OM 4.980810 EM 9.199567
M -8 N 41 OM 4.899932 EM 9.199567
M -8 N 42 OM 4.819772 EM 9.199567
M -8 N 43 OM 4.740366 EM 9.199567
M -8 N 44 OM 4.661753 EM 9.199567
M -8 N 45 OM 4.583972 EM 9.199567
M -8 N 46 OM 4.507069 EM 9.199567
M -8 N 47 OM 4.431087 EM 9.199567
M -8 N 48 OM 4.356077 EM 9.199567
M -8 N 49 OM 4.282087 EM 9.199567
M -8 N 50 OM 4.209173 EM 9.199567
M -7 N -50 OM 5.254245 EM 9.199567
M -7 N -49 OM 5.310947 EM 9.199567
M -7 N -48 OM 5.368913 EM 9.199567
M -7 N -47 OM 5.428102 EM 9.199567
M -7 N -46 OM 5.488475 EM 9.199567
M -7 N -45 OM 5.549993 EM 9.199567
M -7 N -44 OM 5.612618 EM 9.199567
M -7 N -43 OM 5.676315 EM 9.199567
M -7 N -42 OM 5.741047 EM 9.199567
M -7 N -41 OM 5.806779 EM 9.199567
M -7 N -40 OM 5.873479 EM 9.199567
M -7 N -39 OM 5.941113 EM 9.199567
M -7 N -38 OM 6.009650 EM 9.199567
M -7 N -37 OM 6.079059 EM 9.199567
M -7 N -36 OM 6.149311 EM 9.199567
M -7 N -35 OM 6.220377 EM 9.199567
M -7 N -34 OM 7.252131 EM 9.199567
M -7 N -33 OM 7.309752 EM 9.199567
M -7 N -32 OM 7.368279 EM 9.199567
M -7 N -31 OM 7.427691 EM 9.199567
M -7 N -30 OM 9.075596 EM 9.199567
M -7 N -29 OM 9.073043 EM 9.199567
M -7 N -28 OM 9.071591 EM 9.199567
M -7 N -27 OM 9.071242 EM 9.199567
M -7 N -26 OM 9.071996 EM 9.199567
M -7 N -25 OM 9.073851 EM 9.199567
M -7 N -24 OM 9.076808 EM 9.199567
M -7 N -23 OM 9.080864 EM 9.199567
M -7 N -22 OM 9.086020 EM 9.199567
M -7 N -21 OM 9.092274 EM 9.199567
M -7 N -20 OM 9.099621 EM 9.199567
M -7 N -19 OM 9.108061 EM 9.199567
M -7 N -18 OM 9.117589 EM 9.199567
M -7 N -17 OM 9.128203 EM 9.199567
M -7 N -16 OM 9.139899 EM 9.199567
M -7 N -15 OM 9.152674 EM 9.199567
M -7 N -14 OM 9.164989 EM 9.199567
M -7 N -13 OM 9.160518 EM 9.199567
M -7 N -12 OM 9.157136 EM 9.199567
M -7 N -11 OM 9.154846 EM 9.199567
M -7 N -10 OM 9.153648 EM 9.199567
M -7 N -9 OM 9.153543 EM 9.199567
M -7 N -8 OM 9.154530 EM 9.199567
M -7 N -7 OM 9.156609 EM 9.199567
M -7 N -6 OM 9.159779 EM 9.199567
M -7 N -5 OM 9.156522 EM 9.199567
M -7 N -4 OM 9.121697 EM 9.199567
M -7 N -3 OM 8.733128 EM 9.199567
M -7 N -2 OM 8.682522 EM 9.199567
M -7 N -1 OM 8.632778 EM 9.199567
M -7 N 0 OM 8.583910 EM 9.199567
M -7 N 1 OM 8.535934 EM 9.199567
M -7 N 2 OM 8.488867 EM 9.199567
M -7 N 3 OM 8.442720 EM 9.199567
M -7 N 4 OM 8.397511 EM 9.199567
M -7 N 5 OM 8.353254 EM 9.199567
M -7 N 6 OM 8.309965 EM 9.199567
M -7 N 7 OM 8.267659 EM 9.199567
M -7 N 8 OM 8.226351 EM 9.199567
M -7 N 9 OM 8.186056 EM 9.199567
M -7 N 10 OM 7.411469 EM 9.199567
M -7 N 11 OM 7.351322 EM 9.199567
M -7 N 12 OM 7.292050 EM 9.199567
M -7 N 13 OM 7.233675 EM 9.199567
M -7 N 14 OM 7.176219 EM 9.199567
M -7 N 15 OM 7.119705 EM 9.199567
M -7 N 16 OM 7.064153 EM 9.199567
M -7 N 17 OM 7.009588 EM 9.199567
M -7 N 18 OM 6.956033 EM 9.199567
M -7 N 19 OM 6.903511 EM 9.199567
M -7 N 20 OM 6.852046 EM 9.199567
M -7 N 21 OM 6.801661 EM 9.199567
M -7 N 22 OM 6.752382 EM 9.199567
M -7 N 23 OM 6.704232 EM 9.199567
M -7 N 24 OM 6.657236 EM 9.199567
M -7 N 25 OM 6.611419 EM 9.199567
M -7 N 26 OM 6.566805 EM 9.199567
M -7 N 27 OM 6.523419 EM 9.199567
M -7 N 28 OM 6.481286 EM 9.199567
M -7 N 29 OM 6.440429 EM 9.199567
M -7 N 30 OM 6.400875 EM 9.199567
M -7 N 31 OM 6.362646 EM 9.199567
M -7 N 32 OM 6.325767 EM 9.199567
M -7 N 33 OM 6.290262 EM 9.199567
M -7 N 34 OM 6.256154 EM 9.199567
M -7 N 35 OM 6.223466 EM 9.199567
M -7 N 36 OM 5.270787 EM 9.199567
M -7 N 37 OM 5.186720 EM 9.199567
M -7 N 38 OM 5.103228 EM 9.199567
M -7 N 39 OM 5.020339 EM 9.199567
M -7 N 40 OM 4.938084 EM 9.199567
M -7 N 41 OM 4.856494 EM 9.199567
M -7 N 42 OM 4.775605 EM 9.199567
M -7 N 43 OM 4.695452 EM 9.199567
M -7 N 44 OM 4.616074 EM 9.199567
M -7 N 45 OM 4.537511 EM 9.199567
M -7 N 46 OM 4.459806 EM 9.199567
M -7 N 47 OM 4.383006 EM 9.199567
M -7 N 48 OM 4.307157 EM 9.199567
M -7 N 49 OM 4.232312 EM 9.199567
M -7 N 50 OM 4.158525 EM 9.199567
M -6 N -50 OM 5.257061 EM 9.199567
M -6 N -49 OM 5.313733 EM 9.199567
M -6 N -48 OM 5.371668 EM 9.199567
M -6 N -47 OM 5.430828 EM 9.199567
M -6 N -46 OM 5.491171 EM 9.199567
M -6 N -45 OM 5.552659 EM 9.199567
M -6 N -44 OM 5.615255 EM 9.199567
M -6 N -43 OM 5.678922 EM 9.199567
M -6 N -42 OM 5.743625 EM 9.199567
M -6 N -41 OM 5.809328 EM 9.199567
M -6 N -40 OM 5.875998 EM 9.199567
M -6 N -39 OM 5.943603 EM 9.199567
M -6 N -38 OM 6.012112 EM 9.199567
M -6 N -37 OM 6.081493 EM 9.199567
M -6 N -36 OM 6.151717 EM 9.199567
M -6 N -35 OM 6.222756 EM 9.199567
M -6 N -34 OM 7.230214 EM 9.199567
M -6 N -33 OM 7.288008 EM 9.199567
M -6 N -32 OM 7.346709 EM 9.199567
M -6 N -31 OM 7.406294 EM 9.199567
M -6 N -30 OM 9.036107 EM 9.199567
M -6 N -29 OM 9.033544 EM 9.199567
M -6 N -28 OM 9.032085 EM 9.199567
M -6 N -27 OM 9.031734 EM 9.199567
M -6 N -26 OM 9.032492 EM 9.199567
M -6 N -25 OM 9.034355 EM 9.199567
M -6 N -24 OM 9.037325 EM 9.199567
M -6 N -23 OM 9.041399 EM 9.199567
M -6 N -22 OM 9.046577 EM 9.199567
M -6 N -21 OM 9.052857 EM 9.199567
M -6 N -20 OM 9.060237 EM 9.199567
M -6 N -19 OM 9.068714 EM 9.199567
M -6 N -18 OM 9.078284 EM 9.199567
M -6 N -17 OM 9.088943 EM 9.199567
M -6 N -16 OM 9.100691 EM 9.199567
M -6 N -15 OM 9.113520 EM 9.199567
M -6 N -14 OM 9.127425 EM 9.199567
M -6 N -13 OM 9.142405 EM 9.199567
M -6 N -12 OM 9.158452 EM 9.199567
M -6 N -11 OM 9.175560 EM 9.199567
M -6 N -10 OM 9.193725 EM 9.199567
M -6 N -9 OM 9.208667 EM 9.199567
M -6 N -8 OM 9.209648 EM 9.208667
M -6 N -7 OM 9.196563 EM 9.209648
M -6 N -6 OM 9.159707 EM 9.209648
M -6 N -5 OM 9.123798 EM 9.209648
M -6 N -4 OM 9.088848 EM 9.209648
M -6 N -3 OM 8.795221 EM 9.209648
M -6 N -2 OM 8.744974 EM 9.209648
M -6 N -1 OM 8.695588 EM 9.209648
M -6 N 0 OM 8.647076 EM 9.209648
M -6 N 1 OM 8.599453 EM 9.209648
M -6 N 2 OM 8.552733 EM 9.209648
M -6 N 3 OM 8.506933 EM 9.209648
M -6 N 4 OM 8.462068 EM 9.209648
M -6 N 5 OM 8.418150 EM 9.209648
M -6 N 6 OM 8.375196 EM 9.209648
M -6 N 7 OM 8.333221 EM 9.209648
M -6 N 8 OM 8.292240 EM 9.209648
M -6 N 9 OM 8.252267 EM 9.209648
M -6 N 10 OM 7.475337 EM 9.209648
M -6 N 11 OM 7.415708 EM 9.209648
M -6 N 12 OM 7.356955 EM 9.209648
M -6 N 13 OM 7.299100 EM 9.209648
M -6 N 14 OM 7.242163 EM 9.209648
M -6 N 15 OM 7.186167 EM 9.209648
M -6 N 16 OM 7.131133 EM 9.209648
M -6 N 17 OM 7.077085 EM 9.209648
M -6 N 18 OM 7.024044 EM 9.209648
M -6 N 19 OM 6.972034 EM 9.209648
M -6 N 20 OM 6.921078 EM 9.209648
M -6 N 21 OM 6.871201 EM 9.209648
M -6 N 22 OM 6.822423 EM 9.209648
M -6 N 23 OM 6.774771 EM 9.209648
M -6 N 24 OM 6.728268 EM 9.209648
M -6 N 25 OM 6.682938 EM 9.209648
M -6 N 26 OM 6.638804 EM 9.209648
M -6 N 27 OM 6.595892 EM 9.209648
M -6 N 28 OM 6.554224 EM 9.209648
M -6 N 29 OM 6.513825 EM 9.209648
M -6 N 30 OM 6.474720 EM 9.209648
M -6 N 31 OM 6.436929 EM 9.209648
M -6 N 32 OM 6.400478 EM 9.209648
M -6 N 33 OM 6.365390 EM 9.209648
M -6 N 34 OM 6.331687 EM 9.209648
M -6 N 35 OM 6.299391 EM 9.209648
M -6 N 36 OM 5.232342 EM 9.209648
M -6 N 37 OM 5.147647 EM 9.209648
M -6 N 38 OM 5.063510 EM 9.209648
M -6 N 39 OM 4.979960 EM 9.209648
M -6 N 40 OM 4.897027 EM 9.209648
M -6 N 41 OM 4.814742 EM 9.209648
M -6 N 42 OM 4.733139 EM 9.209648
M -6 N 43 OM 4.652254 EM 9.209648
M -6 N 44 OM 4.572126 EM 9.209648
M -6 N 45 OM 4.492795 EM 9.209648
M -6 N 46 OM 4.414303 EM 9.209648
M -6 N 47 OM 4.336697 EM 9.209648
M -6 N 48 OM 4.260024 EM 9.209648
M -6 N 49 OM 4.184336 EM 9.209648
M -6 N 50 OM 4.109688 EM 9.209648
M -5 N -50 OM 5.261776 EM 9.209648
M -5 N -49 OM 5.318398 EM 9.209648
M -5 N -48 OM 5.376283 EM 9.209648
M -5 N -47 OM 5.435392 EM 9.209648
M -5 N -46 OM 5.495685 EM 9.209648
M -5 N -45 OM 5.557124 EM 9.209648
M -5 N -44 OM 5.619670 EM 9.209648
M -5 N -43 OM 5.683287 EM 9.209648
M -5 N -42 OM 5.747941 EM 9.209648
M -5 N -41 OM 5.813595 EM 9.209648
M -5 N -40 OM 5.880218 EM 9.209648
M -5 N -39 OM 5.947774 EM 9.209648
M -5 N -38 OM 6.016236 EM 9.209648
M -5 N -37 OM 6.085569 EM 9.209648
M -5 N -36 OM 6.155747 EM 9.209648
M -5 N -35 OM 6.226740 EM 9.209648
M -5 N -34 OM 7.209618 EM 9.209648
M -5 N -33 OM 7.267576 EM 9.209648
M -5 N -32 OM 7.326440 EM 9.209648
M -5 N -31 OM 7.386189 EM 9.209648
M -5 N -30 OM 8.997557 EM 9.209648
M -5 N -29 OM 8.994982 EM 9.209648
M -5 N -28 OM 8.993518 EM 9.209648
M -5 N -27 OM 8.993166 EM 9.209648
M -5 N -26 OM 8.993926 EM 9.209648
M -5 N -25 OM 8.995797 EM 9.209648
M -5 N -24 OM 8.998779 EM 9.209648
M -5 N -23 OM 9.002872 EM 9.209648
M -5 N -22 OM 9.008073 EM 9.209648
M -5 N -21 OM 9.014380 EM 9.209648
M -5 N -20 OM 9.021791 EM 9.209648
M -5 N -19 OM 9.030303 EM 9.209648
M -5 N -18 OM 9.039913 EM 9.209648
M -5 N -17 OM 9.050618 EM 9.209648
M -5 N -16 OM 9.062415 EM 9.209648
M -5 N -15 OM 9.075298 EM 9.209648
M -5 N -14 OM 9.089263 EM 9.209648
M -5 N -13 OM 9.104305 EM 9.209648
M -5 N -12 OM 9.120419 EM 9.209648
M -5 N -11 OM 9.137598 EM 9.209648
M -5 N -10 OM 9.155838 EM 9.209648
M -5 N -9 OM 9.175132 EM 9.209648
M -5 N -8 OM 9.195472 EM 9.209648
M -5 N -7 OM 9.165073 EM 9.209648
M -5 N -6 OM 9.128090 EM 9.209648
M -5 N -5 OM 9.092057 EM 9.209648
M -5 N -4 OM 9.056984 EM 9.209648
M -5 N -3 OM 8.858009 EM 9.209648
M -5 N -2 OM 8.808121 EM 9.209648
M -5 N -1 OM 8.759090 EM 9.209648
M -5 N 0 OM 8.710932 EM 9.209648
M -5 N 1 OM 8.663659 EM 9.209648
M -5 N 2 OM 8.617289 EM 9.209648
M -5 N 3 OM 8.571833 EM 9.209648
M -5 N 4 OM 8.527308 EM 9.209648
M -5 N 5 OM 8.483728 EM 9.209648
M -5 N 6 OM 8.441109 EM 9.209648
M -5 N 7 OM 8.395925 EM 9.209648
M -5 N 8 OM 8.350163 EM 9.209648
M -5 N 9 OM 8.305352 EM 9.209648
M -5 N 10 OM 7.539991 EM 9.209648
M -5 N 11 OM 7.480877 EM 9.209648
M -5 N 12 OM 7.422641 EM 9.209648
M -5 N 13 OM 7.365301 EM 9.209648
M -5 N 14 OM 7.308880 EM 9.209648
M -5 N 15 OM 7.253399 EM 9.209648
M -5 N 16 OM 7.198879 EM 9.209648
M -5 N 17 OM 7.145343 EM 9.209648
M -5 N 18 OM 7.092813 EM 9.209648
M -5 N 19 OM 7.041311 EM 9.209648
M -5 N 20 OM 6.990860 EM 9.209648
M -5 N 21 OM 6.941484 EM 9.209648
M -5 N 22 OM 6.893204 EM 9.209648
M -5 N 23 OM 6.846045 EM 9.209648
M -5 N 24 OM 6.800029 EM 9.209648
M -5 N 25 OM 6.755181 EM 9.209648
M -5 N 26 OM 6.711522 EM 9.209648
M -5 N 27 OM 6.669078 EM 9.209648
M -5 N 28 OM 6.627871 EM 9.209648
M -5 N 29 OM 6.587923 EM 9.209648
M -5 N 30 OM 6.549260 EM 9.209648
M -5 N 31 OM 6.511902 EM 9.209648
M -5 N 32 OM 6.475873 EM 9.209648
M -5 N 33 OM 6.441195 EM 9.209648
M -5 N 34 OM 6.407891 EM 9.209648
M -5 N 35 OM 6.375981 EM 9.209648
M -5 N 36 OM 5.195537 EM 9.209648
M -5 N 37 OM 5.110232 EM 9.209648
M -5 N 38 OM 5.025468 EM 9.209648
M -5 N 39 OM 4.941275 EM 9.209648
M -5 N 40 OM 4.857681 EM 9.209648
M -5 N 41 OM 4.774718 EM 9.209648
M -5 N 42 OM 4.692420 EM 9.209648
M -5 N 43 OM 4.610821 EM 9.209648
M -5 N 44 OM 4.529960 EM 9.209648
M -5 N 45 OM 4.449877 EM 9.209648
M -5 N 46 OM 4.370614 EM 9.209648
M -5 N 47 OM 4.292218 EM 9.209648
M -5 N 48 OM 4.214736 EM 9.209648
M -5 N 49 OM 4.138220 EM 9.209648
M -5 N 50 OM 4.062726 EM 9.209648
M -4 N -50 OM 5.268386 EM 9.209648
M -4 N -49 OM 5.324937 EM 9.209648
M -4 N -48 OM 5.382752 EM 9.209648
M -4 N -47 OM 5.441791 EM 9.209648
M -4 N -46 OM 5.502014 EM 9.209648
M -4 N -45 OM 5.563382 EM 9.209648
M -4 N -44 OM 5.625859 EM 9.209648
M -4 N -43 OM 5.689407 EM 9.209648
M -4 N -42 OM 5.753992 EM 9.209648
M -4 N -41 OM 5.819578 EM 9.209648
M -4 N -40 OM 5.886133 EM 9.209648
M -4 N -39 OM 5.953622 EM 9.209648
M -4 N -38 OM 6.022017 EM 9.209648
M -4 N -37 OM 6.091285 EM 9.209648
M -4 N -36 OM 6.161398 EM 9.209648
M -4 N -35 OM 6.232327 EM 9.209648
M -4 N -34 OM 7.190354 EM 9.209648
M -4 N -33 OM 7.248466 EM 9.209648
M -4 N -32 OM 7.307485 EM 9.209648
M -4 N -31 OM 7.367387 EM 9.209648
M -4 N -30 OM 8.959957 EM 9.209648
M -4 N -29 OM 8.957371 EM 9.209648
M -4 N -28 OM 8.955901 EM 9.209648
M -4 N -27 OM 8.955547 EM 9.209648
M -4 N -26 OM 8.956310 EM 9.209648
M -4 N -25 OM 8.958190 EM 9.209648
M -4 N -24 OM 8.961185 EM 9.209648
M -4 N -23 OM 8.965295 EM 9.209648
M -4 N -22 OM 8.970516 EM 9.209648
M -4 N -21 OM 8.976850 EM 9.209648
M -4 N -20 OM 8.984292 EM 9.209648
M -4 N -19 OM 8.992840 EM 9.209648
M -4 N -18 OM 9.002490 EM 9.209648
M -4 N -17 OM 9.013241 EM 9.209648
M -4 N -16 OM 9.025085 EM 9.209648
M -4 N -15 OM 9.038022 EM 9.209648
M -4 N -14 OM 9.052044 EM 9.209648
M -4 N -13 OM 9.067147 EM 9.209648
M -4 N -12 OM 9.083327 EM 9.209648
M -4 N -11 OM 9.100576 EM 9.209648
M -4 N -10 OM 9.118891 EM 9.209648
M -4 N -9 OM 9.138262 EM 9.209648
M -4 N -8 OM 9.158685 EM 9.209648
M -4 N -7 OM 9.134569 EM 9.209648
M -4 N -6 OM 9.097463 EM 9.209648
M -4 N -5 OM 9.061308 EM 9.209648
M -4 N -4 OM 9.026115 EM 9.209648
M -4 N -3 OM 8.921475 EM 9.209648
M -4 N -2 OM 8.871944 EM 9.209648
M -4 N -1 OM 8.823268 EM 9.209648
M -4 N 0 OM 8.775462 EM 9.209648
M -4 N 1 OM 8.652985 EM 9.209648
M -4 N 2 OM 8.601617 EM 9.209648
M -4 N 3 OM 8.551109 EM 9.209648
M -4 N 4 OM 8.501479 EM 9.209648
M -4 N 5 OM 8.452740 EM 9.209648
M -4 N 6 OM 8.404908 EM 9.209648
M -4 N 7 OM 8.357999 EM 9.209648
M -4 N 8 OM 8.312028 EM 9.209648
M -4 N 9 OM 8.267012 EM 9.209648
M -4 N 10 OM 7.605410 EM 9.209648
M -4 N 11 OM 7.546809 EM 9.209648
M -4 N 12 OM 7.489085 EM 9.209648
M -4 N 13 OM 7.432258 EM 9.209648
M -4 N 14 OM 7.376349 EM 9.209648
M -4 N 15 OM 7.321379 EM 9.209648
M -4 N 16 OM 7.267370 EM 9.209648
M -4 N 17 OM 7.214342 EM 9.209648
M -4 N 18 OM 7.162318 EM 9.209648
M -4 N 19 OM 7.111320 EM 9.209648
M -4 N 20 OM 7.061369 EM 9.209648
M -4 N 21 OM 7.012489 EM 9.209648
M -4 N 22 OM 6.964701 EM 9.209648
M -4 N 23 OM 6.918029 EM 9.209648
M -4 N 24 OM 6.872496 EM 9.209648
M -4 N 25 OM 6.828123 EM 9.209648
M -4 N 26 OM 6.784934 EM 9.209648
M -4 N 27 OM 6.742951 EM 9.209648
M -4 N 28 OM 6.702199 EM 9.209648
M -4 N 29 OM 6.662697 EM 9.209648
M -4 N 30 OM 6.624470 EM 9.209648
M -4 N 31 OM 6.587539 EM 9.209648
M -4 N 32 OM 6.551926 EM 9.209648
M -4 N 33 OM 6.517653 EM 9.209648
M -4 N 34 OM 6.484741 EM 9.209648
M -4 N 35 OM 6.453211 EM 9.209648
M -4 N 36 OM 5.160407 EM 9.209648
M -4 N 37 OM 5.074512 EM 9.209648
M -4 N 38 OM 4.989141 EM 9.209648
M -4 N 39 OM 4.904325 EM 9.209648
M -4 N 40 OM 4.820090 EM 9.209648
M -4 N 41 OM 4.736469 EM 9.209648
M -4 N 42 OM 4.653493 EM 9.209648
M -4 N 43 OM 4.571200 EM 9.209648
M -4 N 44 OM 4.489625 EM 9.209648
M -4 N 45 OM 4.408810 EM 9.209648
M -4 N 46 OM 4.328795 EM 9.209648
M -4 N 47 OM 4.249628 EM 9.209648
M -4 N 48 OM 4.171355 EM 9.209648
M -4 N 49 OM 4.094028 EM 9.209648
M -4 N 50 OM 4.017703 EM 9.209648
M -3 N -50 OM 5.276883 EM 9.209648
M -3 N -49 OM 5.333344 EM 9.209648
M -3 N -48 OM 5.391068 EM 9.209648
M -3 N -47 OM 5.450017 EM 9.209648
M -3 N -46 OM 5.510150 EM 9.209648
M -3 N -45 OM 5.571429 EM 9.209648
M -3 N -44 OM 5.633816 EM 9.209648
M -3 N -43 OM 5.697276 EM 9.209648
M -3 N -42 OM 5.761773 EM 9.209648
M -3 N -41 OM 5.827271 EM 9.209648
M -3 N -40 OM 5.893739 EM 9.209648
M -3 N -39 OM 5.961143 EM 9.209648
M -3 N -38 OM 6.029452 EM 9.209648
M -3 N -37 OM 6.098636 EM 9.209648
M -3 N -36 OM 6.168664 EM 9.209648
M -3 N -35 OM 6.239511 EM 9.209648
M -3 N -34 OM 7.172433 EM 9.209648
M -3 N -33 OM 7.230689 EM 9.209648
M -3 N -32 OM 7.289851 EM 9.209648
M -3 N -31 OM 7.349898 EM 9.209648
M -3 N -30 OM 8.923320 EM 9.209648
M -3 N -29 OM 8.920723 EM 9.209648
M -3 N -28 OM 8.919247 EM 9.209648
M -3 N -27 OM 8.918892 EM 9.209648
M -3 N -26 OM 8.919659 EM 9.209648
M -3 N -25 OM 8.921545 EM 9.209648
M -3 N -24 OM 8.924553 EM 9.209648
M -3 N -23 OM 8.928679 EM 9.209648
M -3 N -22 OM 8.933922 EM 9.209648
M -3 N -21 OM 8.940282 EM 9.209648
M -3 N -20 OM 8.947754 EM 9.209648
M -3 N -19 OM 8.956337 EM 9.209648
M -3 N -18 OM 8.966026 EM 9.209648
M -3 N -17 OM 8.976820 EM 9.209648
M -3 N -16 OM 8.988713 EM 9.209648
M -3 N -15 OM 9.001701 EM 9.209648
M -3 N -14 OM 9.015780 EM 9.209648
M -3 N -13 OM 9.030945 EM 9.209648
M -3 N -12 OM 9.047190 EM 9.209648
M -3 N -11 OM 9.064507 EM 9.209648
M -3 N -10 OM 9.082894 EM 9.209648
M -3 N -9 OM 9.102342 EM 9.209648
M -3 N -8 OM 9.122845 EM 9.209648
M -3 N -7 OM 9.105062 EM 9.209648
M -3 N -6 OM 9.067835 EM 9.209648
M -3 N -5 OM 9.031561 EM 9.209648
M -3 N -4 OM 8.996253 EM 9.209648
M -3 N -3 OM 8.961921 EM 9.209648
M -3 N -2 OM 8.928577 EM 9.209648
M -3 N -1 OM 8.888107 EM 9.209648
M -3 N 0 OM 8.840652 EM 9.209648
M -3 N 1 OM 8.617352 EM 9.209648
M -3 N 2 OM 8.565770 EM 9.209648
M -3 N 3 OM 8.515050 EM 9.209648
M -3 N 4 OM 8.465208 EM 9.209648
M -3 N 5 OM 8.416259 EM 9.209648
M -3 N 6 OM 8.368218 EM 9.209648
M -3 N 7 OM 8.321102 EM 9.209648
M -3 N 8 OM 8.274926 EM 9.209648
M -3 N 9 OM 8.229707 EM 9.209648
M -3 N 10 OM 7.671575 EM 9.209648
M -3 N 11 OM 7.613483 EM 9.209648
M -3 N 12 OM 7.556269 EM 9.209648
M -3 N 13 OM 7.499951 EM 9.209648
M -3 N 14 OM 7.444551 EM 9.209648
M -3 N 15 OM 7.390088 EM 9.209648
M -3 N 16 OM 7.336584 EM 9.209648
M -3 N 17 OM 7.284060 EM 9.209648
M -3 N 18 OM 7.232537 EM 9.209648
M -3 N 19 OM 7.182037 EM 9.209648
M -3 N 20 OM 7.132582 EM 9.209648
M -3 N 21 OM 7.084193 EM 9.209648
M -3 N 22 OM 7.036893 EM 9.209648
M -3 N 23 OM 6.990703 EM 9.209648
M -3 N 24 OM 6.945646 EM 9.209648
M -3 N 25 OM 6.901743 EM 9.209648
M -3 N 26 OM 6.859018 EM 9.209648
M -3 N 27 OM 6.817492 EM 9.209648
M -3 N 28 OM 6.777187 EM 9.209648
M -3 N 29 OM 6.738125 EM 9.209648
M -3 N 30 OM 6.700328 EM 9.209648
M -3 N 31 OM 6.663817 EM 9.209648
M -3 N 32 OM 6.628614 EM 9.209648
M -3 N 33 OM 6.594740 EM 9.209648
M -3 N 34 OM 6.562214 EM 9.209648
M -3 N 35 OM 6.531059 EM 9.209648
M -3 N 36 OM 5.126987 EM 9.209648
M -3 N 37 OM 5.040523 EM 9.209648
M -3 N 38 OM 4.954567 EM 9.209648
M -3 N 39 OM 4.869148 EM 9.209648
M -3 N 40 OM 4.784294 EM 9.209648
M -3 N 41 OM 4.700036 EM 9.209648
M -3 N 42 OM 4.616406 EM 9.209648
M -3 N 43 OM 4.533439 EM 9.209648
M -3 N 44 OM 4.451172 EM 9.209648
M -3 N 45 OM 4.369646 EM 9.209648
M -3 N 46 OM 4.288901 EM 9.209648
M -3 N 47 OM 4.208983 EM 9.209648
M -3 N 48 OM 4.129940 EM 9.209648
M -3 N 49 OM 4.051823 EM 9.209648
M -3 N 50 OM 3.974687 EM 9.209648
M -2 N -50 OM 5.287257 EM 9.209648
M -2 N -49 OM 5.343609 EM 9.209648
M -2 N -48 OM 5.401224 EM 9.209648
M -2 N -47 OM 5.460063 EM 9.209648
M -2 N -46 OM 5.520087 EM 9.209648
M -2 N -45 OM 5.581256 EM 9.209648
M -2 N -44 OM 5.643535 EM 9.209648
M -2 N -43 OM 5.706887 EM 9.209648
M -2 N -42 OM 5.771276 EM 9.209648
M -2 N -41 OM 5.836668 EM 9.209648
M -2 N -40 OM 5.903029 EM 9.209648
M -2 N -39 OM 5.970328 EM 9.209648
M -2 N -38 OM 6.038534 EM 9.209648
M -2 N -37 OM 6.107615 EM 9.209648
M -2 N -36 OM 6.177542 EM 9.209648
M -2 N -35 OM 6.248287 EM 9.209648
M -2 N -34 OM 7.155865 EM 9.209648
M -2 N -33 OM 7.214254 EM 9.209648
M -2 N -32 OM 7.273550 EM 9.209648
M -2 N -31 OM 7.333730 EM 9.209648
M -2 N -30 OM 8.873229 EM 9.209648
M -2 N -29 OM 8.882210 EM 9.209648
M -2 N -28 OM 8.883567 EM 9.209648
M -2 N -27 OM 8.883210 EM 9.209648
M -2 N -26 OM 8.883980 EM 9.209648
M -2 N -25 OM 8.885875 EM 9.209648
M -2 N -24 OM 8.888894 EM 9.209648
M -2 N -23 OM 8.893037 EM 9.209648
M -2 N -22 OM 8.898301 EM 9.209648
M -2 N -21 OM 8.904686 EM 9.209648
M -2 N -20 OM 8.912189 EM 9.209648
M -2 N -19 OM 8.920805 EM 9.209648
M -2 N -18 OM 8.930533 EM 9.209648
M -2 N -17 OM 8.941370 EM 9.209648
M -2 N -16 OM 8.953310 EM 9.209648
M -2 N -15 OM 8.966350 EM 9.209648
M -2 N -14 OM 8.980484 EM 9.209648
M -2 N -13 OM 8.995708 EM 9.209648
M -2 N -12 OM 9.012016 EM 9.209648
M -2 N -11 OM 9.029402 EM 9.209648
M -2 N -10 OM 9.047860 EM 9.209648
M -2 N -9 OM 9.067383 EM 9.209648
M -2 N -8 OM 9.087965 EM 9.209648
M -2 N -7 OM 9.076561 EM 9.209648
M -2 N -6 OM 9.039216 EM 9.209648
M -2 N -5 OM 9.002827 EM 9.209648
M -2 N -4 OM 8.967406 EM 9.209648
M -2 N -3 OM 8.932963 EM 9.209648
M -2 N -2 OM 8.899511 EM 9.209648
M -2 N -1 OM 8.867061 EM 9.209648
M -2 N 0 OM 8.835623 EM 9.209648
M -2 N 1 OM 8.582735 EM 9.209648
M -2 N 2 OM 8.530945 EM 9.209648
M -2 N 3 OM 8.480017 EM 9.209648
M -2 N 4 OM 8.429967 EM 9.209648
M -2 N 5 OM 8.380813 EM 9.209648
M -2 N 6 OM 8.332567 EM 9.209648
M -2 N 7 OM 8.285249 EM 9.209648
M -2 N 8 OM 8.238873 EM 9.209648
M -2 N 9 OM 8.193454 EM 9.209648
M -2 N 10 OM 7.738466 EM 9.209648
M -2 N 11 OM 7.680881 EM 9.209648
M -2 N 12 OM 7.624172 EM 9.209648
M -2 N 13 OM 7.568359 EM 9.209648
M -2 N 14 OM 7.513463 EM 9.209648
M -2 N 15 OM 7.459504 EM 9.209648
M -2 N 16 OM 7.406501 EM 9.209648
M -2 N 17 OM 7.354476 EM 9.209648
M -2 N 18 OM 7.303451 EM 9.209648
M -2 N 19 OM 7.253445 EM 9.209648
M -2 N 20 OM 7.204480 EM 9.209648
M -2 N 21 OM 7.156577 EM 9.209648
M -2 N 22 OM 7.109758 EM 9.209648
M -2 N 23 OM 7.064044 EM 9.209648
M -2 N 24 OM 7.019458 EM 9.209648
M -2 N 25 OM 6.976020 EM 9.209648
M -2 N 26 OM 6.933753 EM 9.209648
M -2 N 27 OM 6.892677 EM 9.209648
M -2 N 28 OM 6.852814 EM 9.209648
M -2 N 29 OM 6.814186 EM 9.209648
M -2 N 30 OM 6.776813 EM 9.209648
M -2 N 31 OM 6.740716 EM 9.209648
M -2 N 32 OM 6.705917 EM 9.209648
M -2 N 33 OM 6.672435 EM 9.209648
M -2 N 34 OM 6.640291 EM 9.209648
M -2 N 35 OM 6.609503 EM 9.209648
M -2 N 36 OM 5.095312 EM 9.209648
M -2 N 37 OM 5.008300 EM 9.209648
M -2 N 38 OM 4.921782 EM 9.209648
M -2 N 39 OM 4.835783 EM 9.209648
M -2 N 40 OM 4.750334 EM 9.209648
M -2 N 41 OM 4.665462 EM 9.209648
M -2 N 42 OM 4.581201 EM 9.209648
M -2 N 43 OM 4.497585 EM 9.209648
M -2 N 44 OM 4.414650 EM 9.209648
M -2 N 45 OM 4.332436 EM 9.209648
M -2 N 46 OM 4.250985 EM 9.209648
M -2 N 47 OM 4.170341 EM 9.209648
M -2 N 48 OM 4.090550 EM 9.209648
M -2 N 49 OM 4.011666 EM 9.209648
M -2 N 50 OM 3.933743 EM 9.209648
M -1 N -50 OM 5.299499 EM 9.209648
M -1 N -49 OM 5.355721 EM 9.209648
M -1 N -48 OM 5.413208 EM 9.209648
M -1 N -47 OM 5.471919 EM 9.209648
M -1 N -46 OM 5.531813 EM 9.209648
M -1 N -45 OM 5.592854 EM 9.209648
M -1 N -44 OM 5.655005 EM 9.209648
M -1 N -43 OM 5.718230 EM 9.209648
M -1 N -42 OM 5.782493 EM 9.209648
M -1 N -41 OM 5.847759 EM 9.209648
M -1 N -40 OM 5.913997 EM 9.209648
M -1 N -39 OM 5.981172 EM 9.209648
M -1 N -38 OM 6.049255 EM 9.209648
M -1 N -37 OM 6.118215 EM 9.209648
M -1 N -36 OM 6.188023 EM 9.209648
M -1 N -35 OM 6.258649 EM 9.209648
M -1 N -34 OM 7.140658 EM 9.209648
M -1 N -33 OM 7.199171 EM 9.209648
M -1 N -32 OM 7.258590 EM 9.209648
M -1 N -31 OM 7.318893 EM 9.209648
M -1 N -30 OM 8.818049 EM 9.209648
M -1 N -29 OM 8.827086 EM 9.209648
M -1 N -28 OM 8.837246 EM 9.209648
M -1 N -27 OM 8.848516 EM 9.209648
M -1 N -26 OM 8.849288 EM 9.209648
M -1 N -25 OM 8.851191 EM 9.209648
M -1 N -24 OM 8.854221 EM 9.209648
M -1 N -23 OM 8.858380 EM 9.209648
M -1 N -22 OM 8.863666 EM 9.209648
M -1 N -21 OM 8.870075 EM 9.209648
M -1 N -20 OM 8.877606 EM 9.209648
M -1 N -19 OM 8.886257 EM 9.209648
M -1 N -18 OM 8.896024 EM 9.209648
M -1 N -17 OM 8.906902 EM 9.209648
M -1 N -16 OM 8.918888 EM 9.209648
M -1 N -15 OM 8.931978 EM 9.209648
M -1 N -14 OM 8.946167 EM 9.209648
M -1 N -13 OM 8.961450 EM 9.209648
M -1 N -12 OM 8.977819 EM 9.209648
M -1 N -11 OM 8.995271 EM 9.209648
M -1 N -10 OM 9.013799 EM 9.209648
M -1 N -9 OM 9.033396 EM 9.209648
M -1 N -8 OM 9.054054 EM 9.209648
M -1 N -7 OM 9.049075 EM 9.209648
M -1 N -6 OM 9.011617 EM 9.209648
M -1 N -5 OM 8.975116 EM 9.209648
M -1 N -4 OM 8.939584 EM 9.209648
M -1 N -3 OM 8.905034 EM 9.209648
M -1 N -2 OM 8.871476 EM 9.209648
M -1 N -1 OM 8.838923 EM 9.209648
M -1 N 0 OM 8.807385 EM 9.209648
M -1 N 1 OM 8.549149 EM 9.209648
M -1 N 2 OM 8.497153 EM 9.209648
M -1 N 3 OM 8.446022 EM 9.209648
M -1 N 4 OM 8.395769 EM 9.209648
M -1 N 5 OM 8.346414 EM 9.209648
M -1 N 6 OM 8.297968 EM 9.209648
M -1 N 7 OM 8.250451 EM 9.209648
M -1 N 8 OM 8.203877 EM 9.209648
M -1 N 9 OM 8.158264 EM 9.209648
M -1 N 10 OM 7.806066 EM 9.209648
M -1 N 11 OM 7.748982 EM 9.209648
M -1 N 12 OM 7.692775 EM 9.209648
M -1 N 13 OM 7.637464 EM 9.209648
M -1 N 14 OM 7.583068 EM 9.209648
M -1 N 15 OM 7.529608 EM 9.209648
M -1 N 16 OM 7.477103 EM 9.209648
M -1 N 17 OM 7.425572 EM 9.209648
M -1 N 18 OM 7.375039 EM 9.209648
M -1 N 19 OM 7.325521 EM 9.209648
M -1 N 20 OM 7.277041 EM 9.209648
M -1 N 21 OM 7.229620 EM 9.209648
M -1 N 22 OM 7.183277 EM 9.209648
M -1 N 23 OM 7.138034 EM 9.209648
M -1 N 24 OM 7.093913 EM 9.209648
M -1 N 25 OM 7.050933 EM 9.209648
M -1 N 26 OM 7.009118 EM 9.209648
M -1 N 27 OM 6.968486 EM 9.209648
M -1 N 28 OM 6.929059 EM 9.209648
M -1 N 29 OM 6.890858 EM 9.209648
M -1 N 30 OM 6.853904 EM 9.209648
M -1 N 31 OM 6.818215 EM 9.209648
M -1 N 32 OM 6.783813 EM 9.209648
M -1 N 33 OM 6.750718 EM 9.209648
M -1 N 34 OM 6.718948 EM 9.209648
M -1 N 35 OM 6.688522 EM 9.209648
M -1 N 36 OM 5.065412 EM 9.209648
M -1 N 37 OM 4.977878 EM 9.209648
M -1 N 38 OM 4.890821 EM 9.209648
M -1 N 39 OM 4.804269 EM 9.209648
M -1 N 40 OM 4.718248 EM 9.209648
M -1 N 41 OM 4.632789 EM 9.209648
M -1 N 42 OM 4.547923 EM 9.209648
M -1 N 43 OM 4.463683 EM 9.209648
M -1 N 44 OM 4.380107 EM 9.209648
M -1 N 45 OM 4.297232 EM 9.209648
M -1 N 46 OM 4.215100 EM 9.209648
M -1 N 47 OM 4.133756 EM 9.209648
M -1 N 48 OM 4.053246 EM 9.209648
M -1 N 49 OM 3.973622 EM 9.209648
M -1 N 50 OM 3.894937 EM 9.209648
M 0 N -50 OM 5.313595 EM 9.209648
M 0 N -49 OM 5.369670 EM 9.209648
M 0 N -48 OM 5.427009 EM 9.209648
M 0 N -47 OM 5.485571 EM 9.209648
M 0 N -46 OM 5.545319 EM 9.209648
M 0 N -45 OM 5.606213 EM 9.209648
M 0 N -44 OM 5.668218 EM 9.209648
M 0 N -43 OM 5.731296 EM 9.209648
M 0 N -42 OM 5.795414 EM 9.209648
M 0 N -41 OM 5.860537 EM 9.209648
M 0 N -40 OM 5.926631 EM 9.209648
M 0 N -39 OM 5.993665 EM 9.209648
M 0 N -38 OM 6.061608 EM 9.209648
M 0 N -37 OM 6.130429 EM 9.209648
M 0 N -36 OM 6.200099 EM 9.209648
M 0 N -35 OM 6.270589 EM 9.209648
M 0 N -34 OM 7.126822 EM 9.209648
M 0 N -33 OM 7.185448 EM 9.209648
M 0 N -32 OM 7.244980 EM 9.209648
M 0 N -31 OM 7.305395 EM 9.209648
M 0 N -30 OM 8.763663 EM 9.209648
M 0 N -29 OM 8.772757 EM 9.209648
M 0 N -28 OM 8.782979 EM 9.209648
M 0 N -27 OM 8.794327 EM 9.209648
M 0 N -26 OM 8.806795 EM 9.209648
M 0 N -25 OM 8.817504 EM 9.209648
M 0 N -24 OM 8.820546 EM 9.209648
M 0 N -23 OM 8.824721 EM 9.209648
M 0 N -22 OM 8.830027 EM 9.209648
M 0 N -21 OM 8.836461 EM 9.209648
M 0 N -20 OM 8.844021 EM 9.209648
M 0 N -19 OM 8.852704 EM 9.209648
M 0 N -18 OM 8.862508 EM 9.209648
M 0 N -17 OM 8.873426 EM 9.209648
M 0 N -16 OM 8.885458 EM 9.209648
M 0 N -15 OM 8.898598 EM 9.209648
M 0 N -14 OM 8.912839 EM 9.209648
M 0 N -13 OM 8.928179 EM 9.209648
M 0 N -12 OM 8.944610 EM 9.209648
M 0 N -11 OM 8.962126 EM 9.209648
M 0 N -10 OM 8.980721 EM 9.209648
M 0 N -9 OM 9.000391 EM 9.209648
M 0 N -8 OM 9.021125 EM 9.209648
M 0 N -7 OM 9.022614 EM 9.209648
M 0 N -6 OM 8.985045 EM 9.209648
M 0 N -5 OM 8.948435 EM 9.209648
M 0 N -4 OM 8.912798 EM 9.209648
M 0 N -3 OM 8.878143 EM 9.209648
M 0 N -2 OM 8.844484 EM 9.209648
M 0 N -1 OM 8.811831 EM 9.209648
M 0 N 0 OM 8.780195 EM 9.209648
M 0 N 1 OM 8.516604 EM 9.209648
M 0 N 2 OM 8.464409 EM 9.209648
M 0 N 3 OM 8.413077 EM 9.209648
M 0 N 4 OM 8.362628 EM 9.209648
M 0 N 5 OM 8.313075 EM 9.209648
M 0 N 6 OM 8.264435 EM 9.209648
M 0 N 7 OM 8.216723 EM 9.209648
M 0 N 8 OM 8.169958 EM 9.209648
M 0 N 9 OM 8.124154 EM 9.209648
M 0 N 10 OM 7.874355 EM 9.209648
M 0 N 11 OM 7.817770 EM 9.209648
M 0 N 12 OM 7.762061 EM 9.209648
M 0 N 13 OM 7.707247 EM 9.209648
M 0 N 14 OM 7.653347 EM 9.209648
M 0 N 15 OM 7.600381 EM 9.209648
M 0 N 16 OM 7.548368 EM 9.209648
M 0 N 17 OM 7.497328 EM 9.209648
M 0 N 18 OM 7.447281 EM 9.209648
M 0 N 19 OM 7.398248 EM 9.209648
M 0 N 20 OM 7.350247 EM 9.209648
M 0 N 21 OM 7.303300 EM 9.209648
M 0 N 22 OM 7.257428 EM 9.209648
M 0 N 23 OM 7.212651 EM 9.209648
M 0 N 24 OM 7.168989 EM 9.209648
M 0 N 25 OM 7.126462 EM 9.209648
M 0 N 26 OM 7.085092 EM 9.209648
M 0 N 27 OM 7.044899 EM 9.209648
M 0 N 28 OM 7.005902 EM 9.209648
M 0 N 29 OM 6.968122 EM 9.209648
M 0 N 30 OM 6.931580 EM 9.209648
M 0 N 31 OM 6.896294 EM 9.209648
M 0 N 32 OM 6.862283 EM 9.209648
M 0 N 33 OM 6.829568 EM 9.209648
M 0 N 34 OM 6.798166 EM 9.209648
M 0 N 35 OM 6.768096 EM 9.209648
M 0 N 36 OM 5.037321 EM 9.209648
M 0 N 37 OM 4.949290 EM 9.209648
M 0 N 38 OM 4.861721 EM 9.209648
M 0 N 39 OM 4.774641 EM 9.209648
M 0 N 40 OM 4.688077 EM 9.209648
M 0 N 41 OM 4.602058 EM 9.209648
M 0 N 42 OM 4.516614 EM 9.209648
M 0 N 43 OM 4.431779 EM 9.209648
M 0 N 44 OM 4.347589 EM 9.209648
M 0 N 45 OM 4.264083 EM 9.209648
M 0 N 46 OM 4.181300 EM 9.209648
M 0 N 47 OM 4.099285 EM 9.209648
M 0 N 48 OM 4.018084 EM 9.209648
M 0 N 49 OM 3.937749 EM 9.209648
M 0 N 50 OM 3.858333 EM 9.209648
M 1 N -50 OM 5.329530 EM 9.209648
M 1 N -49 OM 5.385439 EM 9.209648
M 1 N -48 OM 5.442612 EM 9.209648
M 1 N -47 OM 5.501008 EM 9.209648
M 1 N -46 OM 5.560590 EM 9.209648
M 1 N -45 OM 5.621318 EM 9.209648
M 1 N -44 OM 5.683158 EM 9.209648
M 1 N -43 OM 5.746073 EM 9.209648
M 1 N -42 OM 5.810028 EM 9.209648
M 1 N -41 OM 5.874988 EM 9.209648
M 1 N -40 OM 5.940922 EM 9.209648
M 1 N -39 OM 6.007797 EM 9.209648
M 1 N -38 OM 6.075582 EM 9.209648
M 1 N -37 OM 6.144246 EM 9.209648
M 1 N -36 OM 6.213761 EM 9.209648
M 1 N -35 OM 6.284098 EM 9.209648
M 1 N -34 OM 7.114366 EM 9.209648
M 1 N -33 OM 7.173093 EM 9.209648
M 1 N -32 OM 7.232727 EM 9.209648
M 1 N -31 OM 7.293243 EM 9.209648
M 1 N -30 OM 8.710085 EM 9.209648
M 1 N -29 OM 8.719234 EM 9.209648
M 1 N -28 OM 8.729520 EM 9.209648
M 1 N -27 OM 8.740937 EM 9.209648
M 1 N -26 OM 8.753482 EM 9.209648
M 1 N -25 OM 8.767150 EM 9.209648
M 1 N -24 OM 8.781935 EM 9.209648
M 1 N -23 OM 8.792070 EM 9.209648
M 1 N -22 OM 8.797396 EM 9.209648
M 1 N -21 OM 8.803853 EM 9.209648
M 1 N -20 OM 8.811441 EM 9.209648
M 1 N -19 OM 8.820157 EM 9.209648
M 1 N -18 OM 8.829996 EM 9.209648
M 1 N -17 OM 8.840956 EM 9.209648
M 1 N -16 OM 8.853031 EM 9.209648
M 1 N -15 OM 8.866219 EM 9.209648
M 1 N -14 OM 8.880512 EM 9.209648
M 1 N -13 OM 8.895907 EM 9.209648
M 1 N -12 OM 8.912397 EM 9.209648
M 1 N -11 OM 8.929977 EM 9.209648
M 1 N -10 OM 8.948641 EM 9.209648
M 1 N -9 OM 8.968380 EM 9.209648
M 1 N -8 OM 8.989188 EM 9.209648
M 1 N -7 OM 8.997187 EM 9.209648
M 1 N -6 OM 8.959511 EM 9.209648
M 1 N -5 OM 8.922796 EM 9.209648
M 1 N -4 OM 8.887056 EM 9.209648
M 1 N -3 OM 8.852301 EM 9.209648
M 1 N -2 OM 8.818542 EM 9.209648
M 1 N -1 OM 8.785793 EM 9.209648
M 1 N 0 OM 8.754064 EM 9.209648
M 1 N 1 OM 8.485113 EM 9.209648
M 1 N 2 OM 8.432722 EM 9.209648
M 1 N 3 OM 8.381198 EM 9.209648
M 1 N 4 OM 8.330555 EM 9.209648
M 1 N 5 OM 8.280810 EM 9.209648
M 1 N 6 OM 8.231979 EM 9.209648
M 1 N 7 OM 8.184078 EM 9.209648
M 1 N 8 OM 8.137126 EM 9.209648
M 1 N 9 OM 8.091136 EM 9.209648
M 1 N 10 OM 7.943316 EM 9.209648
M 1 N 11 OM 7.887226 EM 9.209648
M 1 N 12 OM 7.832011 EM 9.209648
M 1 N 13 OM 7.777690 EM 9.209648
M 1 N 14 OM 7.724282 EM 9.209648
M 1 N 15 OM 7.671805 EM 9.209648
M 1 N 16 OM 7.620280 EM 9.209648
M 1 N 17 OM 7.569725 EM 9.209648
M 1 N 18 OM 7.520159 EM 9.209648
M 1 N 19 OM 7.471604 EM 9.209648
M 1 N 20 OM 7.424078 EM 9.209648
M 1 N 21 OM 7.377601 EM 9.209648
M 1 N 22 OM 7.332193 EM 9.209648
M 1 N 23 OM 7.287876 EM 9.209648
M 1 N 24 OM 7.244667 EM 9.209648
M 1 N 25 OM 7.202587 EM 9.209648
M 1 N 26 OM 7.161657 EM 9.209648
M 1 N 27 OM 7.121895 EM 9.209648
M 1 N 28 OM 7.083323 EM 9.209648
M 1 N 29 OM 7.045958 EM 9.209648
M 1 N 30 OM 7.009821 EM 9.209648
M 1 N 31 OM 6.974931 EM 9.209648
M 1 N 32 OM 6.941306 EM 9.209648
M 1 N 33 OM 6.908965 EM 9.209648
M 1 N 34 OM 6.877926 EM 9.209648
M 1 N 35 OM 6.848207 EM 9.209648
M 1 N 36 OM 5.011067 EM 9.209648
M 1 N 37 OM 4.922567 EM 9.209648
M 1 N 38 OM 4.834515 EM 9.209648
M 1 N 39 OM 4.746936 EM 9.209648
M 1 N 40 OM 4.659857 EM 9.209648
M 1 N 41 OM 4.573307 EM 9.209648
M 1 N 42 OM 4.487316 EM 9.209648
M 1 N 43 OM 4.401917 EM 9.209648
M 1 N 44 OM 4.317144 EM 9.209648
M 1 N 45 OM 4.233037 EM 9.209648
M 1 N 46 OM 4.149635 EM 9.209648
M 1 N 47 OM 4.066981 EM 9.209648
M 1 N 48 OM 3.985122 EM 9.209648
M 1 N 49 OM 3.904109 EM 9.209648
M 1 N 50 OM 3.823995 EM 9.209648
M 2 N -50 OM 5.347288 EM 9.209648
M 2 N -49 OM 5.403013 EM 9.209648
M 2 N -48 OM 5.460002 EM 9.209648
M 2 N -47 OM 5.518215 EM 9.209648
M 2 N -46 OM 5.577612 EM 9.209648
M 2 N -45 OM 5.638158 EM 9.209648
M 2 N -44 OM 5.699815 EM 9.209648
M 2 N -43 OM 5.762547 EM 9.209648
M 2 N -42 OM 5.826322 EM 9.209648
M 2 N -41 OM 5.891103 EM 9.209648
M 2 N -40 OM 5.956858 EM 9.209648
M 2 N -39 OM 6.023555 EM 9.209648
M 2 N -38 OM 6.091165 EM 9.209648
M 2 N -37 OM 6.159656 EM 9.209648
M 2 N -36 OM 6.228999 EM 9.209648
M 2 N -35 OM 6.299166 EM 9.209648
M 2 N -34 OM 7.103295 EM 9.209648
M 2 N -33 OM 7.162113 EM 9.209648
M 2 N -32 OM 7.221837 EM 9.209648
M 2 N -31 OM 7.282444 EM 9.209648
M 2 N -30 OM 8.657331 EM 9.209648
M 2 N -29 OM 8.666536 EM 9.209648
M 2 N -28 OM 8.676884 EM 9.209648
M 2 N -27 OM 8.688371 EM 9.209648
M 2 N -26 OM 8.700992 EM 9.209648
M 2 N -25 OM 8.714742 EM 9.209648
M 2 N -24 OM 8.729615 EM 9.209648
M 2 N -23 OM 8.745608 EM 9.209648
M 2 N -22 OM 8.762712 EM 9.209648
M 2 N -21 OM 8.772265 EM 9.209648
M 2 N -20 OM 8.779881 EM 9.209648
M 2 N -19 OM 8.788628 EM 9.209648
M 2 N -18 OM 8.798502 EM 9.209648
M 2 N -17 OM 8.809501 EM 9.209648
M 2 N -16 OM 8.821619 EM 9.209648
M 2 N -15 OM 8.834853 EM 9.209648
M 2 N -14 OM 8.849198 EM 9.209648
M 2 N -13 OM 8.864647 EM 9.209648
M 2 N -12 OM 8.881195 EM 9.209648
M 2 N -11 OM 8.898837 EM 9.209648
M 2 N -10 OM 8.917565 EM 9.209648
M 2 N -9 OM 8.937373 EM 9.209648
M 2 N -8 OM 8.958254 EM 9.209648
M 2 N -7 OM 8.972801 EM 9.209648
M 2 N -6 OM 8.935022 EM 9.209648
M 2 N -5 OM 8.898208 EM 9.209648
M 2 N -4 OM 8.862368 EM 9.209648
M 2 N -3 OM 8.827516 EM 9.209648
M 2 N -2 OM 8.793662 EM 9.209648
M 2 N -1 OM 8.760820 EM 9.209648
M 2 N 0 OM 8.728999 EM 9.209648
M 2 N 1 OM 8.454688 EM 9.209648
M 2 N 2 OM 8.402107 EM 9.209648
M 2 N 3 OM 8.350394 EM 9.209648
M 2 N 4 OM 8.299563 EM 9.209648
M 2 N 5 OM 8.249631 EM 9.209648
M 2 N 6 OM 8.200614 EM 9.209648
M 2 N 7 OM 8.152530 EM 9.209648
M 2 N 8 OM 8.105394 EM 9.209648
M 2 N 9 OM 8.059223 EM 9.209648
M 2 N 10 OM 8.012931 EM 9.209648
M 2 N 11 OM 7.957332 EM 9.209648
M 2 N 12 OM 7.902607 EM 9.209648
M 2 N 13 OM 7.848774 EM 9.209648
M 2 N 14 OM 7.795853 EM 9.209648
M 2 N 15 OM 7.743862 EM 9.209648
M 2 N 16 OM 7.692819 EM 9.209648
M 2 N 17 OM 7.642744 EM 9.209648
M 2 N 18 OM 7.593655 EM 9.209648
M 2 N 19 OM 7.545573 EM 9.209648
M 2 N 20 OM 7.498515 EM 9.209648
M 2 N 21 OM 7.452503 EM 9.209648
M 2 N 22 OM 7.407554 EM 9.209648
M 2 N 23 OM 7.363690 EM 9.209648
M 2 N 24 OM 7.320929 EM 9.209648
M 2 N 25 OM 7.279290 EM 9.209648
M 2 N 26 OM 7.238793 EM 9.209648
M 2 N 27 OM 7.199458 EM 9.209648
M 2 N 28 OM 7.161303 EM 9.209648
M 2 N 29 OM 7.124348 EM 9.209648
M 2 N 30 OM 7.088610 EM 9.209648
M 2 N 31 OM 7.054110 EM 9.209648
M 2 N 32 OM 7.020864 EM 9.209648
M 2 N 33 OM 6.988891 EM 9.209648
M 2 N 34 OM 6.958208 EM 9.209648
M 2 N 35 OM 6.928833 EM 9.209648
M 2 N 36 OM 4.986682 EM 9.209648
M 2 N 37 OM 4.897741 EM 9.209648
M 2 N 38 OM 4.809234 EM 9.209648
M 2 N 39 OM 4.721186 EM 9.209648
M 2 N 40 OM 4.633624 EM 9.209648
M 2 N 41 OM 4.546574 EM 9.209648
M 2 N 42 OM 4.460068 EM 9.209648
M 2 N 43 OM 4.374136 EM 9.209648
M 2 N 44 OM 4.288815 EM 9.209648
M 2 N 45 OM 4.204141 EM 9.209648
M 2 N 46 OM 4.120154 EM 9.209648
M 2 N 47 OM 4.036897 EM 9.209648
M 2 N 48 OM 3.954416 EM 9.209648
M 2 N 49 OM 3.872760 EM 9.209648
M 2 N 50 OM 3.791983 EM 9.209648
M 3 N -50 OM 5.366851 EM 9.209648
M 3 N -49 OM 5.422375 EM 9.209648
M 3 N -48 OM 5.479162 EM 9.209648
M 3 N -47 OM 5.537173 EM 9.209648
M 3 N -46 OM 5.596370 EM 9.209648
M 3 N -45 OM 5.656715 EM 9.209648
M 3 N -44 OM 5.718172 EM 9.209648
M 3 N -43 OM 5.780705 EM 9.209648
M 3 N -42 OM 5.844281 EM 9.209648
M 3 N -41 OM 5.908865 EM 9.209648
M 3 N -40 OM 5.974425 EM 9.209648
M 3 N -39 OM 6.040929 EM 9.209648
M 3 N -38 OM 6.108346 EM 9.209648
M 3 N -37 OM 6.176646 EM 9.209648
M 3 N -36 OM 6.245800 EM 9.209648
M 3 N -35 OM 6.315781 EM 9.209648
M 3 N -34 OM 7.093616 EM 9.209648
M 3 N -33 OM 7.152514 EM 9.209648
M 3 N -32 OM 7.212318 EM 9.209648
M 3 N -31 OM 7.273005 EM 9.209648
M 3 N -30 OM 8.605416 EM 9.209648
M 3 N -29 OM 8.614676 EM 9.209648
M 3 N -28 OM 8.625087 EM 9.209648
M 3 N -27 OM 8.636642 EM 9.209648
M 3 N -26 OM 8.649338 EM 9.209648
M 3 N -25 OM 8.663171 EM 9.209648
M 3 N -24 OM 8.678132 EM 9.209648
M 3 N -23 OM 8.694220 EM 9.209648
M 3 N -22 OM 8.711425 EM 9.209648
M 3 N -21 OM 8.729742 EM 9.209648
M 3 N -20 OM 8.749163 EM 9.209648
M 3 N -19 OM 8.758125 EM 9.209648
M 3 N -18 OM 8.768035 EM 9.209648
M 3 N -17 OM 8.779072 EM 9.209648
M 3 N -16 OM 8.791232 EM 9.209648
M 3 N -15 OM 8.804512 EM 9.209648
M 3 N -14 OM 8.818906 EM 9.209648
M 3 N -13 OM 8.834408 EM 9.209648
M 3 N -12 OM 8.851013 EM 9.209648
M 3 N -11 OM 8.868714 EM 9.209648
M 3 N -10 OM 8.887506 EM 9.209648
M 3 N -9 OM 8.907381 EM 9.209648
M 3 N -8 OM 8.928331 EM 9.209648
M 3 N -7 OM 8.949468 EM 9.209648
M 3 N -6 OM 8.911590 EM 9.209648
M 3 N -5 OM 8.874678 EM 9.209648
M 3 N -4 OM 8.838742 EM 9.209648
M 3 N -3 OM 8.803796 EM 9.209648
M 3 N -2 OM 8.769852 EM 9.209648
M 3 N -1 OM 8.736919 EM 9.209648
M 3 N 0 OM 8.705011 EM 9.209648
M 3 N 1 OM 8.425340 EM 9.209648
M 3 N 2 OM 8.372575 EM 9.209648
M 3 N 3 OM 8.320678 EM 9.209648
M 3 N 4 OM 8.269664 EM 9.209648
M 3 N 5 OM 8.219551 EM 9.209648
M 3 N 6 OM 8.170354 EM 9.209648
M 3 N 7 OM 8.122090 EM 9.209648
M 3 N 8 OM 8.074777 EM 9.209648
M 3 N 9 OM 8.028430 EM 9.209648
M 3 N 10 OM 7.983066 EM 9.209648
M 3 N 11 OM 7.938704 EM 9.209648
M 3 N 12 OM 7.895358 EM 9.209648
M 3 N 13 OM 7.853047 EM 9.209648
M 3 N 14 OM 7.811787 EM 9.209648
M 3 N 15 OM 7.771595 EM 9.209648
M 3 N 16 OM 7.732486 EM 9.209648
M 3 N 17 OM 7.694479 EM 9.209648
M 3 N 18 OM 7.657589 EM 9.209648
M 3 N 19 OM 7.620135 EM 9.209648
M 3 N 20 OM 7.573541 EM 9.209648
M 3 N 21 OM 7.527987 EM 9.209648
M 3 N 22 OM 7.483493 EM 9.209648
M 3 N 23 OM 7.440076 EM 9.209648
M 3 N 24 OM 7.397756 EM 9.209648
M 3 N 25 OM 7.356552 EM 9.209648
M 3 N 26 OM 7.316483 EM 9.209648
M 3 N 27 OM 7.277568 EM 9.209648
M 3 N 28 OM 7.239825 EM 9.209648
M 3 N 29 OM 7.203272 EM 9.209648
M 3 N 30 OM 7.167928 EM 9.209648
M 3 N 31 OM 7.133811 EM 9.209648
M 3 N 32 OM 7.100938 EM 9.209648
M 3 N 33 OM 7.069328 EM 9.209648
M 3 N 34 OM 7.038996 EM 9.209648
M 3 N 35 OM 7.009959 EM 9.209648
M 3 N 36 OM 4.964192 EM 9.209648
M 3 N 37 OM 4.874840 EM 9.209648
M 3 N 38 OM 4.785910 EM 9.209648
M 3 N 39 OM 4.697425 EM 9.209648
M 3 N 40 OM 4.609411 EM 9.209648
M 3 N 41 OM 4.521895 EM 9.209648
M 3 N 42 OM 4.434907 EM 9.209648
M 3 N 43 OM 4.348479 EM 9.209648
M 3 N 44 OM 4.262644 EM 9.209648
M 3 N 45 OM 4.177440 EM 9.209648
M 3 N 46 OM 4.092905 EM 9.209648
M 3 N 47 OM 4.009082 EM 9.209648
M 3 N 48 OM 3.926016 EM 9.209648
M 3 N 49 OM 3.843757 EM 9.209648
M 3 N 50 OM 3.762358 EM 9.209648
M 4 N -50 OM 5.388199 EM 9.209648
M 4 N -49 OM 5.443506 EM 9.209648
M 4 N -48 OM 5.500074 EM 9.209648
M 4 N -47 OM 5.557867 EM 9.209648
M 4 N -46 OM 5.616846 EM 9.209648
M 4 N -45 OM 5.676973 EM 9.209648
M 4 N -44 OM 5.738213 EM 9.209648
M 4 N -43 OM 5.800530 EM 9.209648
M 4 N -42 OM 5.863892 EM 9.209648
M 4 N -41 OM 5.928262 EM 9.209648
M 4 N -40 OM 5.993609 EM 9.209648
M 4 N -39 OM 6.059903 EM 9.209648
M 4 N -38 OM 6.127111 EM 9.209648
M 4 N -37 OM 6.195204 EM 9.209648
M 4 N -36 OM 6.264154 EM 9.209648
M 4 N -35 OM 6.333931 EM 9.209648
M 4 N -34 OM 7.085337 EM 9.209648
M 4 N -33 OM 7.144303 EM 9.209648
M 4 N -32 OM 7.204175 EM 9.209648
M 4 N -31 OM 7.264929 EM 9.209648
M 4 N -30 OM 8.554355 EM 9.209648
M 4 N -29 OM 8.563671 EM 9.209648
M 4 N -28 OM 8.574142 EM 9.209648
M 4 N -27 OM 8.585767 EM 9.209648
M 4 N -26 OM 8.598537 EM 9.209648
M 4 N -25 OM 8.612452 EM 9.209648
M 4 N -24 OM 8.627502 EM 9.209648
M 4 N -23 OM 8.643683 EM 9.209648
M 4 N -22 OM 8.660988 EM 9.209648
M 4 N -21 OM 8.679412 EM 9.209648
M 4 N -20 OM 8.698946 EM 9.209648
M 4 N -19 OM 8.719583 EM 9.209648
M 4 N -18 OM 8.738606 EM 9.209648
M 4 N -17 OM 8.749680 EM 9.209648
M 4 N -16 OM 8.761882 EM 9.209648
M 4 N -15 OM 8.775206 EM 9.209648
M 4 N -14 OM 8.789647 EM 9.209648
M 4 N -13 OM 8.805202 EM 9.209648
M 4 N -12 OM 8.821861 EM 9.209648
M 4 N -11 OM 8.839622 EM 9.209648
M 4 N -10 OM 8.858474 EM 9.209648
M 4 N -9 OM 8.878414 EM 9.209648
M 4 N -8 OM 8.899432 EM 9.209648
M 4 N -7 OM 8.921523 EM 9.209648
M 4 N -6 OM 8.889220 EM 9.209648
M 4 N -5 OM 8.852214 EM 9.209648
M 4 N -4 OM 8.816188 EM 9.209648
M 4 N -3 OM 8.781152 EM 9.209648
M 4 N -2 OM 8.747120 EM 9.209648
M 4 N -1 OM 8.714102 EM 9.209648
M 4 N 0 OM 8.682110 EM 9.209648
M 4 N 1 OM 8.397079 EM 9.209648
M 4 N 2 OM 8.344136 EM 9.209648
M 4 N 3 OM 8.292061 EM 9.209648
M 4 N 4 OM 8.240870 EM 9.209648
M 4 N 5 OM 8.190581 EM 9.209648
M 4 N 6 OM 8.141209 EM 9.209648
M 4 N 7 OM 8.092772 EM 9.209648
M 4 N 8 OM 8.045285 EM 9.209648
M 4 N 9 OM 7.998767 EM 9.209648
M 4 N 10 OM 7.953235 EM 9.209648
M 4 N 11 OM 7.908705 EM 9.209648
M 4 N 12 OM 7.865194 EM 9.209648
M 4 N 13 OM 7.822720 EM 9.209648
M 4 N 14 OM 7.781299 EM 9.209648
M 4 N 15 OM 7.740948 EM 9.209648
M 4 N 16 OM 7.701685 EM 9.209648
M 4 N 17 OM 7.663525 EM 9.209648
M 4 N 18 OM 7.626485 EM 9.209648
M 4 N 19 OM 7.590583 EM 9.209648
M 4 N 20 OM 7.555833 EM 9.209648
M 4 N 21 OM 7.522253 EM 9.209648
M 4 N 22 OM 7.489856 EM 9.209648
M 4 N 23 OM 7.458661 EM 9.209648
M 4 N 24 OM 7.428679 EM 9.209648
M 4 N 25 OM 7.399929 EM 9.209648
M 4 N 26 OM 7.372423 EM 9.209648
M 4 N 27 OM 7.346174 EM 9.209648
M 4 N 28 OM 7.318870 EM 9.209648
M 4 N 29 OM 7.282714 EM 9.209648
M 4 N 30 OM 7.247758 EM 9.209648
M 4 N 31 OM 7.214018 EM 9.209648
M 4 N 32 OM 7.181513 EM 9.209648
M 4 N 33 OM 7.150259 EM 9.209648
M 4 N 34 OM 7.120271 EM 9.209648
M 4 N 35 OM 7.091568 EM 9.209648
M 4 N 36 OM 4.943622 EM 9.209648
M 4 N 37 OM 4.853892 EM 9.209648
M 4 N 38 OM 4.764571 EM 9.209648
M 4 N 39 OM 4.675682 EM 9.209648
M 4 N 40 OM 4.587251 EM 9.209648
M 4 N 41 OM 4.499304 EM 9.209648
M 4 N 42 OM 4.411871 EM 9.209648
M 4 N 43 OM 4.324982 EM 9.209648
M 4 N 44 OM 4.238671 EM 9.209648
M 4 N 45 OM 4.152975 EM 9.209648
M 4 N 46 OM 4.067932 EM 9.209648
M 4 N 47 OM 3.983583 EM 9.209648
M 4 N 48 OM 3.899975 EM 9.209648
M 4 N 49 OM 3.817154 EM 9.209648
M 4 N 50 OM 3.735176 EM 9.209648
M 5 N -50 OM 5.411311 EM 9.209648
M 5 N -49 OM 5.466384 EM 9.209648
M 5 N -48 OM 5.522719 EM 9.209648
M 5 N -47 OM 5.580277 EM 9.209648
M 5 N -46 OM 5.639021 EM 9.209648
M 5 N -45 OM 5.698914 EM 9.209648
M 5 N -44 OM 5.759921 EM 9.209648
M 5 N -43 OM 5.822006 EM 9.209648
M 5 N -42 OM 5.885136 EM 9.209648
M 5 N -41 OM 5.949276 EM 9.209648
M 5 N -40 OM 6.014396 EM 9.209648
M 5 N -39 OM 6.080462 EM 9.209648
M 5 N -38 OM 6.147446 EM 9.209648
M 5 N -37 OM 6.215316 EM 9.209648
M 5 N -36 OM 6.284045 EM 9.209648
M 5 N -35 OM 6.353605 EM 9.209648
M 5 N -34 OM 7.078460 EM 9.209648
M 5 N -33 OM 7.137483 EM 9.209648
M 5 N -32 OM 7.197412 EM 9.209648
M 5 N -31 OM 7.258223 EM 9.209648
M 5 N -30 OM 8.504163 EM 9.209648
M 5 N -29 OM 8.513534 EM 9.209648
M 5 N -28 OM 8.524067 EM 9.209648
M 5 N -27 OM 8.535759 EM 9.209648
M 5 N -26 OM 8.548605 EM 9.209648
M 5 N -25 OM 8.562600 EM 9.209648
M 5 N -24 OM 8.577738 EM 9.209648
M 5 N -23 OM 8.594013 EM 9.209648
M 5 N -22 OM 8.611418 EM 9.209648
M 5 N -21 OM 8.629947 EM 9.209648
M 5 N -20 OM 8.649592 EM 9.209648
M 5 N -19 OM 8.670347 EM 9.209648
M 5 N -18 OM 8.692203 EM 9.209648
M 5 N -17 OM 8.715151 EM 9.209648
M 5 N -16 OM 8.733577 EM 9.209648
M 5 N -15 OM 8.746944 EM 9.209648
M 5 N -14 OM 8.761433 EM 9.209648
M 5 N -13 OM 8.777037 EM 9.209648
M 5 N -12 OM 8.793750 EM 9.209648
M 5 N -11 OM 8.811566 EM 9.209648
M 5 N -10 OM 8.830480 EM 9.209648
M 5 N -9 OM 8.850482 EM 9.209648
M 5 N -8 OM 8.871567 EM 9.209648
M 5 N -7 OM 8.893726 EM 9.209648
M 5 N -6 OM 8.867922 EM 9.209648
M 5 N -5 OM 8.830827 EM 9.209648
M 5 N -4 OM 8.794712 EM 9.209648
M 5 N -3 OM 8.759591 EM 9.209648
M 5 N -2 OM 8.725474 EM 9.209648
M 5 N -1 OM 8.692374 EM 9.209648
M 5 N 0 OM 8.660302 EM 9.209648
M 5 N 1 OM 8.369919 EM 9.209648
M 5 N 2 OM 8.316803 EM 9.209648
M 5 N 3 OM 8.264556 EM 9.209648
M 5 N 4 OM 8.213193 EM 9.209648
M 5 N 5 OM 8.162733 EM 9.209648
M 5 N 6 OM 8.113192 EM 9.209648
M 5 N 7 OM 8.064586 EM 9.209648
M 5 N 8 OM 8.016932 EM 9.209648
M 5 N 9 OM 7.970250 EM 9.209648
M 5 N 10 OM 7.924553 EM 9.209648
M 5 N 11 OM 7.879861 EM 9.209648
M 5 N 12 OM 7.836190 EM 9.209648
M 5 N 13 OM 7.793558 EM 9.209648
M 5 N 14 OM 7.751981 EM 9.209648
M 5 N 15 OM 7.711477 EM 9.209648
M 5 N 16 OM 7.672063 EM 9.209648
M 5 N 17 OM 7.633755 EM 9.209648
M 5 N 18 OM 7.596570 EM 9.209648
M 5 N 19 OM 7.560525 EM 9.209648
M 5 N 20 OM 7.525637 EM 9.209648
M 5 N 21 OM 7.491921 EM 9.209648
M 5 N 22 OM 7.459393 EM 9.209648
M 5 N 23 OM 7.428069 EM 9.209648
M 5 N 24 OM 7.397964 EM 9.209648
M 5 N 25 OM 7.369094 EM 9.209648
M 5 N 26 OM 7.341472 EM 9.209648
M 5 N 27 OM 7.315113 EM 9.209648
M 5 N 28 OM 7.290030 EM 9.209648
M 5 N 29 OM 7.266238 EM 9.209648
M 5 N 30 OM 7.243748 EM 9.209648
M 5 N 31 OM 7.222572 EM 9.209648
M 5 N 32 OM 7.202723 EM 9.209648
M 5 N 33 OM 7.184210 EM 9.209648
M 5 N 34 OM 7.167046 EM 9.209648
M 5 N 35 OM 7.151238 EM 9.209648
M 5 N 36 OM 4.924997 EM 9.209648
M 5 N 37 OM 4.834922 EM 9.209648
M 5 N 38 OM 4.745243 EM 9.209648
M 5 N 39 OM 4.655985 EM 9.209648
M 5 N 40 OM 4.567173 EM 9.209648
M 5 N 41 OM 4.478832 EM 9.209648
M 5 N 42 OM 4.390991 EM 9.209648
M 5 N 43 OM 4.303681 EM 9.209648
M 5 N 44 OM 4.216934 EM 9.209648
M 5 N 45 OM 4.130787 EM 9.209648
M 5 N 46 OM 4.045278 EM 9.209648
M 5 N 47 OM 3.960447 EM 9.209648
M 5 N 48 OM 3.876339 EM 9.209648
M 5 N 49 OM 3.793003 EM 9.209648
M 5 N 50 OM 3.710490 EM 9.209648
M 6 N -50 OM 5.436165 EM 9.209648
M 6 N -49 OM 5.490989 EM 9.209648
M 6 N -48 OM 5.547073 EM 9.209648
M 6 N -47 OM 5.604382 EM 9.209648
M 6 N -46 OM 5.662875 EM 9.209648
M 6 N -45 OM 5.722519 EM 9.209648
M 6 N -44 OM 5.783277 EM 9.209648
M 6 N -43 OM 5.845113 EM 9.209648
M 6 N -42 OM 5.907997 EM 9.209648
M 6 N -41 OM 5.971892 EM 9.209648
M 6 N -40 OM 6.036767 EM 9.209648
M 6 N -39 OM 6.102592 EM 9.209648
M 6 N -38 OM 6.169335 EM 9.209648
M 6 N -37 OM 6.236967 EM 9.209648
M 6 N -36 OM 6.305460 EM 9.209648
M 6 N -35 OM 6.374786 EM 9.209648
M 6 N -34 OM 7.072991 EM 9.209648
M 6 N -33 OM 7.132059 EM 9.209648
M 6 N -32 OM 7.192033 EM 9.209648
M 6 N -31 OM 7.252889 EM 9.209648
M 6 N -30 OM 8.454856 EM 9.209648
M 6 N -29 OM 8.464281 EM 9.209648
M 6 N -28 OM 8.474875 EM 9.209648
M 6 N -27 OM 8.486635 EM 9.209648
M 6 N -26 OM 8.499556 EM 9.209648
M 6 N -25 OM 8.513631 EM 9.209648
M 6 N -24 OM 8.528856 EM 9.209648
M 6 N -23 OM 8.545224 EM 9.209648
M 6 N -22 OM 8.562728 EM 9.209648
M 6 N -21 OM 8.581363 EM 9.209648
M 6 N -20 OM 8.601119 EM 9.209648
M 6 N -19 OM 8.621990 EM 9.209648
M 6 N -18 OM 8.643969 EM 9.209648
M 6 N -17 OM 8.667044 EM 9.209648
M 6 N -16 OM 8.691209 EM 9.209648
M 6 N -15 OM 8.716455 EM 9.209648
M 6 N -14 OM 8.734271 EM 9.209648
M 6 N -13 OM 8.749924 EM 9.209648
M 6 N -12 OM 8.766689 EM 9.209648
M 6 N -11 OM 8.784560 EM 9.209648
M 6 N -10 OM 8.803532 EM 9.209648
M 6 N -9 OM 8.823595 EM 9.209648
M 6 N -8 OM 8.844744 EM 9.209648
M 6 N -7 OM 8.866971 EM 9.209648
M 6 N -6 OM 8.847702 EM 9.209648
M 6 N -5 OM 8.810522 EM 9.209648
M 6 N -4 OM 8.774324 EM 9.209648
M 6 N -3 OM 8.739120 EM 9.209648
M 6 N -2 OM 8.704924 EM 9.209648
M 6 N -1 OM 8.671745 EM 9.209648
M 6 N 0 OM 8.639597 EM 9.209648
M 6 N 1 OM 8.343869 EM 9.209648
M 6 N 2 OM 8.290586 EM 9.209648
M 6 N 3 OM 8.238172 EM 9.209648
M 6 N 4 OM 8.186645 EM 9.209648
M 6 N 5 OM 8.136020 EM 9.209648
M 6 N 6 OM 8.086314 EM 9.209648
M 6 N 7 OM 8.037546 EM 9.209648
M 6 N 8 OM 7.989732 EM 9.209648
M 6 N 9 OM 7.942888 EM 9.209648
M 6 N 10 OM 7.897034 EM 9.209648
M 6 N 11 OM 7.852185 EM 9.209648
M 6 N 12 OM 7.808360 EM 9.209648
M 6 N 13 OM 7.765574 EM 9.209648
M 6 N 14 OM 7.723847 EM 9.209648
M 6 N 15 OM 7.683195 EM 9.209648
M 6 N 16 OM 7.643634 EM 9.209648
M 6 N 17 OM 7.605183 EM 9.209648
M 6 N 18 OM 7.567858 EM 9.209648
M 6 N 19 OM 7.531676 EM 9.209648
M 6 N 20 OM 7.496654 EM 9.209648
M 6 N 21 OM 7.462807 EM 9.209648
M 6 N 22 OM 7.430151 EM 9.209648
M 6 N 23 OM 7.398704 EM 9.209648
M 6 N 24 OM 7.368479 EM 9.209648
M 6 N 25 OM 7.339492 EM 9.209648
M 6 N 26 OM 7.311759 EM 9.209648
M 6 N 27 OM 7.285292 EM 9.209648
M 6 N 28 OM 7.260107 EM 9.209648
M 6 N 29 OM 7.236215 EM 9.209648
M 6 N 30 OM 7.213632 EM 9.209648
M 6 N 31 OM 7.192368 EM 9.209648
M 6 N 32 OM 7.172434 EM 9.209648
M 6 N 33 OM 7.153843 EM 9.209648
M 6 N 34 OM 7.136606 EM 9.209648
M 6 N 35 OM 7.120731 EM 9.209648
M 6 N 36 OM 4.908340 EM 9.209648
M 6 N 37 OM 4.817953 EM 9.209648
M 6 N 38 OM 4.727952 EM 9.209648
M 6 N 39 OM 4.638361 EM 9.209648
M 6 N 40 OM 4.549205 EM 9.209648
M 6 N 41 OM 4.460509 EM 9.209648
M 6 N 42 OM 4.372300 EM 9.209648
M 6 N 43 OM 4.284608 EM 9.209648
M 6 N 44 OM 4.197468 EM 9.209648
M 6 N 45 OM 4.110913 EM 9.209648
M 6 N 46 OM 4.024981 EM 9.209648
M 6 N 47 OM 3.939713 EM 9.209648
M 6 N 48 OM 3.855153 EM 9.209648
M 6 N 49 OM 3.771348 EM 9.209648
M 6 N 50 OM 3.688351 EM 9.209648
M 7 N -50 OM 5.462737 EM 9.209648
M 7 N -49 OM 5.517296 EM 9.209648
M 7 N -48 OM 5.573116 EM 9.209648
M 7 N -47 OM 5.630159 EM 9.209648
M 7 N -46 OM 5.688388 EM 9.209648
M 7 N -45 OM 5.747766 EM 9.209648
M 7 N -44 OM 5.808260 EM 9.209648
M 7 N -43 OM 5.869834 EM 9.209648
M 7 N -42 OM 5.932455 EM 9.209648
M 7 N -41 OM 5.996089 EM 9.209648
M 7 N -40 OM 6.060706 EM 9.209648
M 7 N -39 OM 6.126273 EM 9.209648
M 7 N -38 OM 6.192761 EM 9.209648
M 7 N -37 OM 6.260140 EM 9.209648
M 7 N -36 OM 6.328382 EM 9.209648
M 7 N -35 OM 6.397460 EM 9.209648
M 7 N -34 OM 7.068932 EM 9.209648
M 7 N -33 OM 7.128034 EM 9.209648
M 7 N -32 OM 7.188041 EM 9.209648
M 7 N -31 OM 7.248931 EM 9.209648
M 7 N -30 OM 8.406449 EM 9.209648
M 7 N -29 OM 8.415929 EM 9.209648
M 7 N -28 OM 8.426584 EM 9.209648
M 7 N -27 OM 8.438412 EM 9.209648
M 7 N -26 OM 8.451406 EM 9.209648
M 7 N -25 OM 8.465561 EM 9.209648
M 7 N -24 OM 8.480872 EM 9.209648
M 7 N -23 OM 8.497332 EM 9.209648
M 7 N -22 OM 8.514935 EM 9.209648
M 7 N -21 OM 8.533673 EM 9.209648
M 7 N -20 OM 8.553540 EM 9.209648
M 7 N -19 OM 8.574528 EM 9.209648
M 7 N -18 OM 8.596626 EM 9.209648
M 7 N -17 OM 8.619829 EM 9.209648
M 7 N -16 OM 8.644126 EM 9.209648
M 7 N -15 OM 8.669509 EM 9.209648
M 7 N -14 OM 8.695968 EM 9.209648
M 7 N -13 OM 8.723493 EM 9.209648
M 7 N -12 OM 8.740688 EM 9.209648
M 7 N -11 OM 8.758613 EM 9.209648
M 7 N -10 OM 8.777640 EM 9.209648
M 7 N -9 OM 8.797763 EM 9.209648
M 7 N -8 OM 8.818974 EM 9.209648
M 7 N -7 OM 8.841265 EM 9.209648
M 7 N -6 OM 8.828569 EM 9.209648
M 7 N -5 OM 8.791307 EM 9.209648
M 7 N -4 OM 8.755031 EM 9.209648
M 7 N -3 OM 8.719749 EM 9.209648
M 7 N -2 OM 8.685476 EM 9.209648
M 7 N -1 OM 8.652223 EM 9.209648
M 7 N 0 OM 8.620002 EM 9.209648
M 7 N 1 OM 8.318939 EM 9.209648
M 7 N 2 OM 8.265495 EM 9.209648
M 7 N 3 OM 8.212921 EM 9.209648
M 7 N 4 OM 8.161234 EM 9.209648
M 7 N 5 OM 8.110451 EM 9.209648
M 7 N 6 OM 8.060588 EM 9.209648
M 7 N 7 OM 8.011663 EM 9.209648
M 7 N 8 OM 7.963694 EM 9.209648
M 7 N 9 OM 7.916696 EM 9.209648
M 7 N 10 OM 7.870689 EM 9.209648
M 7 N 11 OM 7.825689 EM 9.209648
M 7 N 12 OM 7.781714 EM 9.209648
M 7 N 13 OM 7.738782 EM 9.209648
M 7 N 14 OM 7.696909 EM 9.209648
M 7 N 15 OM 7.656114 EM 9.209648
M 7 N 16 OM 7.616413 EM 9.209648
M 7 N 17 OM 7.577824 EM 9.209648
M 7 N 18 OM 7.540363 EM 9.209648
M 7 N 19 OM 7.504049 EM 9.209648
M 7 N 20 OM 7.468896 EM 9.209648
M 7 N 21 OM 7.434923 EM 9.209648
M 7 N 22 OM 7.402145 EM 9.209648
M 7 N 23 OM 7.370577 EM 9.209648
M 7 N 24 OM 7.340237 EM 9.209648
M 7 N 25 OM 7.311139 EM 9.209648
M 7 N 26 OM 7.283297 EM 9.209648
M 7 N 27 OM 7.256727 EM 9.209648
M 7 N 28 OM 7.231441 EM 9.209648
M 7 N 29 OM 7.207455 EM 9.209648
M 7 N 30 OM 7.184781 EM 9.209648
M 7 N 31 OM 7.163431 EM 9.209648
M 7 N 32 OM 7.143417 EM 9.209648
M 7 N 33 OM 7.124751 EM 9.209648
M 7 N 34 OM 7.107443 EM 9.209648
M 7 N 35 OM 7.091503 EM 9.209648
M 7 N 36 OM 4.893669 EM 9.209648
M 7 N 37 OM 4.803006 EM 9.209648
M 7 N 38 OM 4.712721 EM 9.209648
M 7 N 39 OM 4.622834 EM 9.209648
M 7 N 40 OM 4.533373 EM 9.209648
M 7 N 41 OM 4.444360 EM 9.209648
M 7 N 42 OM 4.355824 EM 9.209648
M 7 N 43 OM 4.267795 EM 9.209648
M 7 N 44 OM 4.180303 EM 9.209648
M 7 N 45 OM 4.093385 EM 9.209648
M 7 N 46 OM 4.007078 EM 9.209648
M 7 N 47 OM 3.921420 EM 9.209648
M 7 N 48 OM 3.836457 EM 9.209648
M 7 N 49 OM 3.752235 EM 9.209648
M 7 N 50 OM 3.668806 EM 9.209648
M 8 N -50 OM 5.491001 EM 9.209648
M 8 N -49 OM 5.545282 EM 9.209648
M 8 N -48 OM 5.600823 EM 9.209648
M 8 N -47 OM 5.657587 EM 9.209648
M 8 N -46 OM 5.715537 EM 9.209648
M 8 N -45 OM 5.774636 EM 9.209648
M 8 N -44 OM 5.834851 EM 9.209648
M 8 N -43 OM 5.896147 EM 9.209648
M 8 N -42 OM 5.958492 EM 9.209648
M 8 N -41 OM 6.021851 EM 9.209648
M 8 N -40 OM 6.086194 EM 9.209648
M 8 N -39 OM 6.151489 EM 9.209648
M 8 N -38 OM 6.217708 EM 9.209648
M 8 N -37 OM 6.284820 EM 9.209648
M 8 N -36 OM 6.352797 EM 9.209648
M 8 N -35 OM 6.421611 EM 9.209648
M 8 N -34 OM 7.066286 EM 9.209648
M 8 N -33 OM 7.125410 EM 9.209648
M 8 N -32 OM 7.185439 EM 9.209648
M 8 N -31 OM 7.246351 EM 9.209648
M 8 N -30 OM 8.358958 EM 9.209648
M 8 N -29 OM 8.368492 EM 9.209648
M 8 N -28 OM 8.379208 EM 9.209648
M 8 N -27 OM 8.391102 EM 9.209648
M 8 N -26 OM 8.404169 EM 9.209648
M 8 N -25 OM 8.418404 EM 9.209648
M 8 N -24 OM 8.433800 EM 9.209648
M 8 N -23 OM 8.450353 EM 9.209648
M 8 N -22 OM 8.468053 EM 9.209648
M 8 N -21 OM 8.486896 EM 9.209648
M 8 N -20 OM 8.506871 EM 9.209648
M 8 N -19 OM 8.527973 EM 9.209648
M 8 N -18 OM 8.550192 EM 9.209648
M 8 N -17 OM 8.573521 EM 9.209648
M 8 N -16 OM 8.597949 EM 9.209648
M 8 N -15 OM 8.623466 EM 9.209648
M 8 N -14 OM 8.650066 EM 9.209648
M 8 N -13 OM 8.677737 EM 9.209648
M 8 N -12 OM 8.706468 EM 9.209648
M 8 N -11 OM 8.733733 EM 9.209648
M 8 N -10 OM 8.752815 EM 9.209648
M 8 N -9 OM 8.772994 EM 9.209648
M 8 N -8 OM 8.794265 EM 9.209648
M 8 N -7 OM 8.816619 EM 9.209648
M 8 N -6 OM 8.810530 EM 9.209648
M 8 N -5 OM 8.773191 EM 9.209648
M 8 N -4 OM 8.736839 EM 9.209648
M 8 N -3 OM 8.701485 EM 9.209648
M 8 N -2 OM 8.667139 EM 9.209648
M 8 N -1 OM 8.633815 EM 9.209648
M 8 N 0 OM 8.601524 EM 9.209648
M 8 N 1 OM 8.295139 EM 9.209648
M 8 N 2 OM 8.241542 EM 9.209648
M 8 N 3 OM 8.188814 EM 9.209648
M 8 N 4 OM 8.136974 EM 9.209648
M 8 N 5 OM 8.086039 EM 9.209648
M 8 N 6 OM 8.036024 EM 9.209648
M 8 N 7 OM 7.986948 EM 9.209648
M 8 N 8 OM 7.938829 EM 9.209648
M 8 N 9 OM 7.891684 EM 9.209648
M 8 N 10 OM 7.845531 EM 9.209648
M 8 N 11 OM 7.800385 EM 9.209648
M 8 N 12 OM 7.756267 EM 9.209648
M 8 N 13 OM 7.713193 EM 9.209648
M 8 N 14 OM 7.671181 EM 9.209648
M 8 N 15 OM 7.630248 EM 9.209648
M 8 N 16 OM 7.590411 EM 9.209648
M 8 N 17 OM 7.551689 EM 9.209648
M 8 N 18 OM 7.514099 EM 9.209648
M 8 N 19 OM 7.477656 EM 9.209648
M 8 N 20 OM 7.442379 EM 9.209648
M 8 N 21 OM 7.408285 EM 9.209648
M 8 N 22 OM 7.375388 EM 9.209648
M 8 N 23 OM 7.343706 EM 9.209648
M 8 N 24 OM 7.313254 EM 9.209648
M 8 N 25 OM 7.284048 EM 9.209648
M 8 N 26 OM 7.256102 EM 9.209648
M 8 N 27 OM 7.229432 EM 9.209648
M 8 N 28 OM 7.204051 EM 9.209648
M 8 N 29 OM 7.179973 EM 9.209648
M 8 N 30 OM 7.157212 EM 9.209648
M 8 N 31 OM 7.135779 EM 9.209648
M 8 N 32 OM 7.115688 EM 9.209648
M 8 N 33 OM 7.096949 EM 9.209648
M 8 N 34 OM 7.079573 EM 9.209648
M 8 N 35 OM 7.063570 EM 9.209648
M 8 N 36 OM 4.881004 EM 9.209648
M 8 N 37 OM 4.790101 EM 9.209648
M 8 N 38 OM 4.699567 EM 9.209648
M 8 N 39 OM 4.609425 EM 9.209648
M 8 N 40 OM 4.519698 EM 9.209648
M 8 N 41 OM 4.430410 EM 9.209648
M 8 N 42 OM 4.341590 EM 9.209648
M 8 N 43 OM 4.253265 EM 9.209648
M 8 N 44 OM 4.165469 EM 9.209648
M 8 N 45 OM 4.078235 EM 9.209648
M 8 N 46 OM 3.991600 EM 9.209648
M 8 N 47 OM 3.905603 EM 9.209648
M 8 N 48 OM 3.820288 EM 9.209648
M 8 N 49 OM 3.735702 EM 9.209648
M 8 N 50 OM 3.651895 EM 9.209648
M 9 N -50 OM 5.520932 EM 9.209648
M 9 N -49 OM 5.574922 EM 9.209648
M 9 N -48 OM 5.630171 EM 9.209648
M 9 N -47 OM 5.686641 EM 9.209648
M 9 N -46 OM 5.744298 EM 9.209648
M 9 N -45 OM 5.803104 EM 9.209648
M 9 N -44 OM 5.863027 EM 9.209648
M 9 N -43 OM 5.924032 EM 9.209648
M 9 N -42 OM 5.986085 EM 9.209648
M 9 N -41 OM 6.049156 EM 9.209648
M 9 N -40 OM 6.113211 EM 9.209648
M 9 N -39 OM 6.178221 EM 9.209648
M 9 N -38 OM 6.244156 EM 9.209648
M 9 N -37 OM 6.310987 EM 9.209648
M 9 N -36 OM 6.378685 EM 9.209648
M 9 N -35 OM 6.447224 EM 9.209648
M 9 N -34 OM 7.065054 EM 9.209648
M 9 N -33 OM 7.124189 EM 9.209648
M 9 N -32 OM 7.184228 EM 9.209648
M 9 N -31 OM 7.245150 EM 9.209648
M 9 N -30 OM 8.312400 EM 9.209648
M 9 N -29 OM 8.321986 EM 9.209648
M 9 N -28 OM 8.332762 EM 9.209648
M 9 N -27 OM 8.344722 EM 9.209648
M 9 N -26 OM 8.357862 EM 9.209648
M 9 N -25 OM 8.372175 EM 9.209648
M 9 N -24 OM 8.387656 EM 9.209648
M 9 N -23 OM 8.404300 EM 9.209648
M 9 N -22 OM 8.422097 EM 9.209648
M 9 N -21 OM 8.441042 EM 9.209648
M 9 N -20 OM 8.461126 EM 9.209648
M 9 N -19 OM 8.482342 EM 9.209648
M 9 N -18 OM 8.504680 EM 9.209648
M 9 N -17 OM 8.528132 EM 9.209648
M 9 N -16 OM 8.552691 EM 9.209648
M 9 N -15 OM 8.578343 EM 9.209648
M 9 N -14 OM 8.605083 EM 9.209648
M 9 N -13 OM 8.632897 EM 9.209648
M 9 N -12 OM 8.661777 EM 9.209648
M 9 N -11 OM 8.691711 EM 9.209648
M 9 N -10 OM 8.722690 EM 9.209648
M 9 N -9 OM 8.749299 EM 9.209648
M 9 N -8 OM 8.770627 EM 9.209648
M 9 N -7 OM 8.793041 EM 9.209648
M 9 N -6 OM 8.793591 EM 9.209648
M 9 N -5 OM 8.756181 EM 9.209648
M 9 N -4 OM 8.719757 EM 9.209648
M 9 N -3 OM 8.684333 EM 9.209648
M 9 N -2 OM 8.649919 EM 9.209648
M 9 N -1 OM 8.616529 EM 9.209648
M 9 N 0 OM 8.584173 EM 9.209648
M 9 N 1 OM 8.272481 EM 9.209648
M 9 N 2 OM 8.218736 EM 9.209648
M 9 N 3 OM 8.165861 EM 9.209648
M 9 N 4 OM 8.113873 EM 9.209648
M 9 N 5 OM 8.062792 EM 9.209648
M 9 N 6 OM 8.012632 EM 9.209648
M 9 N 7 OM 7.963413 EM 9.209648
M 9 N 8 OM 7.915151 EM 9.209648
M 9 N 9 OM 7.867864 EM 9.209648
M 9 N 10 OM 7.821569 EM 9.209648
M 9 N 11 OM 7.776285 EM 9.209648
M 9 N 12 OM 7.732029 EM 9.209648
M 9 N 13 OM 7.688819 EM 9.209648
M 9 N 14 OM 7.646674 EM 9.209648
M 9 N 15 OM 7.605608 EM 9.209648
M 9 N 16 OM 7.565642 EM 9.209648
M 9 N 17 OM 7.526793 EM 9.209648
M 9 N 18 OM 7.489078 EM 9.209648
M 9 N 19 OM 7.452513 EM 9.209648
M 9 N 20 OM 7.417116 EM 9.209648
M 9 N 21 OM 7.382905 EM 9.209648
M 9 N 22 OM 7.349895 EM 9.209648
M 9 N 23 OM 7.318101 EM 9.209648
M 9 N 24 OM 7.287543 EM 9.209648
M 9 N 25 OM 7.258233 EM 9.209648
M 9 N 26 OM 7.230187 EM 9.209648
M 9 N 27 OM 7.203421 EM 9.209648
M 9 N 28 OM 7.177948 EM 9.209648
M 9 N 29 OM 7.153783 EM 9.209648
M 9 N 30 OM 7.130938 EM 9.209648
M 9 N 31 OM 7.109426 EM 9.209648
M 9 N 32 OM 7.089261 EM 9.209648
M 9 N 33 OM 7.070451 EM 9.209648
M 9 N 34 OM 7.053010 EM 9.209648
M 9 N 35 OM 7.036946 EM 9.209648
M 9 N 36 OM 4.870359 EM 9.209648
M 9 N 37 OM 4.779254 EM 9.209648
M 9 N 38 OM 4.688511 EM 9.209648
M 9 N 39 OM 4.598152 EM 9.209648
M 9 N 40 OM 4.508200 EM 9.209648
M 9 N 41 OM 4.418680 EM 9.209648
M 9 N 42 OM 4.329619 EM 9.209648
M 9 N 43 OM 4.241046 EM 9.209648
M 9 N 44 OM 4.152991 EM 9.209648
M 9 N 45 OM 4.065489 EM 9.209648
M 9 N 46 OM 3.978576 EM 9.209648
M 9 N 47 OM 3.892292 EM 9.209648
M 9 N 48 OM 3.806679 EM 9.209648
M 9 N 49 OM 3.721783 EM 9.209648
M 9 N 50 OM 3.637655 EM 9.209648
M 10 N -50 OM 5.552503 EM 9.209648
M 10 N -49 OM 5.606189 EM 9.209648
M 10 N -48 OM 5.661133 EM 9.209648
M 10 N -47 OM 5.717298 EM 9.209648
M 10 N -46 OM 5.774648 EM 9.209648
M 10 N -45 OM 5.833148 EM 9.209648
M 10 N -44 OM 5.892766 EM 9.209648
M 10 N -43 OM 5.953466 EM 9.209648
M 10 N -42 OM 6.015216 EM 9.209648
M 10 N -41 OM 6.077984 EM 9.209648
M 10 N -40 OM 6.141739 EM 9.209648
M 10 N -39 OM 6.206450 EM 9.209648
M 10 N -38 OM 6.272088 EM 9.209648
M 10 N -37 OM 6.338624 EM 9.209648
M 10 N -36 OM 6.406030 EM 9.209648
M 10 N -35 OM 6.474279 EM 9.209648
M 10 N -34 OM 7.065238 EM 9.209648
M 10 N -33 OM 7.124372 EM 9.209648
M 10 N -32 OM 7.184409 EM 9.209648
M 10 N -31 OM 7.245329 EM 9.209648
M 10 N -30 OM 8.266788 EM 9.209648
M 10 N -29 OM 8.276427 EM 9.209648
M 10 N -28 OM 8.287262 EM 9.209648
M 10 N -27 OM 8.299288 EM 9.209648
M 10 N -26 OM 8.312500 EM 9.209648
M 10 N -25 OM 8.326891 EM 9.209648
M 10 N -24 OM 8.342457 EM 9.209648
M 10 N -23 OM 8.359190 EM 9.209648
M 10 N -22 OM 8.377083 EM 9.209648
M 10 N -21 OM 8.396129 EM 9.209648
M 10 N -20 OM 8.416321 EM 9.209648
M 10 N -19 OM 8.437649 EM 9.209648
M 10 N -18 OM 8.460105 EM 9.209648
M 10 N -17 OM 8.483682 EM 9.209648
M 10 N -16 OM 8.508368 EM 9.209648
M 10 N -15 OM 8.534154 EM 9.209648
M 10 N -14 OM 8.561031 EM 9.209648
M 10 N -13 OM 8.588988 EM 9.209648
M 10 N -12 OM 8.618015 EM 9.209648
M 10 N -11 OM 8.648101 EM 9.209648
M 10 N -10 OM 8.679235 EM 9.209648
M 10 N -9 OM 8.711405 EM 9.209648
M 10 N -8 OM 8.744601 EM 9.209648
M 10 N -7 OM 8.770539 EM 9.209648
M 10 N -6 OM 8.777758 EM 9.209648
M 10 N -5 OM 8.740280 EM 9.209648
M 10 N -4 OM 8.703791 EM 9.209648
M 10 N -3 OM 8.668300 EM 9.209648
M 10 N -2 OM 8.633822 EM 9.209648
M 10 N -1 OM 8.600369 EM 9.209648
M 10 N 0 OM 8.567953 EM 9.209648
M 10 N 1 OM 8.250973 EM 9.209648
M 10 N 2 OM 8.197085 EM 9.209648
M 10 N 3 OM 8.144071 EM 9.209648
M 10 N 4 OM 8.091943 EM 9.209648
M 10 N 5 OM 8.040722 EM 9.209648
M 10 N 6 OM 7.990424 EM 9.209648
M 10 N 7 OM 7.941067 EM 9.209648
M 10 N 8 OM 7.892668 EM 9.209648
M 10 N 9 OM 7.845246 EM 9.209648
M 10 N 10 OM 7.798817 EM 9.209648
M 10 N 11 OM 7.753400 EM 9.209648
M 10 N 12 OM 7.709013 EM 9.209648
M 10 N 13 OM 7.665673 EM 9.209648
M 10 N 14 OM 7.623399 EM 9.209648
M 10 N 15 OM 7.582208 EM 9.209648
M 10 N 16 OM 7.542118 EM 9.209648
M 10 N 17 OM 7.503147 EM 9.209648
M 10 N 18 OM 7.465312 EM 9.209648
M 10 N 19 OM 7.428630 EM 9.209648
M 10 N 20 OM 7.393119 EM 9.209648
M 10 N 21 OM 7.358796 EM 9.209648
M 10 N 22 OM 7.325677 EM 9.209648
M 10 N 23 OM 7.293779 EM 9.209648
M 10 N 24 OM 7.263118 EM 9.209648
M 10 N 25 OM 7.233709 EM 9.209648
M 10 N 26 OM 7.205568 EM 9.209648
M 10 N 27 OM 7.178710 EM 9.209648
M 10 N 28 OM 7.153149 EM 9.209648
M 10 N 29 OM 7.128900 EM 9.209648
M 10 N 30 OM 7.105975 EM 9.209648
M 10 N 31 OM 7.084387 EM 9.209648
M 10 N 32 OM 7.064150 EM 9.209648
M 10 N 33 OM 7.045274 EM 9.209648
M 10 N 34 OM 7.027770 EM 9.209648
M 10 N 35 OM 7.011648 EM 9.209648
M 10 N 36 OM 4.861749 EM 9.209648
M 10 N 37 OM 4.770479 EM 9.209648
M 10 N 38 OM 4.679565 EM 9.209648
M 10 N 39 OM 4.589030 EM 9.209648
M 10 N 40 OM 4.498897 EM 9.209648
M 10 N 41 OM 4.409188 EM 9.209648
M 10 N 42 OM 4.319931 EM 9.209648
M 10 N 43 OM 4.231154 EM 9.209648
M 10 N 44 OM 4.142890 EM 9.209648
M 10 N 45 OM 4.055170 EM 9.209648
M 10 N 46 OM 3.968031 EM 9.209648
M 10 N 47 OM 3.881512 EM 9.209648
M 10 N 48 OM 3.795655 EM 9.209648
M 10 N 49 OM 3.710508 EM 9.209648
M 10 N 50 OM 3.626119 EM 9.209648
M 11 N -50 OM 5.585686 EM 9.209648
M 11 N -49 OM 5.639056 EM 9.209648
M 11 N -48 OM 5.693683 EM 9.209648
M 11 N -47 OM 5.749530 EM 9.209648
M 11 N -46 OM 5.806561 EM 9.209648
M 11 N -45 OM 5.864744 EM 9.209648
M 11 N -44 OM 5.924043 EM 9.209648
M 11 N -43 OM 5.984426 EM 9.209648
M 11 N -42 OM 6.045860 EM 9.209648
M 11 N -41 OM 6.108313 EM 9.209648
M 11 N -40 OM 6.171754 EM 9.209648
M 11 N -39 OM 6.236154 EM 9.209648
M 11 N -38 OM 6.301483 EM 9.209648
M 11 N -37 OM 6.367712 EM 9.209648
M 11 N -36 OM 6.434813 EM 9.209648
M 11 N -35 OM 6.502760 EM 9.209648
M 11 N -34 OM 7.066838 EM 9.209648
M 11 N -33 OM 7.125957 EM 9.209648
M 11 N -32 OM 7.185982 EM 9.209648
M 11 N -31 OM 7.246889 EM 9.209648
M 11 N -30 OM 8.222140 EM 9.209648
M 11 N -29 OM 8.231832 EM 9.209648
M 11 N -28 OM 8.242725 EM 9.209648
M 11 N -27 OM 8.254816 EM 9.209648
M 11 N -26 OM 8.268098 EM 9.209648
M 11 N -25 OM 8.282567 EM 9.209648
M 11 N -24 OM 8.298216 EM 9.209648
M 11 N -23 OM 8.315038 EM 9.209648
M 11 N -22 OM 8.333026 EM 9.209648
M 11 N -21 OM 8.352172 EM 9.209648
M 11 N -20 OM 8.372470 EM 9.209648
M 11 N -19 OM 8.393909 EM 9.209648
M 11 N -18 OM 8.416483 EM 9.209648
M 11 N -17 OM 8.440181 EM 9.209648
M 11 N -16 OM 8.464993 EM 9.209648
M 11 N -15 OM 8.490911 EM 9.209648
M 11 N -14 OM 8.517925 EM 9.209648
M 11 N -13 OM 8.546023 EM 9.209648
M 11 N -12 OM 8.575195 EM 9.209648
M 11 N -11 OM 8.605432 EM 9.209648
M 11 N -10 OM 8.636719 EM 9.209648
M 11 N -9 OM 8.669047 EM 9.209648
M 11 N -8 OM 8.702405 EM 9.209648
M 11 N -7 OM 8.736779 EM 9.209648
M 11 N -6 OM 8.763038 EM 9.209648
M 11 N -5 OM 8.725496 EM 9.209648
M 11 N -4 OM 8.688945 EM 9.209648
M 11 N -3 OM 8.653394 EM 9.209648
M 11 N -2 OM 8.618857 EM 9.209648
M 11 N -1 OM 8.585345 EM 9.209648
M 11 N 0 OM 8.552873 EM 9.209648
M 11 N 1 OM 8.230622 EM 9.209648
M 11 N 2 OM 8.176601 EM 9.209648
M 11 N 3 OM 8.123452 EM 9.209648
M 11 N 4 OM 8.071193 EM 9.209648
M 11 N 5 OM 8.019839 EM 9.209648
M 11 N 6 OM 7.969409 EM 9.209648
M 11 N 7 OM 7.919920 EM 9.209648
M 11 N 8 OM 7.871392 EM 9.209648
M 11 N 9 OM 7.823841 EM 9.209648
M 11 N 10 OM 7.777284 EM 9.209648
M 11 N 11 OM 7.731741 EM 9.209648
M 11 N 12 OM 7.687228 EM 9.209648
M 11 N 13 OM 7.643765 EM 9.209648
M 11 N 14 OM 7.601369 EM 9.209648
M 11 N 15 OM 7.560058 EM 9.209648
M 11 N 16 OM 7.519850 EM 9.209648
M 11 N 17 OM 7.480763 EM 9.209648
M 11 N 18 OM 7.442814 EM 9.209648
M 11 N 19 OM 7.406021 EM 9.209648
M 11 N 20 OM 7.370401 EM 9.209648
M 11 N 21 OM 7.335971 EM 9.209648
M 11 N 22 OM 7.302749 EM 9.209648
M 11 N 23 OM 7.270751 EM 9.209648
M 11 N 24 OM 7.239992 EM 9.209648
M 11 N 25 OM 7.210489 EM 9.209648
M 11 N 26 OM 7.182257 EM 9.209648
M 11 N 27 OM 7.155311 EM 9.209648
M 11 N 28 OM 7.129667 EM 9.209648
M 11 N 29 OM 7.105337 EM 9.209648
M 11 N 30 OM 7.082335 EM 9.209648
M 11 N 31 OM 7.060676 EM 9.209648
M 11 N 32 OM 7.040370 EM 9.209648
M 11 N 33 OM 7.021430 EM 9.209648
M 11 N 34 OM 7.003867 EM 9.209648
M 11 N 35 OM 6.987690 EM 9.209648
M 11 N 36 OM 4.855183 EM 9.209648
M 11 N 37 OM 4.763787 EM 9.209648
M 11 N 38 OM 4.672744 EM 9.209648
M 11 N 39 OM 4.582074 EM 9.209648
M 11 N 40 OM 4.491800 EM 9.209648
M 11 N 41 OM 4.401947 EM 9.209648
M 11 N 42 OM 4.312540 EM 9.209648
M 11 N 43 OM 4.223608 EM 9.209648
M 11 N 44 OM 4.135182 EM 9.209648
M 11 N 45 OM 4.047296 EM 9.209648
M 11 N 46 OM 3.959984 EM 9.209648
M 11 N 47 OM 3.873285 EM 9.209648
M 11 N 48 OM 3.787242 EM 9.209648
M 11 N 49 OM 3.701901 EM 9.209648
M 11 N 50 OM 3.617311 EM 9.209648
M 12 N -50 OM 5.620453 EM 9.209648
M 12 N -49 OM 5.673496 EM 9.209648
M 12 N -48 OM 5.727794 EM 9.209648
M 12 N -47 OM 5.783311 EM 9.209648
M 12 N -46 OM 5.840014 EM 9.209648
M 12 N -45 OM 5.897866 EM 9.209648
M 12 N -44 OM 5.956835 EM 9.209648
M 12 N -43 OM 6.016889 EM 9.209648
M 12 N -42 OM 6.077995 EM 9.209648
M 12 N -41 OM 6.140121 EM 9.209648
M 12 N -40 OM 6.203238 EM 9.209648
M 12 N -39 OM 6.267313 EM 9.209648
M 12 N -38 OM 6.332321 EM 9.209648
M 12 N -37 OM 6.398231 EM 9.209648
M 12 N -36 OM 6.465015 EM 9.209648
M 12 N -35 OM 6.532648 EM 9.209648
M 12 N -34 OM 7.069851 EM 9.209648
M 12 N -33 OM 7.128945 EM 9.209648
M 12 N -32 OM 7.188945 EM 9.209648
M 12 N -31 OM 7.249827 EM 9.209648
M 12 N -30 OM 8.178471 EM 9.209648
M 12 N -29 OM 8.188214 EM 9.209648
M 12 N -28 OM 8.199165 EM 9.209648
M 12 N -27 OM 8.211320 EM 9.209648
M 12 N -26 OM 8.224673 EM 9.209648
M 12 N -25 OM 8.239219 EM 9.209648
M 12 N -24 OM 8.254950 EM 9.209648
M 12 N -23 OM 8.271859 EM 9.209648
M 12 N -22 OM 8.289941 EM 9.209648
M 12 N -21 OM 8.309187 EM 9.209648
M 12 N -20 OM 8.329589 EM 9.209648
M 12 N -19 OM 8.351139 EM 9.209648
M 12 N -18 OM 8.373828 EM 9.209648
M 12 N -17 OM 8.397646 EM 9.209648
M 12 N -16 OM 8.422584 EM 9.209648
M 12 N -15 OM 8.448632 EM 9.209648
M 12 N -14 OM 8.475780 EM 9.209648
M 12 N -13 OM 8.504018 EM 9.209648
M 12 N -12 OM 8.533334 EM 9.209648
M 12 N -11 OM 8.563717 EM 9.209648
M 12 N -10 OM 8.595157 EM 9.209648
M 12 N -9 OM 8.627641 EM 9.209648
M 12 N -8 OM 8.661158 EM 9.209648
M 12 N -7 OM 8.695696 EM 9.209648
M 12 N -6 OM 8.731242 EM 9.209648
M 12 N -5 OM 8.711837 EM 9.209648
M 12 N -4 OM 8.675227 EM 9.209648
M 12 N -3 OM 8.639620 EM 9.209648
M 12 N -2 OM 8.605027 EM 9.209648
M 12 N -1 OM 8.571462 EM 9.209648
M 12 N 0 OM 8.538936 EM 9.209648
M 12 N 1 OM 8.211440 EM 9.209648
M 12 N 2 OM 8.157292 EM 9.209648
M 12 N 3 OM 8.104016 EM 9.209648
M 12 N 4 OM 8.051630 EM 9.209648
M 12 N 5 OM 8.000151 EM 9.209648
M 12 N 6 OM 7.949596 EM 9.209648
M 12 N 7 OM 7.899984 EM 9.209648
M 12 N 8 OM 7.851332 EM 9.209648
M 12 N 9 OM 7.803658 EM 9.209648
M 12 N 10 OM 7.756980 EM 9.209648
M 12 N 11 OM 7.711317 EM 9.209648
M 12 N 12 OM 7.666686 EM 9.209648
M 12 N 13 OM 7.623106 EM 9.209648
M 12 N 14 OM 7.580595 EM 9.209648
M 12 N 15 OM 7.539170 EM 9.209648
M 12 N 16 OM 7.498850 EM 9.209648
M 12 N 17 OM 7.459652 EM 9.209648
M 12 N 18 OM 7.421596 EM 9.209648
M 12 N 19 OM 7.384696 EM 9.209648
M 12 N 20 OM 7.348974 EM 9.209648
M 12 N 21 OM 7.314443 EM 9.209648
M 12 N 22 OM 7.281123 EM 9.209648
M 12 N 23 OM 7.249028 EM 9.209648
M 12 N 24 OM 7.218177 EM 9.209648
M 12 N 25 OM 7.188584 EM 9.209648
M 12 N 26 OM 7.160266 EM 9.209648
M 12 N 27 OM 7.133238 EM 9.209648
M 12 N 28 OM 7.107513 EM 9.209648
M 12 N 29 OM 7.083107 EM 9.209648
M 12 N 30 OM 7.060034 EM 9.209648
M 12 N 31 OM 7.038306 EM 9.209648
M 12 N 32 OM 7.017935 EM 9.209648
M 12 N 33 OM 6.998934 EM 9.209648
M 12 N 34 OM 6.981314 EM 9.209648
M 12 N 35 OM 6.965086 EM 9.209648
M 12 N 36 OM 4.850670 EM 9.209648
M 12 N 37 OM 4.759188 EM 9.209648
M 12 N 38 OM 4.668055 EM 9.209648
M 12 N 39 OM 4.577291 EM 9.209648
M 12 N 40 OM 4.486922 EM 9.209648
M 12 N 41 OM 4.396969 EM 9.209648
M 12 N 42 OM 4.307459 EM 9.209648
M 12 N 43 OM 4.218420 EM 9.209648
M 12 N 44 OM 4.129883 EM 9.209648
M 12 N 45 OM 4.041881 EM 9.209648
M 12 N 46 OM 3.954449 EM 9.209648
M 12 N 47 OM 3.867627 EM 9.209648
M 12 N 48 OM 3.781455 EM 9.209648
M 12 N 49 OM 3.695980 EM 9.209648
M 12 N 50 OM 3.611251 EM 9.209648
M 13 N -50 OM 5.656774 EM 9.209648
M 13 N -49 OM 5.709479 EM 9.209648
M 13 N -48 OM 5.763439 EM 9.209648
M 13 N -47 OM 5.818616 EM 9.209648
M 13 N -46 OM 5.874977 EM 9.209648
M 13 N -45 OM 5.932488 EM 9.209648
M 13 N -44 OM 5.991117 EM 9.209648
M 13 N -43 OM 6.050831 EM 9.209648
M 13 N -42 OM 6.111598 EM 9.209648
M 13 N -41 OM 6.173386 EM 9.209648
M 13 N -40 OM 6.236165 EM 9.209648
M 13 N -39 OM 6.299906 EM 9.209648
M 13 N -38 OM 6.364581 EM 9.209648
M 13 N -37 OM 6.430160 EM 9.209648
M 13 N -36 OM 6.496616 EM 9.209648
M 13 N -35 OM 6.563923 EM 9.209648
M 13 N -34 OM 7.074277 EM 9.209648
M 13 N -33 OM 7.133335 EM 9.209648
M 13 N -32 OM 7.193297 EM 9.209648
M 13 N -31 OM 7.254143 EM 9.209648
M 13 N -30 OM 8.135797 EM 9.209648
M 13 N -29 OM 8.145591 EM 9.209648
M 13 N -28 OM 8.156600 EM 9.209648
M 13 N -27 OM 8.168818 EM 9.209648
M 13 N -26 OM 8.182240 EM 9.209648
M 13 N -25 OM 8.196860 EM 9.209648
M 13 N -24 OM 8.212672 EM 9.209648
M 13 N -23 OM 8.229670 EM 9.209648
M 13 N -22 OM 8.247843 EM 9.209648
M 13 N -21 OM 8.267187 EM 9.209648
M 13 N -20 OM 8.287693 EM 9.209648
M 13 N -19 OM 8.309351 EM 9.209648
M 13 N -18 OM 8.332154 EM 9.209648
M 13 N -17 OM 8.356091 EM 9.209648
M 13 N -16 OM 8.381153 EM 9.209648
M 13 N -15 OM 8.407329 EM 9.209648
M 13 N -14 OM 8.434610 EM 9.209648
M 13 N -13 OM 8.462985 EM 9.209648
M 13 N -12 OM 8.492443 EM 9.209648
M 13 N -11 OM 8.522972 EM 9.209648
M 13 N -10 OM 8.554562 EM 9.209648
M 13 N -9 OM 8.587199 EM 9.209648
M 13 N -8 OM 8.620873 EM 9.209648
M 13 N -7 OM 8.655571 EM 9.209648
M 13 N -6 OM 8.691282 EM 9.209648
M 13 N -5 OM 8.699305 EM 9.209648
M 13 N -4 OM 8.662642 EM 9.209648
M 13 N -3 OM 8.626983 EM 9.209648
M 13 N -2 OM 8.592340 EM 9.209648
M 13 N -1 OM 8.558724 EM 9.209648
M 13 N 0 OM 8.526150 EM 9.209648
M 13 N 1 OM 8.193433 EM 9.209648
M 13 N 2 OM 8.139166 EM 9.209648
M 13 N 3 OM 8.085771 EM 9.209648
M 13 N 4 OM 8.033265 EM 9.209648
M 13 N 5 OM 7.981668 EM 9.209648
M 13 N 6 OM 7.930995 EM 9.209648
M 13 N 7 OM 7.881266 EM 9.209648
M 13 N 8 OM 7.832497 EM 9.209648
M 13 N 9 OM 7.784708 EM 9.209648
M 13 N 10 OM 7.737916 EM 9.209648
M 13 N 11 OM 7.692140 EM 9.209648
M 13 N 12 OM 7.647397 EM 9.209648
M 13 N 13 OM 7.603706 EM 9.209648
M 13 N 14 OM 7.561086 EM 9.209648
M 13 N 15 OM 7.519553 EM 9.209648
M 13 N 16 OM 7.479127 EM 9.209648
M 13 N 17 OM 7.439826 EM 9.209648
M 13 N 18 OM 7.401667 EM 9.209648
M 13 N 19 OM 7.364669 EM 9.209648
M 13 N 20 OM 7.328848 EM 9.209648
M 13 N 21 OM 7.294222 EM 9.209648
M 13 N 22 OM 7.260809 EM 9.209648
M 13 N 23 OM 7.228625 EM 9.209648
M 13 N 24 OM 7.197686 EM 9.209648
M 13 N 25 OM 7.168009 EM 9.209648
M 13 N 26 OM 7.139609 EM 9.209648
M 13 N 27 OM 7.112502 EM 9.209648
M 13 N 28 OM 7.086702 EM 9.209648
M 13 N 29 OM 7.062224 EM 9.209648
M 13 N 30 OM 7.039082 EM 9.209648
M 13 N 31 OM 7.017289 EM 9.209648
M 13 N 32 OM 6.996857 EM 9.209648
M 13 N 33 OM 6.977799 EM 9.209648
M 13 N 34 OM 6.960125 EM 9.209648
M 13 N 35 OM 6.943847 EM 9.209648
M 13 N 36 OM 4.848216 EM 9.209648
M 13 N 37 OM 4.756687 EM 9.209648
M 13 N 38 OM 4.665504 EM 9.209648
M 13 N 39 OM 4.574691 EM 9.209648
M 13 N 40 OM 4.484269 EM 9.209648
M 13 N 41 OM 4.394262 EM 9.209648
M 13 N 42 OM 4.304696 EM 9.209648
M 13 N 43 OM 4.215598 EM 9.209648
M 13 N 44 OM 4.127001 EM 9.209648
M 13 N 45 OM 4.038936 EM 9.209648
M 13 N 46 OM 3.951439 EM 9.209648
M 13 N 47 OM 3.864549 EM 9.209648
M 13 N 48 OM 3.778307 EM 9.209648
M 13 N 49 OM 3.692759 EM 9.209648
M 13 N 50 OM 3.607955 EM 9.209648
M 14 N -50 OM 5.694619 EM 9.209648
M 14 N -49 OM 5.746978 EM 9.209648
M 14 N -48 OM 5.800588 EM 9.209648
M 14 N -47 OM 5.855415 EM 9.209648
M 14 N -46 OM 5.911426 EM 9.209648
M 14 N -45 OM 5.968586 EM 9.209648
M 14 N -44 OM 6.026864 EM 9.209648
M 14 N -43 OM 6.086226 EM 9.209648
M 14 N -42 OM 6.146643 EM 9.209648
M 14 N -41 OM 6.208083 EM 9.209648
M 14 N -40 OM 6.270515 EM 9.209648
M 14 N -39 OM 6.333910 EM 9.209648
M 14 N -38 OM 6.398242 EM 9.209648
M 14 N -37 OM 6.463479 EM 9.209648
M 14 N -36 OM 6.529596 EM 9.209648
M 14 N -35 OM 6.596567 EM 9.209648
M 14 N -34 OM 7.080113 EM 9.209648
M 14 N -33 OM 7.139122 EM 9.209648
M 14 N -32 OM 7.199037 EM 9.209648
M 14 N -31 OM 7.259835 EM 9.209648
M 14 N -30 OM 8.094132 EM 9.209648
M 14 N -29 OM 8.103977 EM 9.209648
M 14 N -28 OM 8.115043 EM 9.209648
M 14 N -27 OM 8.127323 EM 9.209648
M 14 N -26 OM 8.140814 EM 9.209648
M 14 N -25 OM 8.155509 EM 9.209648
M 14 N -24 OM 8.171400 EM 9.209648
M 14 N -23 OM 8.188483 EM 9.209648
M 14 N -22 OM 8.206748 EM 9.209648
M 14 N -21 OM 8.226189 EM 9.209648
M 14 N -20 OM 8.246797 EM 9.209648
M 14 N -19 OM 8.268562 EM 9.209648
M 14 N -18 OM 8.291476 EM 9.209648
M 14 N -17 OM 8.315531 EM 9.209648
M 14 N -16 OM 8.340714 EM 9.209648
M 14 N -15 OM 8.367018 EM 9.209648
M 14 N -14 OM 8.394430 EM 9.209648
M 14 N -13 OM 8.422940 EM 9.209648
M 14 N -12 OM 8.452538 EM 9.209648
M 14 N -11 OM 8.483210 EM 9.209648
M 14 N -10 OM 8.514947 EM 9.209648
M 14 N -9 OM 8.547735 EM 9.209648
M 14 N -8 OM 8.581565 EM 9.209648
M 14 N -7 OM 8.616422 EM 9.209648
M 14 N -6 OM 8.652293 EM 9.209648
M 14 N -5 OM 8.687905 EM 9.209648
M 14 N -4 OM 8.651195 EM 9.209648
M 14 N -3 OM 8.615488 EM 9.209648
M 14 N -2 OM 8.580798 EM 9.209648
M 14 N -1 OM 8.547138 EM 9.209648
M 14 N 0 OM 8.514519 EM 9.209648
M 14 N 1 OM 8.176610 EM 9.209648
M 14 N 2 OM 8.122230 EM 9.209648
M 14 N 3 OM 8.068722 EM 9.209648
M 14 N 4 OM 8.016106 EM 9.209648
M 14 N 5 OM 7.964397 EM 9.209648
M 14 N 6 OM 7.913614 EM 9.209648
M 14 N 7 OM 7.863774 EM 9.209648
M 14 N 8 OM 7.814897 EM 9.209648
M 14 N 9 OM 7.766999 EM 9.209648
M 14 N 10 OM 7.720100 EM 9.209648
M 14 N 11 OM 7.674218 EM 9.209648
M 14 N 12 OM 7.629370 EM 9.209648
M 14 N 13 OM 7.585575 EM 9.209648
M 14 N 14 OM 7.542852 EM 9.209648
M 14 N 15 OM 7.501219 EM 9.209648
M 14 N 16 OM 7.460694 EM 9.209648
M 14 N 17 OM 7.421295 EM 9.209648
M 14 N 18 OM 7.383040 EM 9.209648
M 14 N 19 OM 7.345948 EM 9.209648
M 14 N 20 OM 7.310035 EM 9.209648
M 14 N 21 OM 7.275320 EM 9.209648
M 14 N 22 OM 7.241819 EM 9.209648
M 14 N 23 OM 7.209550 EM 9.209648
M 14 N 24 OM 7.178529 EM 9.209648
M 14 N 25 OM 7.148772 EM 9.209648
M 14 N 26 OM 7.120296 EM 9.209648
M 14 N 27 OM 7.093115 EM 9.209648
M 14 N 28 OM 7.067245 EM 9.209648
M 14 N 29 OM 7.042699 EM 9.209648
M 14 N 30 OM 7.019493 EM 9.209648
M 14 N 31 OM 6.997639 EM 9.209648
M 14 N 32 OM 6.977149 EM 9.209648
M 14 N 33 OM 6.958037 EM 9.209648
M 14 N 34 OM 6.940313 EM 9.209648
M 14 N 35 OM 6.923988 EM 9.209648
M 14 N 36 OM 4.847824 EM 9.209648
M 14 N 37 OM 4.756287 EM 9.209648
M 14 N 38 OM 4.665097 EM 9.209648
M 14 N 39 OM 4.574276 EM 9.209648
M 14 N 40 OM 4.483845 EM 9.209648
M 14 N 41 OM 4.393829 EM 9.209648
M 14 N 42 OM 4.304254 EM 9.209648
M 14 N 43 OM 4.215147 EM 9.209648
M 14 N 44 OM 4.126540 EM 9.209648
M 14 N 45 OM 4.038465 EM 9.209648
M 14 N 46 OM 3.950958 EM 9.209648
M 14 N 47 OM 3.864057 EM 9.209648
M 14 N 48 OM 3.777804 EM 9.209648
M 14 N 49 OM 3.692244 EM 9.209648
M 14 N 50 OM 3.607428 EM 9.209648
M 15 N -50 OM 5.733959 EM 9.209648
M 15 N -49 OM 5.785962 EM 9.209648
M 15 N -48 OM 5.839214 EM 9.209648
M 15 N -47 OM 5.893682 EM 9.209648
M 15 N -46 OM 5.949332 EM 9.209648
M 15 N -45 OM 6.006132 EM 9.209648
M 15 N -44 OM 6.064049 EM 9.209648
M 15 N -43 OM 6.123051 EM 9.209648
M 15 N -42 OM 6.183108 EM 9.209648
M 15 N -41 OM 6.244189 EM 9.209648
M 15 N -40 OM 6.306263 EM 9.209648
M 15 N -39 OM 6.369303 EM 9.209648
M 15 N -38 OM 6.433280 EM 9.209648
M 15 N -37 OM 6.498166 EM 9.209648
M 15 N -36 OM 6.563933 EM 9.209648
M 15 N -35 OM 6.630558 EM 9.209648
M 15 N -34 OM 7.087355 EM 9.209648
M 15 N -33 OM 7.146304 EM 9.209648
M 15 N -32 OM 7.206160 EM 9.209648
M 15 N -31 OM 7.266898 EM 9.209648
M 15 N -30 OM 8.046279 EM 9.209648
M 15 N -29 OM 8.063390 EM 9.209648
M 15 N -28 OM 8.074511 EM 9.209648
M 15 N -27 OM 8.086853 EM 9.209648
M 15 N -26 OM 8.100410 EM 9.209648
M 15 N -25 OM 8.115178 EM 9.209648
M 15 N -24 OM 8.131149 EM 9.209648
M 15 N -23 OM 8.148315 EM 9.209648
M 15 N -22 OM 8.166671 EM 9.209648
M 15 N -21 OM 8.186207 EM 9.209648
M 15 N -20 OM 8.206915 EM 9.209648
M 15 N -19 OM 8.228786 EM 9.209648
M 15 N -18 OM 8.251811 EM 9.209648
M 15 N -17 OM 8.275980 EM 9.209648
M 15 N -16 OM 8.301284 EM 9.209648
M 15 N -15 OM 8.327712 EM 9.209648
M 15 N -14 OM 8.355253 EM 9.209648
M 15 N -13 OM 8.383897 EM 9.209648
M 15 N -12 OM 8.413630 EM 9.209648
M 15 N -11 OM 8.444445 EM 9.209648
M 15 N -10 OM 8.476327 EM 9.209648
M 15 N -9 OM 8.509265 EM 9.209648
M 15 N -8 OM 8.543246 EM 9.209648
M 15 N -7 OM 8.578259 EM 9.209648
M 15 N -6 OM 8.614289 EM 9.209648
M 15 N -5 OM 8.651326 EM 9.209648
M 15 N -4 OM 8.640889 EM 9.209648
M 15 N -3 OM 8.605140 EM 9.209648
M 15 N -2 OM 8.570408 EM 9.209648
M 15 N -1 OM 8.536707 EM 9.209648
M 15 N 0 OM 8.504048 EM 9.209648
M 15 N 1 OM 8.160977 EM 9.209648
M 15 N 2 OM 8.106492 EM 9.209648
M 15 N 3 OM 8.052880 EM 9.209648
M 15 N 4 OM 8.000159 EM 9.209648
M 15 N 5 OM 7.948347 EM 9.209648
M 15 N 6 OM 7.897460 EM 9.209648
M 15 N 7 OM 7.847518 EM 9.209648
M 15 N 8 OM 7.798539 EM 9.209648
M 15 N 9 OM 7.750541 EM 9.209648
M 15 N 10 OM 7.703541 EM 9.209648
M 15 N 11 OM 7.657559 EM 9.209648
M 15 N 12 OM 7.612613 EM 9.209648
M 15 N 13 OM 7.568721 EM 9.209648
M 15 N 14 OM 7.525903 EM 9.209648
M 15 N 15 OM 7.484175 EM 9.209648
M 15 N 16 OM 7.443557 EM 9.209648
M 15 N 17 OM 7.404068 EM 9.209648
M 15 N 18 OM 7.365723 EM 9.209648
M 15 N 19 OM 7.328543 EM 9.209648
M 15 N 20 OM 7.292545 EM 9.209648
M 15 N 21 OM 7.257746 EM 9.209648
M 15 N 22 OM 7.224164 EM 9.209648
M 15 N 23 OM 7.191816 EM 9.209648
M 15 N 24 OM 7.160718 EM 9.209648
M 15 N 25 OM 7.130887 EM 9.209648
M 15 N 26 OM 7.102339 EM 9.209648
M 15 N 27 OM 7.075089 EM 9.209648
M 15 N 28 OM 7.049152 EM 9.209648
M 15 N 29 OM 7.024543 EM 9.209648
M 15 N 30 OM 7.001277 EM 9.209648
M 15 N 31 OM 6.979366 EM 9.209648
M 15 N 32 OM 6.958823 EM 9.209648
M 15 N 33 OM 6.939660 EM 9.209648
M 15 N 34 OM 6.921889 EM 9.209648
M 15 N 35 OM 6.905520 EM 9.209648
M 15 N 36 OM 4.849494 EM 9.209648
M 15 N 37 OM 4.757990 EM 9.209648
M 15 N 38 OM 4.666833 EM 9.209648
M 15 N 39 OM 4.576046 EM 9.209648
M 15 N 40 OM 4.485651 EM 9.209648
M 15 N 41 OM 4.395673 EM 9.209648
M 15 N 42 OM 4.306136 EM 9.209648
M 15 N 43 OM 4.217069 EM 9.209648
M 15 N 44 OM 4.128503 EM 9.209648
M 15 N 45 OM 4.040471 EM 9.209648
M 15 N 46 OM 3.953008 EM 9.209648
M 15 N 47 OM 3.866153 EM 9.209648
M 15 N 48 OM 3.779947 EM 9.209648
M 15 N 49 OM 3.694438 EM 9.209648
M 15 N 50 OM 3.609673 EM 9.209648
M 16 N -50 OM 5.774763 EM 9.209648
M 16 N -49 OM 5.826401 EM 9.209648
M 16 N -48 OM 5.879287 EM 9.209648
M 16 N -47 OM 5.933388 EM 9.209648
M 16 N -46 OM 5.988669 EM 9.209648
M 16 N -45 OM 6.045099 EM 9.209648
M 16 N -44 OM 6.102646 EM 9.209648
M 16 N -43 OM 6.161279 EM 9.209648
M 16 N -42 OM 6.220966 EM 9.209648
M 16 N -41 OM 6.281679 EM 9.209648
M 16 N -40 OM 6.343387 EM 9.209648
M 16 N -39 OM 6.406061 EM 9.209648
M 16 N -38 OM 6.469675 EM 9.209648
M 16 N -37 OM 6.534199 EM 9.209648
M 16 N -36 OM 6.599608 EM 9.209648
M 16 N -35 OM 6.665875 EM 9.209648
M 16 N -34 OM 7.095999 EM 9.209648
M 16 N -33 OM 7.154877 EM 9.209648
M 16 N -32 OM 7.214661 EM 9.209648
M 16 N -31 OM 7.275328 EM 9.209648
M 16 N -30 OM 7.964647 EM 9.209648
M 16 N -29 OM 8.003091 EM 9.209648
M 16 N -28 OM 8.035018 EM 9.209648
M 16 N -27 OM 8.047421 EM 9.209648
M 16 N -26 OM 8.061046 EM 9.209648
M 16 N -25 OM 8.075885 EM 9.209648
M 16 N -24 OM 8.091933 EM 9.209648
M 16 N -23 OM 8.109183 EM 9.209648
M 16 N -22 OM 8.127627 EM 9.209648
M 16 N -21 OM 8.147256 EM 9.209648
M 16 N -20 OM 8.168063 EM 9.209648
M 16 N -19 OM 8.190038 EM 9.209648
M 16 N -18 OM 8.213171 EM 9.209648
M 16 N -17 OM 8.237454 EM 9.209648
M 16 N -16 OM 8.262876 EM 9.209648
M 16 N -15 OM 8.289426 EM 9.209648
M 16 N -14 OM 8.317094 EM 9.209648
M 16 N -13 OM 8.345868 EM 9.209648
M 16 N -12 OM 8.375738 EM 9.209648
M 16 N -11 OM 8.406692 EM 9.209648
M 16 N -10 OM 8.438715 EM 9.209648
M 16 N -9 OM 8.471800 EM 9.209648
M 16 N -8 OM 8.505931 EM 9.209648
M 16 N -7 OM 8.541096 EM 9.209648
M 16 N -6 OM 8.577283 EM 9.209648
M 16 N -5 OM 8.614479 EM 9.209648
M 16 N -4 OM 8.631730 EM 9.209648
M 16 N -3 OM 8.595942 EM 9.209648
M 16 N -2 OM 8.561173 EM 9.209648
M 16 N -1 OM 8.527436 EM 9.209648
M 16 N 0 OM 8.494741 EM 9.209648
M 16 N 1 OM 8.146542 EM 9.209648
M 16 N 2 OM 8.091960 EM 9.209648
M 16 N 3 OM 8.038251 EM 9.209648
M 16 N 4 OM 7.985434 EM 9.209648
M 16 N 5 OM 7.933525 EM 9.209648
M 16 N 6 OM 7.882543 EM 9.209648
M 16 N 7 OM 7.832506 EM 9.209648
M 16 N 8 OM 7.783432 EM 9.209648
M 16 N 9 OM 7.735340 EM 9.209648
M 16 N 10 OM 7.688247 EM 9.209648
M 16 N 11 OM 7.642173 EM 9.209648
M 16 N 12 OM 7.597136 EM 9.209648
M 16 N 13 OM 7.553155 EM 9.209648
M 16 N 14 OM 7.510247 EM 9.209648
M 16 N 15 OM 7.468432 EM 9.209648
M 16 N 16 OM 7.427728 EM 9.209648
M 16 N 17 OM 7.388154 EM 9.209648
M 16 N 18 OM 7.349726 EM 9.209648
M 16 N 19 OM 7.312465 EM 9.209648
M 16 N 20 OM 7.276387 EM 9.209648
M 16 N 21 OM 7.241511 EM 9.209648
M 16 N 22 OM 7.207853 EM 9.209648
M 16 N 23 OM 7.175431 EM 9.209648
M 16 N 24 OM 7.144262 EM 9.209648
M 16 N 25 OM 7.114362 EM 9.209648
M 16 N 26 OM 7.085747 EM 9.209648
M 16 N 27 OM 7.058433 EM 9.209648
M 16 N 28 OM 7.032435 EM 9.209648
M 16 N 29 OM 7.007768 EM 9.209648
M 16 N 30 OM 6.984446 EM 9.209648
M 16 N 31 OM 6.962481 EM 9.209648
M 16 N 32 OM 6.941888 EM 9.209648
M 16 N 33 OM 6.922679 EM 9.209648
M 16 N 34 OM 6.904864 EM 9.209648
M 16 N 35 OM 6.888455 EM 9.209648
M 16 N 36 OM 4.853226 EM 9.209648
M 16 N 37 OM 4.761793 EM 9.209648
M 16 N 38 OM 4.670711 EM 9.209648
M 16 N 39 OM 4.580000 EM 9.209648
M 16 N 40 OM 4.489685 EM 9.209648
M 16 N 41 OM 4.399788 EM 9.209648
M 16 N 42 OM 4.310337 EM 9.209648
M 16 N 43 OM 4.221359 EM 9.209648
M 16 N 44 OM 4.132885 EM 9.209648
M 16 N 45 OM 4.044948 EM 9.209648
M 16 N 46 OM 3.957584 EM 9.209648
M 16 N 47 OM 3.870832 EM 9.209648
M 16 N 48 OM 3.784733 EM 9.209648
M 16 N 49 OM 3.699333 EM 9.209648
M 16 N 50 OM 3.614683 EM 9.209648
M 17 N -50 OM 5.817000 EM 9.209648
M 17 N -49 OM 5.868267 EM 9.209648
M 17 N -48 OM 5.920779 EM 9.209648
M 17 N -47 OM 5.974504 EM 9.209648
M 17 N -46 OM 6.029408 EM 9.209648
M 17 N -45 OM 6.085460 EM 9.209648
M 17 N -44 OM 6.142629 EM 9.209648
M 17 N -43 OM 6.200883 EM 9.209648
M 17 N -42 OM 6.260194 EM 9.209648
M 17 N -41 OM 6.320529 EM 9.209648
M 17 N -40 OM 6.381862 EM 9.209648
M 17 N -39 OM 6.444162 EM 9.209648
M 17 N -38 OM 6.507403 EM 9.209648
M 17 N -37 OM 6.571557 EM 9.209648
M 17 N -36 OM 6.636598 EM 9.209648
M 17 N -35 OM 6.702499 EM 9.209648
M 17 N -34 OM 7.106040 EM 9.209648
M 17 N -33 OM 7.164835 EM 9.209648
M 17 N -32 OM 7.224537 EM 9.209648
M 17 N -31 OM 7.285122 EM 9.209648
M 17 N -30 OM 7.883439 EM 9.209648
M 17 N -29 OM 7.922277 EM 9.209648
M 17 N -28 OM 7.962182 EM 9.209648
M 17 N -27 OM 8.003137 EM 9.209648
M 17 N -26 OM 8.022734 EM 9.209648
M 17 N -25 OM 8.037644 EM 9.209648
M 17 N -24 OM 8.053768 EM 9.209648
M 17 N -23 OM 8.071100 EM 9.209648
M 17 N -22 OM 8.089630 EM 9.209648
M 17 N -21 OM 8.109351 EM 9.209648
M 17 N -20 OM 8.130256 EM 9.209648
M 17 N -19 OM 8.152332 EM 9.209648
M 17 N -18 OM 8.175572 EM 9.209648
M 17 N -17 OM 8.199966 EM 9.209648
M 17 N -16 OM 8.225504 EM 9.209648
M 17 N -15 OM 8.252174 EM 9.209648
M 17 N -14 OM 8.279967 EM 9.209648
M 17 N -13 OM 8.308870 EM 9.209648
M 17 N -12 OM 8.338872 EM 9.209648
M 17 N -11 OM 8.369962 EM 9.209648
M 17 N -10 OM 8.402125 EM 9.209648
M 17 N -9 OM 8.435353 EM 9.209648
M 17 N -8 OM 8.469631 EM 9.209648
M 17 N -7 OM 8.504947 EM 9.209648
M 17 N -6 OM 8.541287 EM 9.209648
M 17 N -5 OM 8.578639 EM 9.209648
M 17 N -4 OM 8.616990 EM 9.209648
M 17 N -3 OM 8.587900 EM 9.209648
M 17 N -2 OM 8.553099 EM 9.209648
M 17 N -1 OM 8.519329 EM 9.209648
M 17 N 0 OM 8.486603 EM 9.209648
M 17 N 1 OM 8.133310 EM 9.209648
M 17 N 2 OM 8.078639 EM 9.209648
M 17 N 3 OM 8.024841 EM 9.209648
M 17 N 4 OM 7.971935 EM 9.209648
M 17 N 5 OM 7.919938 EM 9.209648
M 17 N 6 OM 7.868868 EM 9.209648
M 17 N 7 OM 7.818743 EM 9.209648
M 17 N 8 OM 7.769583 EM 9.209648
M 17 N 9 OM 7.721404 EM 9.209648
M 17 N 10 OM 7.674226 EM 9.209648
M 17 N 11 OM 7.628067 EM 9.209648
M 17 N 12 OM 7.582947 EM 9.209648
M 17 N 13 OM 7.538882 EM 9.209648
M 17 N 14 OM 7.495893 EM 9.209648
M 17 N 15 OM 7.453998 EM 9.209648
M 17 N 16 OM 7.413214 EM 9.209648
M 17 N 17 OM 7.373562 EM 9.209648
M 17 N 18 OM 7.335058 EM 9.209648
M 17 N 19 OM 7.297722 EM 9.209648
M 17 N 20 OM 7.261571 EM 9.209648
M 17 N 21 OM 7.226623 EM 9.209648
M 17 N 22 OM 7.192895 EM 9.209648
M 17 N 23 OM 7.160406 EM 9.209648
M 17 N 24 OM 7.129171 EM 9.209648
M 17 N 25 OM 7.099207 EM 9.209648
M 17 N 26 OM 7.070531 EM 9.209648
M 17 N 27 OM 7.043159 EM 9.209648
M 17 N 28 OM 7.017104 EM 9.209648
M 17 N 29 OM 6.992383 EM 9.209648
M 17 N 30 OM 6.969008 EM 9.209648
M 17 N 31 OM 6.946995 EM 9.209648
M 17 N 32 OM 6.926356 EM 9.209648
M 17 N 33 OM 6.907104 EM 9.209648
M 17 N 34 OM 6.889248 EM 9.209648
M 17 N 35 OM 6.872802 EM 9.209648
M 17 N 36 OM 4.859012 EM 9.209648
M 17 N 37 OM 4.767690 EM 9.209648
M 17 N 38 OM 4.676723 EM 9.209648
M 17 N 39 OM 4.586131 EM 9.209648
M 17 N 40 OM 4.495939 EM 9.209648
M 17 N 41 OM 4.406170 EM 9.209648
M 17 N 42 OM 4.316851 EM 9.209648
M 17 N 43 OM 4.228010 EM 9.209648
M 17 N 44 OM 4.139678 EM 9.209648
M 17 N 45 OM 4.051889 EM 9.209648
M 17 N 46 OM 3.964678 EM 9.209648
M 17 N 47 OM 3.878084 EM 9.209648
M 17 N 48 OM 3.792150 EM 9.209648
M 17 N 49 OM 3.706922 EM 9.209648
M 17 N 50 OM 3.622449 EM 9.209648
M 18 N -50 OM 5.860639 EM 9.209648
M 18 N -49 OM 5.911527 EM 9.209648
M 18 N -48 OM 5.963659 EM 9.209648
M 18 N -47 OM 6.017000 EM 9.209648
M 18 N -46 OM 6.071520 EM 9.209648
M 18 N -45 OM 6.127187 EM 9.209648
M 18 N -44 OM 6.183970 EM 9.209648
M 18 N -43 OM 6.241839 EM 9.209648
M 18 N -42 OM 6.300764 EM 9.209648
M 18 N -41 OM 6.360714 EM 9.209648
M 18 N -40 OM 6.421663 EM 9.209648
M 18 N -39 OM 6.483581 EM 9.209648
M 18 N -38 OM 6.546441 EM 9.209648
M 18 N -37 OM 6.610216 EM 9.209648
M 18 N -36 OM 6.674880 EM 9.209648
M 18 N -35 OM 6.740407 EM 9.209648
M 18 N -34 OM 7.117471 EM 9.209648
M 18 N -33 OM 7.176174 EM 9.209648
M 18 N -32 OM 7.235781 EM 9.209648
M 18 N -31 OM 7.296273 EM 9.209648
M 18 N -30 OM 7.802667 EM 9.209648
M 18 N -29 OM 7.841905 EM 9.209648
M 18 N -28 OM 7.882217 EM 9.209648
M 18 N -27 OM 7.923585 EM 9.209648
M 18 N -26 OM 7.965995 EM 9.209648
M 18 N -25 OM 8.000470 EM 9.209648
M 18 N -24 OM 8.016669 EM 9.209648
M 18 N -23 OM 8.034081 EM 9.209648
M 18 N -22 OM 8.052696 EM 9.209648
M 18 N -21 OM 8.072508 EM 9.209648
M 18 N -20 OM 8.093507 EM 9.209648
M 18 N -19 OM 8.115684 EM 9.209648
M 18 N -18 OM 8.139029 EM 9.209648
M 18 N -17 OM 8.163531 EM 9.209648
M 18 N -16 OM 8.189182 EM 9.209648
M 18 N -15 OM 8.215971 EM 9.209648
M 18 N -14 OM 8.243886 EM 9.209648
M 18 N -13 OM 8.272915 EM 9.209648
M 18 N -12 OM 8.303046 EM 9.209648
M 18 N -11 OM 8.334270 EM 9.209648
M 18 N -10 OM 8.366571 EM 9.209648
M 18 N -9 OM 8.399940 EM 9.209648
M 18 N -8 OM 8.434361 EM 9.209648
M 18 N -7 OM 8.469824 EM 9.209648
M 18 N -6 OM 8.506314 EM 9.209648
M 18 N -5 OM 8.543819 EM 9.209648
M 18 N -4 OM 8.582326 EM 9.209648
M 18 N -3 OM 8.581016 EM 9.209648
M 18 N -2 OM 8.546185 EM 9.209648
M 18 N -1 OM 8.512389 EM 9.209648
M 18 N 0 OM 8.479636 EM 9.209648
M 18 N 1 OM 8.121289 EM 9.209648
M 18 N 2 OM 8.066537 EM 9.209648
M 18 N 3 OM 8.012658 EM 9.209648
M 18 N 4 OM 7.959670 EM 9.209648
M 18 N 5 OM 7.907592 EM 9.209648
M 18 N 6 OM 7.856442 EM 9.209648
M 18 N 7 OM 7.806238 EM 9.209648
M 18 N 8 OM 7.756998 EM 9.209648
M 18 N 9 OM 7.708741 EM 9.209648
M 18 N 10 OM 7.661485 EM 9.209648
M 18 N 11 OM 7.615249 EM 9.209648
M 18 N 12 OM 7.570052 EM 9.209648
M 18 N 13 OM 7.525912 EM 9.209648
M 18 N 14 OM 7.482848 EM 9.209648
M 18 N 15 OM 7.440879 EM 9.209648
M 18 N 16 OM 7.400023 EM 9.209648
M 18 N 17 OM 7.360300 EM 9.209648
M 18 N 18 OM 7.321727 EM 9.209648
M 18 N 19 OM 7.284322 EM 9.209648
M 18 N 20 OM 7.248104 EM 9.209648
M 18 N 21 OM 7.213091 EM 9.209648
M 18 N 22 OM 7.179300 EM 9.209648
M 18 N 23 OM 7.146749 EM 9.209648
M 18 N 24 OM 7.115454 EM 9.209648
M 18 N 25 OM 7.085432 EM 9.209648
M 18 N 26 OM 7.056700 EM 9.209648
M 18 N 27 OM 7.029273 EM 9.209648
M 18 N 28 OM 7.003167 EM 9.209648
M 18 N 29 OM 6.978396 EM 9.209648
M 18 N 30 OM 6.954975 EM 9.209648
M 18 N 31 OM 6.932918 EM 9.209648
M 18 N 32 OM 6.912237 EM 9.209648
M 18 N 33 OM 6.892944 EM 9.209648
M 18 N 34 OM 6.875052 EM 9.209648
M 18 N 35 OM 6.858572 EM 9.209648
M 18 N 36 OM 4.866847 EM 9.209648
M 18 N 37 OM 4.775675 EM 9.209648
M 18 N 38 OM 4.684862 EM 9.209648
M 18 N 39 OM 4.594431 EM 9.209648
M 18 N 40 OM 4.504405 EM 9.209648
M 18 N 41 OM 4.414809 EM 9.209648
M 18 N 42 OM 4.325668 EM 9.209648
M 18 N 43 OM 4.237012 EM 9.209648
M 18 N 44 OM 4.148871 EM 9.209648
M 18 N 45 OM 4.061281 EM 9.209648
M 18 N 46 OM 3.974276 EM 9.209648
M 18 N 47 OM 3.887896 EM 9.209648
M 18 N 48 OM 3.802184 EM 9.209648
M 18 N 49 OM 3.717185 EM 9.209648
M 18 N 50 OM 3.632951 EM 9.209648
M 19 N -50 OM 5.905649 EM 9.209648
M 19 N -49 OM 5.956152 EM 9.209648
M 19 N -48 OM 6.007896 EM 9.209648
M 19 N -47 OM 6.060849 EM 9.209648
M 19 N -46 OM 6.114978 EM 9.209648
M 19 N -45 OM 6.170253 EM 9.209648
M 19 N -44 OM 6.226644 EM 9.209648
M 19 N -43 OM 6.284119 EM 9.209648
M 19 N -42 OM 6.342651 EM 9.209648
M 19 N -41 OM 6.402210 EM 9.209648
M 19 N -40 OM 6.462767 EM 9.209648
M 19 N -39 OM 6.524295 EM 9.209648
M 19 N -38 OM 6.586766 EM 9.209648
M 19 N -37 OM 6.650155 EM 9.209648
M 19 N -36 OM 6.714434 EM 9.209648
M 19 N -35 OM 6.779579 EM 9.209648
M 19 N -34 OM 7.130287 EM 9.209648
M 19 N -33 OM 7.188885 EM 9.209648
M 19 N -32 OM 7.248388 EM 9.209648
M 19 N -31 OM 7.308775 EM 9.209648
M 19 N -30 OM 7.722345 EM 9.209648
M 19 N -29 OM 7.761989 EM 9.209648
M 19 N -28 OM 7.802714 EM 9.209648
M 19 N -27 OM 7.844502 EM 9.209648
M 19 N -26 OM 7.887337 EM 9.209648
M 19 N -25 OM 7.931201 EM 9.209648
M 19 N -24 OM 7.976077 EM 9.209648
M 19 N -23 OM 7.998141 EM 9.209648
M 19 N -22 OM 8.016839 EM 9.209648
M 19 N -21 OM 8.036740 EM 9.209648
M 19 N -20 OM 8.057832 EM 9.209648
M 19 N -19 OM 8.080106 EM 9.209648
M 19 N -18 OM 8.103554 EM 9.209648
M 19 N -17 OM 8.128164 EM 9.209648
M 19 N -16 OM 8.153927 EM 9.209648
M 19 N -15 OM 8.180830 EM 9.209648
M 19 N -14 OM 8.208864 EM 9.209648
M 19 N -13 OM 8.238016 EM 9.209648
M 19 N -12 OM 8.268276 EM 9.209648
M 19 N -11 OM 8.299629 EM 9.209648
M 19 N -10 OM 8.332066 EM 9.209648
M 19 N -9 OM 8.365572 EM 9.209648
M 19 N -8 OM 8.400134 EM 9.209648
M 19 N -7 OM 8.435740 EM 9.209648
M 19 N -6 OM 8.472378 EM 9.209648
M 19 N -5 OM 8.510033 EM 9.209648
M 19 N -4 OM 8.548691 EM 9.209648
M 19 N -3 OM 8.575292 EM 9.209648
M 19 N -2 OM 8.540439 EM 9.209648
M 19 N -1 OM 8.506618 EM 9.209648
M 19 N 0 OM 8.473844 EM 9.209648
M 19 N 1 OM 8.110484 EM 9.209648
M 19 N 2 OM 8.055657 EM 9.209648
M 19 N 3 OM 8.001705 EM 9.209648
M 19 N 4 OM 7.948644 EM 9.209648
M 19 N 5 OM 7.896494 EM 9.209648
M 19 N 6 OM 7.845271 EM 9.209648
M 19 N 7 OM 7.794995 EM 9.209648
M 19 N 8 OM 7.745684 EM 9.209648
M 19 N 9 OM 7.697355 EM 9.209648
M 19 N 10 OM 7.650029 EM 9.209648
M 19 N 11 OM 7.603724 EM 9.209648
M 19 N 12 OM 7.558457 EM 9.209648
M 19 N 13 OM 7.514250 EM 9.209648
M 19 N 14 OM 7.471118 EM 9.209648
M 19 N 15 OM 7.429083 EM 9.209648
M 19 N 16 OM 7.388163 EM 9.209648
M 19 N 17 OM 7.348375 EM 9.209648
M 19 N 18 OM 7.309739 EM 9.209648
M 19 N 19 OM 7.272273 EM 9.209648
M 19 N 20 OM 7.235994 EM 9.209648
M 19 N 21 OM 7.200922 EM 9.209648
M 19 N 22 OM 7.167074 EM 9.209648
M 19 N 23 OM 7.134467 EM 9.209648
M 19 N 24 OM 7.103117 EM 9.209648
M 19 N 25 OM 7.073044 EM 9.209648
M 19 N 26 OM 7.044261 EM 9.209648
M 19 N 27 OM 7.016786 EM 9.209648
M 19 N 28 OM 6.990633 EM 9.209648
M 19 N 29 OM 6.965817 EM 9.209648
M 19 N 30 OM 6.942354 EM 9.209648
M 19 N 31 OM 6.920256 EM 9.209648
M 19 N 32 OM 6.899537 EM 9.209648
M 19 N 33 OM 6.880209 EM 9.209648
M 19 N 34 OM 6.862284 EM 9.209648
M 19 N 35 OM 6.845773 EM 9.209648
M 19 N 36 OM 4.876720 EM 9.209648
M 19 N 37 OM 4.785736 EM 9.209648
M 19 N 38 OM 4.695118 EM 9.209648
M 19 N 39 OM 4.604888 EM 9.209648
M 19 N 40 OM 4.515071 EM 9.209648
M 19 N 41 OM 4.425691 EM 9.209648
M 19 N 42 OM 4.336774 EM 9.209648
M 19 N 43 OM 4.248349 EM 9.209648
M 19 N 44 OM 4.160449 EM 9.209648
M 19 N 45 OM 4.073107 EM 9.209648
M 19 N 46 OM 3.986361 EM 9.209648
M 19 N 47 OM 3.900249 EM 9.209648
M 19 N 48 OM 3.814814 EM 9.209648
M 19 N 49 OM 3.730103 EM 9.209648
M 19 N 50 OM 3.646167 EM 9.209648
M 20 N -50 OM 5.951999 EM 9.209648
M 20 N -49 OM 6.002113 EM 9.209648
M 20 N -48 OM 6.053464 EM 9.209648
M 20 N -47 OM 6.106021 EM 9.209648
M 20 N -46 OM 6.159753 EM 9.209648
M 20 N -45 OM 6.214630 EM 9.209648
M 20 N -44 OM 6.270621 EM 9.209648
M 20 N -43 OM 6.327698 EM 9.209648
M 20 N -42 OM 6.385830 EM 9.209648
M 20 N -41 OM 6.444989 EM 9.209648
M 20 N -40 OM 6.505148 EM 9.209648
M 20 N -39 OM 6.566279 EM 9.209648
M 20 N -38 OM 6.628355 EM 9.209648
M 20 N -37 OM 6.691349 EM 9.209648
M 20 N -36 OM 6.755237 EM 9.209648
M 20 N -35 OM 6.819992 EM 9.209648
M 20 N -34 OM 7.144480 EM 9.209648
M 20 N -33 OM 7.202962 EM 9.209648
M 20 N -32 OM 7.262350 EM 9.209648
M 20 N -31 OM 7.322622 EM 9.209648
M 20 N -30 OM 7.642487 EM 9.209648
M 20 N -29 OM 7.682543 EM 9.209648
M 20 N -28 OM 7.723687 EM 9.209648
M 20 N -27 OM 7.765900 EM 9.209648
M 20 N -26 OM 7.809166 EM 9.209648
M 20 N -25 OM 7.853467 EM 9.209648
M 20 N -24 OM 7.898785 EM 9.209648
M 20 N -23 OM 7.945104 EM 9.209648
M 20 N -22 OM 7.982075 EM 9.209648
M 20 N -21 OM 8.002061 EM 9.209648
M 20 N -20 OM 8.023245 EM 9.209648
M 20 N -19 OM 8.045615 EM 9.209648
M 20 N -18 OM 8.069162 EM 9.209648
M 20 N -17 OM 8.093877 EM 9.209648
M 20 N -16 OM 8.119748 EM 9.209648
M 20 N -15 OM 8.146765 EM 9.209648
M 20 N -14 OM 8.174916 EM 9.209648
M 20 N -13 OM 8.204189 EM 9.209648
M 20 N -12 OM 8.234572 EM 9.209648
M 20 N -11 OM 8.266054 EM 9.209648
M 20 N -10 OM 8.298621 EM 9.209648
M 20 N -9 OM 8.332261 EM 9.209648
M 20 N -8 OM 8.366961 EM 9.209648
M 20 N -7 OM 8.402709 EM 9.209648
M 20 N -6 OM 8.439489 EM 9.209648
M 20 N -5 OM 8.477290 EM 9.209648
M 20 N -4 OM 8.516098 EM 9.209648
M 20 N -3 OM 8.555898 EM 9.209648
M 20 N -2 OM 8.535859 EM 9.209648
M 20 N -1 OM 8.502021 EM 9.209648
M 20 N 0 OM 8.469229 EM 9.209648
M 20 N 1 OM 8.100898 EM 9.209648
M 20 N 2 OM 8.046006 EM 9.209648
M 20 N 3 OM 7.991989 EM 9.209648
M 20 N 4 OM 7.938863 EM 9.209648
M 20 N 5 OM 7.886648 EM 9.209648
M 20 N 6 OM 7.835361 EM 9.209648
M 20 N 7 OM 7.785020 EM 9.209648
M 20 N 8 OM 7.735646 EM 9.209648
M 20 N 9 OM 7.687254 EM 9.209648
M 20 N 10 OM 7.639865 EM 9.209648
M 20 N 11 OM 7.593498 EM 9.209648
M 20 N 12 OM 7.548171 EM 9.209648
M 20 N 13 OM 7.503902 EM 9.209648
M 20 N 14 OM 7.460711 EM 9.209648
M 20 N 15 OM 7.418617 EM 9.209648
M 20 N 16 OM 7.377638 EM 9.209648
M 20 N 17 OM 7.337793 EM 9.209648
M 20 N 18 OM 7.299101 EM 9.209648
M 20 N 19 OM 7.261580 EM 9.209648
M 20 N 20 OM 7.225248 EM 9.209648
M 20 N 21 OM 7.190124 EM 9.209648
M 20 N 22 OM 7.156224 EM 9.209648
M 20 N 23 OM 7.123568 EM 9.209648
M 20 N 24 OM 7.092170 EM 9.209648
M 20 N 25 OM 7.062050 EM 9.209648
M 20 N 26 OM 7.033222 EM 9.209648
M 20 N 27 OM 7.005703 EM 9.209648
M 20 N 28 OM 6.979509 EM 9.209648
M 20 N 29 OM 6.954654 EM 9.209648
M 20 N 30 OM 6.931153 EM 9.209648
M 20 N 31 OM 6.909019 EM 9.209648
M 20 N 32 OM 6.888266 EM 9.209648
M 20 N 33 OM 6.868907 EM 9.209648
M 20 N 34 OM 6.850952 EM 9.209648
M 20 N 35 OM 6.834414 EM 9.209648
M 20 N 36 OM 4.888619 EM 9.209648
M 20 N 37 OM 4.797861 EM 9.209648
M 20 N 38 OM 4.707477 EM 9.209648
M 20 N 39 OM 4.617488 EM 9.209648
M 20 N 40 OM 4.527921 EM 9.209648
M 20 N 41 OM 4.438799 EM 9.209648
M 20 N 42 OM 4.350150 EM 9.209648
M 20 N 43 OM 4.262003 EM 9.209648
M 20 N 44 OM 4.174390 EM 9.209648
M 20 N 45 OM 4.087347 EM 9.209648
M 20 N 46 OM 4.000909 EM 9.209648
M 20 N 47 OM 3.915117 EM 9.209648
M 20 N 48 OM 3.830013 EM 9.209648
M 20 N 49 OM 3.745646 EM 9.209648
M 20 N 50 OM 3.662067 EM 9.209648
M 21 N -50 OM 5.999657 EM 9.209648
M 21 N -49 OM 6.049376 EM 9.209648
M 21 N -48 OM 6.100329 EM 9.209648
M 21 N -47 OM 6.152486 EM 9.209648
M 21 N -46 OM 6.205816 EM 9.209648
M 21 N -45 OM 6.260289 EM 9.209648
M 21 N -44 OM 6.315876 EM 9.209648
M 21 N -43 OM 6.372547 EM 9.209648
M 21 N -42 OM 6.430274 EM 9.209648
M 21 N -41 OM 6.489028 EM 9.209648
M 21 N -40 OM 6.548783 EM 9.209648
M 21 N -39 OM 6.609510 EM 9.209648
M 21 N -38 OM 6.671184 EM 9.209648
M 21 N -37 OM 6.733778 EM 9.209648
M 21 N -36 OM 6.797266 EM 9.209648
M 21 N -35 OM 6.861625 EM 9.209648
M 21 N -34 OM 7.160042 EM 9.209648
M 21 N -33 OM 7.218398 EM 9.209648
M 21 N -32 OM 7.277660 EM 9.209648
M 21 N -31 OM 7.337806 EM 9.209648
M 21 N -30 OM 7.563108 EM 9.209648
M 21 N -29 OM 7.603583 EM 9.209648
M 21 N -28 OM 7.645151 EM 9.209648
M 21 N -27 OM 7.687796 EM 9.209648
M 21 N -26 OM 7.731499 EM 9.209648
M 21 N -25 OM 7.776242 EM 9.209648
M 21 N -24 OM 7.822008 EM 9.209648
M 21 N -23 OM 7.868778 EM 9.209648
M 21 N -22 OM 7.916535 EM 9.209648
M 21 N -21 OM 7.965262 EM 9.209648
M 21 N -20 OM 7.989759 EM 9.209648
M 21 N -19 OM 8.012223 EM 9.209648
M 21 N -18 OM 8.035869 EM 9.209648
M 21 N -17 OM 8.060686 EM 9.209648
M 21 N -16 OM 8.086663 EM 9.209648
M 21 N -15 OM 8.113790 EM 9.209648
M 21 N -14 OM 8.142055 EM 9.209648
M 21 N -13 OM 8.171446 EM 9.209648
M 21 N -12 OM 8.201950 EM 9.209648
M 21 N -11 OM 8.233557 EM 9.209648
M 21 N -10 OM 8.266252 EM 9.209648
M 21 N -9 OM 8.300023 EM 9.209648
M 21 N -8 OM 8.334857 EM 9.209648
M 21 N -7 OM 8.370742 EM 9.209648
M 21 N -6 OM 8.407662 EM 9.209648
M 21 N -5 OM 8.445605 EM 9.209648
M 21 N -4 OM 8.484557 EM 9.209648
M 21 N -3 OM 8.524505 EM 9.209648
M 21 N -2 OM 8.532450 EM 9.209648
M 21 N -1 OM 8.498598 EM 9.209648
M 21 N 0 OM 8.465792 EM 9.209648
M 21 N 1 OM 8.092536 EM 9.209648
M 21 N 2 OM 8.037587 EM 9.209648
M 21 N 3 OM 7.983513 EM 9.209648
M 21 N 4 OM 7.930331 EM 9.209648
M 21 N 5 OM 7.878059 EM 9.209648
M 21 N 6 OM 7.826716 EM 9.209648
M 21 N 7 OM 7.776320 EM 9.209648
M 21 N 8 OM 7.726889 EM 9.209648
M 21 N 9 OM 7.678442 EM 9.209648
M 21 N 10 OM 7.630999 EM 9.209648
M 21 N 11 OM 7.584578 EM 9.209648
M 21 N 12 OM 7.539196 EM 9.209648
M 21 N 13 OM 7.494875 EM 9.209648
M 21 N 14 OM 7.451632 EM 9.209648
M 21 N 15 OM 7.409486 EM 9.209648
M 21 N 16 OM 7.368456 EM 9.209648
M 21 N 17 OM 7.328561 EM 9.209648
M 21 N 18 OM 7.289820 EM 9.209648
M 21 N 19 OM 7.252251 EM 9.209648
M 21 N 20 OM 7.215872 EM 9.209648
M 21 N 21 OM 7.180702 EM 9.209648
M 21 N 22 OM 7.146758 EM 9.209648
M 21 N 23 OM 7.114058 EM 9.209648
M 21 N 24 OM 7.082618 EM 9.209648
M 21 N 25 OM 7.052457 EM 9.209648
M 21 N 26 OM 7.023590 EM 9.209648
M 21 N 27 OM 6.996033 EM 9.209648
M 21 N 28 OM 6.969802 EM 9.209648
M 21 N 29 OM 6.944912 EM 9.209648
M 21 N 30 OM 6.921379 EM 9.209648
M 21 N 31 OM 6.899214 EM 9.209648
M 21 N 32 OM 6.878431 EM 9.209648
M 21 N 33 OM 6.859044 EM 9.209648
M 21 N 34 OM 6.841063 EM 9.209648
M 21 N 35 OM 6.824501 EM 9.209648
M 21 N 36 OM 4.902530 EM 9.209648
M 21 N 37 OM 4.812034 EM 9.209648
M 21 N 38 OM 4.721921 EM 9.209648
M 21 N 39 OM 4.632213 EM 9.209648
M 21 N 40 OM 4.542936 EM 9.209648
M 21 N 41 OM 4.454115 EM 9.209648
M 21 N 42 OM 4.365777 EM 9.209648
M 21 N 43 OM 4.277952 EM 9.209648
M 21 N 44 OM 4.190672 EM 9.209648
M 21 N 45 OM 4.103974 EM 9.209648
M 21 N 46 OM 4.017894 EM 9.209648
M 21 N 47 OM 3.932472 EM 9.209648
M 21 N 48 OM 3.847753 EM 9.209648
M 21 N 49 OM 3.763784 EM 9.209648
M 21 N 50 OM 3.680616 EM 9.209648
M 22 N -50 OM 6.048594 EM 9.209648
M 22 N -49 OM 6.097914 EM 9.209648
M 22 N -48 OM 6.148465 EM 9.209648
M 22 N -47 OM 6.200217 EM 9.209648
M 22 N -46 OM 6.253139 EM 9.209648
M 22 N -45 OM 6.307204 EM 9.209648
M 22 N -44 OM 6.362381 EM 9.209648
M 22 N -43 OM 6.418641 EM 9.209648
M 22 N -42 OM 6.475957 EM 9.209648
M 22 N -41 OM 6.534301 EM 9.209648
M 22 N -40 OM 6.593645 EM 9.209648
M 22 N -39 OM 6.653963 EM 9.209648
M 22 N -38 OM 6.715229 EM 9.209648
M 22 N -37 OM 6.777415 EM 9.209648
M 22 N -36 OM 6.840498 EM 9.209648
M 22 N -35 OM 6.904455 EM 9.209648
M 22 N -34 OM 7.176963 EM 9.209648
M 22 N -33 OM 7.235182 EM 9.209648
M 22 N -32 OM 7.294308 EM 9.209648
M 22 N -31 OM 7.354318 EM 9.209648
M 22 N -30 OM 7.484224 EM 9.209648
M 22 N -29 OM 7.525123 EM 9.209648
M 22 N -28 OM 7.567122 EM 9.209648
M 22 N -27 OM 7.610204 EM 9.209648
M 22 N -26 OM 7.654350 EM 9.209648
M 22 N -25 OM 7.699542 EM 9.209648
M 22 N -24 OM 7.745760 EM 9.209648
M 22 N -23 OM 7.792989 EM 9.209648
M 22 N -22 OM 7.841208 EM 9.209648
M 22 N -21 OM 7.890400 EM 9.209648
M 22 N -20 OM 7.940547 EM 9.209648
M 22 N -19 OM 7.979945 EM 9.209648
M 22 N -18 OM 8.003686 EM 9.209648
M 22 N -17 OM 8.028602 EM 9.209648
M 22 N -16 OM 8.054683 EM 9.209648
M 22 N -15 OM 8.081917 EM 9.209648
M 22 N -14 OM 8.110292 EM 9.209648
M 22 N -13 OM 8.139798 EM 9.209648
M 22 N -12 OM 8.170422 EM 9.209648
M 22 N -11 OM 8.202149 EM 9.209648
M 22 N -10 OM 8.234969 EM 9.209648
M 22 N -9 OM 8.268868 EM 9.209648
M 22 N -8 OM 8.303834 EM 9.209648
M 22 N -7 OM 8.339851 EM 9.209648
M 22 N -6 OM 8.376907 EM 9.209648
M 22 N -5 OM 8.414989 EM 9.209648
M 22 N -4 OM 8.454083 EM 9.209648
M 22 N -3 OM 8.494174 EM 9.209648
M 22 N -2 OM 8.530210 EM 9.209648
M 22 N -1 OM 8.496350 EM 9.209648
M 22 N 0 OM 8.463535 EM 9.209648
M 22 N 1 OM 8.085403 EM 9.209648
M 22 N 2 OM 8.030405 EM 9.209648
M 22 N 3 OM 7.976282 EM 9.209648
M 22 N 4 OM 7.923052 EM 9.209648
M 22 N 5 OM 7.870732 EM 9.209648
M 22 N 6 OM 7.819340 EM 9.209648
M 22 N 7 OM 7.768896 EM 9.209648
M 22 N 8 OM 7.719418 EM 9.209648
M 22 N 9 OM 7.670924 EM 9.209648
M 22 N 10 OM 7.623434 EM 9.209648
M 22 N 11 OM 7.576966 EM 9.209648
M 22 N 12 OM 7.531539 EM 9.209648
M 22 N 13 OM 7.487172 EM 9.209648
M 22 N 14 OM 7.443884 EM 9.209648
M 22 N 15 OM 7.401694 EM 9.209648
M 22 N 16 OM 7.360621 EM 9.209648
M 22 N 17 OM 7.320684 EM 9.209648
M 22 N 18 OM 7.281901 EM 9.209648
M 22 N 19 OM 7.244291 EM 9.209648
M 22 N 20 OM 7.207872 EM 9.209648
M 22 N 21 OM 7.172662 EM 9.209648
M 22 N 22 OM 7.138680 EM 9.209648
M 22 N 23 OM 7.105942 EM 9.209648
M 22 N 24 OM 7.074467 EM 9.209648
M 22 N 25 OM 7.044271 EM 9.209648
M 22 N 26 OM 7.015370 EM 9.209648
M 22 N 27 OM 6.987781 EM 9.209648
M 22 N 28 OM 6.961519 EM 9.209648
M 22 N 29 OM 6.936600 EM 9.209648
M 22 N 30 OM 6.913037 EM 9.209648
M 22 N 31 OM 6.890845 EM 9.209648
M 22 N 32 OM 6.870038 EM 9.209648
M 22 N 33 OM 6.850626 EM 9.209648
M 22 N 34 OM 6.832623 EM 9.209648
M 22 N 35 OM 6.816041 EM 9.209648
M 22 N 36 OM 4.918435 EM 9.209648
M 22 N 37 OM 4.828237 EM 9.209648
M 22 N 38 OM 4.738432 EM 9.209648
M 22 N 39 OM 4.649043 EM 9.209648
M 22 N 40 OM 4.560095 EM 9.209648
M 22 N 41 OM 4.471614 EM 9.209648
M 22 N 42 OM 4.383629 EM 9.209648
M 22 N 43 OM 4.296169 EM 9.209648
M 22 N 44 OM 4.209268 EM 9.209648
M 22 N 45 OM 4.122961 EM 9.209648
M 22 N 46 OM 4.037285 EM 9.209648
M 22 N 47 OM 3.952283 EM 9.209648
M 22 N 48 OM 3.867997 EM 9.209648
M 22 N 49 OM 3.784477 EM 9.209648
M 22 N 50 OM 3.701775 EM 9.209648
M 23 N -50 OM 6.098778 EM 9.209648
M 23 N -49 OM 6.147695 EM 9.209648
M 23 N -48 OM 6.197840 EM 9.209648
M 23 N -47 OM 6.249183 EM 9.209648
M 23 N -46 OM 6.301695 EM 9.209648
M 23 N -45 OM 6.355346 EM 9.209648
M 23 N -44 OM 6.410108 EM 9.209648
M 23 N -43 OM 6.465953 EM 9.209648
M 23 N -42 OM 6.522854 EM 9.209648
M 23 N -41 OM 6.580781 EM 9.209648
M 23 N -40 OM 6.639710 EM 9.209648
M 23 N -39 OM 6.699614 EM 9.209648
M 23 N -38 OM 6.760465 EM 9.209648
M 23 N -37 OM 6.822239 EM 9.209648
M 23 N -36 OM 6.884913 EM 9.209648
M 23 N -35 OM 6.948460 EM 9.209648
M 23 N -34 OM 7.195234 EM 9.209648
M 23 N -33 OM 7.253307 EM 9.209648
M 23 N -32 OM 7.312286 EM 9.209648
M 23 N -31 OM 7.365646 EM 9.209648
M 23 N -30 OM 7.405849 EM 9.209648
M 23 N -29 OM 7.447179 EM 9.209648
M 23 N -28 OM 7.489615 EM 9.209648
M 23 N -27 OM 7.533141 EM 9.209648
M 23 N -26 OM 7.577735 EM 9.209648
M 23 N -25 OM 7.623381 EM 9.209648
M 23 N -24 OM 7.670059 EM 9.209648
M 23 N -23 OM 7.717751 EM 9.209648
M 23 N -22 OM 7.766437 EM 9.209648
M 23 N -21 OM 7.816099 EM 9.209648
M 23 N -20 OM 7.866720 EM 9.209648
M 23 N -19 OM 7.918279 EM 9.209648
M 23 N -18 OM 7.970759 EM 9.209648
M 23 N -17 OM 7.997640 EM 9.209648
M 23 N -16 OM 8.023822 EM 9.209648
M 23 N -15 OM 8.051160 EM 9.209648
M 23 N -14 OM 8.079644 EM 9.209648
M 23 N -13 OM 8.109262 EM 9.209648
M 23 N -12 OM 8.139999 EM 9.209648
M 23 N -11 OM 8.171845 EM 9.209648
M 23 N -10 OM 8.204786 EM 9.209648
M 23 N -9 OM 8.238810 EM 9.209648
M 23 N -8 OM 8.273902 EM 9.209648
M 23 N -7 OM 8.310049 EM 9.209648
M 23 N -6 OM 8.347239 EM 9.209648
M 23 N -5 OM 8.385454 EM 9.209648
M 23 N -4 OM 8.424685 EM 9.209648
M 23 N -3 OM 8.464915 EM 9.209648
M 23 N -2 OM 8.506130 EM 9.209648
M 23 N -1 OM 8.495278 EM 9.209648
M 23 N 0 OM 8.462460 EM 9.209648
M 23 N 1 OM 8.079501 EM 9.209648
M 23 N 2 OM 8.024464 EM 9.209648
M 23 N 3 OM 7.970300 EM 9.209648
M 23 N 4 OM 7.917029 EM 9.209648
M 23 N 5 OM 7.864669 EM 9.209648
M 23 N 6 OM 7.813238 EM 9.209648
M 23 N 7 OM 7.762754 EM 9.209648
M 23 N 8 OM 7.713236 EM 9.209648
M 23 N 9 OM 7.664703 EM 9.209648
M 23 N 10 OM 7.617175 EM 9.209648
M 23 N 11 OM 7.570668 EM 9.209648
M 23 N 12 OM 7.525203 EM 9.209648
M 23 N 13 OM 7.480799 EM 9.209648
M 23 N 14 OM 7.437474 EM 9.209648
M 23 N 15 OM 7.395247 EM 9.209648
M 23 N 16 OM 7.354138 EM 9.209648
M 23 N 17 OM 7.314165 EM 9.209648
M 23 N 18 OM 7.275347 EM 9.209648
M 23 N 19 OM 7.237703 EM 9.209648
M 23 N 20 OM 7.201251 EM 9.209648
M 23 N 21 OM 7.166008 EM 9.209648
M 23 N 22 OM 7.131994 EM 9.209648
M 23 N 23 OM 7.099226 EM 9.209648
M 23 N 24 OM 7.067721 EM 9.209648
M 23 N 25 OM 7.037496 EM 9.209648
M 23 N 26 OM 7.008567 EM 9.209648
M 23 N 27 OM 6.980951 EM 9.209648
M 23 N 28 OM 6.954664 EM 9.209648
M 23 N 29 OM 6.929719 EM 9.209648
M 23 N 30 OM 6.906134 EM 9.209648
M 23 N 31 OM 6.883920 EM 9.209648
M 23 N 32 OM 6.863091 EM 9.209648
M 23 N 33 OM 6.843660 EM 9.209648
M 23 N 34 OM 6.825639 EM 9.209648
M 23 N 35 OM 6.809039 EM 9.209648
M 23 N 36 OM 4.936314 EM 9.209648
M 23 N 37 OM 4.846449 EM 9.209648
M 23 N 38 OM 4.756988 EM 9.209648
M 23 N 39 OM 4.667954 EM 9.209648
M 23 N 40 OM 4.579374 EM 9.209648
M 23 N 41 OM 4.491273 EM 9.209648
M 23 N 42 OM 4.403681 EM 9.209648
M 23 N 43 OM 4.316627 EM 9.209648
M 23 N 44 OM 4.230146 EM 9.209648
M 23 N 45 OM 4.144274 EM 9.209648
M 23 N 46 OM 4.059048 EM 9.209648
M 23 N 47 OM 3.974511 EM 9.209648
M 23 N 48 OM 3.890707 EM 9.209648
M 23 N 49 OM 3.807685 EM 9.209648
M 23 N 50 OM 3.725498 EM 9.209648
M 24 N -50 OM 6.150178 EM 9.209648
M 24 N -49 OM 6.198689 EM 9.209648
M 24 N -48 OM 6.248425 EM 9.209648
M 24 N -47 OM 6.299356 EM 9.209648
M 24 N -46 OM 6.351453 EM 9.209648
M 24 N -45 OM 6.404687 EM 9.209648
M 24 N -44 OM 6.459031 EM 9.209648
M 24 N -43 OM 6.514458 EM 9.209648
M 24 N -42 OM 6.570938 EM 9.209648
M 24 N -41 OM 6.628445 EM 9.209648
M 24 N -40 OM 6.686954 EM 9.209648
M 24 N -39 OM 6.746438 EM 9.209648
M 24 N -38 OM 6.806870 EM 9.209648
M 24 N -37 OM 6.868228 EM 9.209648
M 24 N -36 OM 6.930485 EM 9.209648
M 24 N -35 OM 6.993618 EM 9.209648
M 24 N -34 OM 7.172457 EM 9.209648
M 24 N -33 OM 7.209578 EM 9.209648
M 24 N -32 OM 7.247888 EM 9.209648
M 24 N -31 OM 7.287369 EM 9.209648
M 24 N -30 OM 7.328001 EM 9.209648
M 24 N -29 OM 7.369768 EM 9.209648
M 24 N -28 OM 7.412647 EM 9.209648
M 24 N -27 OM 7.456622 EM 9.209648
M 24 N -26 OM 7.501671 EM 9.209648
M 24 N -25 OM 7.547777 EM 9.209648
M 24 N -24 OM 7.594920 EM 9.209648
M 24 N -23 OM 7.643080 EM 9.209648
M 24 N -22 OM 7.692239 EM 9.209648
M 24 N -21 OM 7.742377 EM 9.209648
M 24 N -20 OM 7.793477 EM 9.209648
M 24 N -19 OM 7.845517 EM 9.209648
M 24 N -18 OM 7.898481 EM 9.209648
M 24 N -17 OM 7.952350 EM 9.209648
M 24 N -16 OM 7.994092 EM 9.209648
M 24 N -15 OM 8.021533 EM 9.209648
M 24 N -14 OM 8.050121 EM 9.209648
M 24 N -13 OM 8.079846 EM 9.209648
M 24 N -12 OM 8.110696 EM 9.209648
M 24 N -11 OM 8.142656 EM 9.209648
M 24 N -10 OM 8.175715 EM 9.209648
M 24 N -9 OM 8.209859 EM 9.209648
M 24 N -8 OM 8.245074 EM 9.209648
M 24 N -7 OM 8.281347 EM 9.209648
M 24 N -6 OM 8.318665 EM 9.209648
M 24 N -5 OM 8.357012 EM 9.209648
M 24 N -4 OM 8.396375 EM 9.209648
M 24 N -3 OM 8.436741 EM 9.209648
M 24 N -2 OM 8.478092 EM 9.209648
M 24 N -1 OM 8.495385 EM 9.209648
M 24 N 0 OM 8.462566 EM 9.209648
M 24 N 1 OM 8.074834 EM 9.209648
M 24 N 2 OM 8.019764 EM 9.209648
M 24 N 3 OM 7.965569 EM 9.209648
M 24 N 4 OM 7.912266 EM 9.209648
M 24 N 5 OM 7.859874 EM 9.209648
M 24 N 6 OM 7.808411 EM 9.209648
M 24 N 7 OM 7.757895 EM 9.209648
M 24 N 8 OM 7.708347 EM 9.209648
M 24 N 9 OM 7.659783 EM 9.209648
M 24 N 10 OM 7.612224 EM 9.209648
M 24 N 11 OM 7.565687 EM 9.209648
M 24 N 12 OM 7.520192 EM 9.209648
M 24 N 13 OM 7.475757 EM 9.209648
M 24 N 14 OM 7.432403 EM 9.209648
M 24 N 15 OM 7.390148 EM 9.209648
M 24 N 16 OM 7.349010 EM 9.209648
M 24 N 17 OM 7.309009 EM 9.209648
M 24 N 18 OM 7.270164 EM 9.209648
M 24 N 19 OM 7.232492 EM 9.209648
M 24 N 20 OM 7.196013 EM 9.209648
M 24 N 21 OM 7.160746 EM 9.209648
M 24 N 22 OM 7.126707 EM 9.209648
M 24 N 23 OM 7.093914 EM 9.209648
M 24 N 24 OM 7.062385 EM 9.209648
M 24 N 25 OM 7.032137 EM 9.209648
M 24 N 26 OM 7.003186 EM 9.209648
M 24 N 27 OM 6.975549 EM 9.209648
M 24 N 28 OM 6.949241 EM 9.209648
M 24 N 29 OM 6.924277 EM 9.209648
M 24 N 30 OM 6.900672 EM 9.209648
M 24 N 31 OM 6.878441 EM 9.209648
M 24 N 32 OM 6.857595 EM 9.209648
M 24 N 33 OM 6.838149 EM 9.209648
M 24 N 34 OM 6.820113 EM 9.209648
M 24 N 35 OM 6.803500 EM 9.209648
M 24 N 36 OM 4.956148 EM 9.209648
M 24 N 37 OM 4.866649 EM 9.209648
M 24 N 38 OM 4.777566 EM 9.209648
M 24 N 39 OM 4.688923 EM 9.209648
M 24 N 40 OM 4.600747 EM 9.209648
M 24 N 41 OM 4.513063 EM 9.209648
M 24 N 42 OM 4.425901 EM 9.209648
M 24 N 43 OM 4.339293 EM 9.209648
M 24 N 44 OM 4.253273 EM 9.209648
M 24 N 45 OM 4.167878 EM 9.209648
M 24 N 46 OM 4.083145 EM 9.209648
M 24 N 47 OM 3.999117 EM 9.209648
M 24 N 48 OM 3.915840 EM 9.209648
M 24 N 49 OM 3.833363 EM 9.209648
M 24 N 50 OM 3.751738 EM 9.209648
M 25 N -50 OM 6.202765 EM 9.209648
M 25 N -49 OM 6.250868 EM 9.209648
M 25 N -48 OM 6.300192 EM 9.209648
M 25 N -47 OM 6.350708 EM 9.209648
M 25 N -46 OM 6.402387 EM 9.209648
M 25 N -45 OM 6.455201 EM 9.209648
M 25 N -44 OM 6.509124 EM 9.209648
M 25 N -43 OM 6.564126 EM 9.209648
M 25 N -42 OM 6.620183 EM 9.209648
M 25 N -41 OM 6.677267 EM 9.209648
M 25 N -40 OM 6.735351 EM 9.209648
M 25 N -39 OM 6.794411 EM 9.209648
M 25 N -38 OM 6.854422 EM 9.209648
M 25 N -37 OM 6.915357 EM 9.209648
M 25 N -36 OM 6.977193 EM 9.209648
M 25 N -35 OM 7.039907 EM 9.209648
M 25 N -34 OM 7.093457 EM 9.209648
M 25 N -33 OM 7.130989 EM 9.209648
M 25 N -32 OM 7.169719 EM 9.209648
M 25 N -31 OM 7.209628 EM 9.209648
M 25 N -30 OM 7.250697 EM 9.209648
M 25 N -29 OM 7.292905 EM 9.209648
M 25 N -28 OM 7.336235 EM 9.209648
M 25 N -27 OM 7.380664 EM 9.209648
M 25 N -26 OM 7.426175 EM 9.209648
M 25 N -25 OM 7.472746 EM 9.209648
M 25 N -24 OM 7.520360 EM 9.209648
M 25 N -23 OM 7.568994 EM 9.209648
M 25 N -22 OM 7.618631 EM 9.209648
M 25 N -21 OM 7.669250 EM 9.209648
M 25 N -20 OM 7.720834 EM 9.209648
M 25 N -19 OM 7.773361 EM 9.209648
M 25 N -18 OM 7.826813 EM 9.209648
M 25 N -17 OM 7.881172 EM 9.209648
M 25 N -16 OM 7.936419 EM 9.209648
M 25 N -15 OM 7.993046 EM 9.209648
M 25 N -14 OM 8.021736 EM 9.209648
M 25 N -13 OM 8.051566 EM 9.209648
M 25 N -12 OM 8.082523 EM 9.209648
M 25 N -11 OM 8.114594 EM 9.209648
M 25 N -10 OM 8.147768 EM 9.209648
M 25 N -9 OM 8.182029 EM 9.209648
M 25 N -8 OM 8.217363 EM 9.209648
M 25 N -7 OM 8.253757 EM 9.209648
M 25 N -6 OM 8.291199 EM 9.209648
M 25 N -5 OM 8.329673 EM 9.209648
M 25 N -4 OM 8.369164 EM 9.209648
M 25 N -3 OM 8.409660 EM 9.209648
M 25 N -2 OM 8.451145 EM 9.209648
M 25 N -1 OM 8.493604 EM 9.209648
M 25 N 0 OM 8.463854 EM 9.209648
M 25 N 1 OM 8.071403 EM 9.209648
M 25 N 2 OM 8.016310 EM 9.209648
M 25 N 3 OM 7.962090 EM 9.209648
M 25 N 4 OM 7.908764 EM 9.209648
M 25 N 5 OM 7.856349 EM 9.209648
M 25 N 6 OM 7.804862 EM 9.209648
M 25 N 7 OM 7.754324 EM 9.209648
M 25 N 8 OM 7.704752 EM 9.209648
M 25 N 9 OM 7.656166 EM 9.209648
M 25 N 10 OM 7.608584 EM 9.209648
M 25 N 11 OM 7.562024 EM 9.209648
M 25 N 12 OM 7.516507 EM 9.209648
M 25 N 13 OM 7.472051 EM 9.209648
M 25 N 14 OM 7.428675 EM 9.209648
M 25 N 15 OM 7.386398 EM 9.209648
M 25 N 16 OM 7.345240 EM 9.209648
M 25 N 17 OM 7.305218 EM 9.209648
M 25 N 18 OM 7.266353 EM 9.209648
M 25 N 19 OM 7.228662 EM 9.209648
M 25 N 20 OM 7.192163 EM 9.209648
M 25 N 21 OM 7.156876 EM 9.209648
M 25 N 22 OM 7.122819 EM 9.209648
M 25 N 23 OM 7.090008 EM 9.209648
M 25 N 24 OM 7.058462 EM 9.209648
M 25 N 25 OM 7.028196 EM 9.209648
M 25 N 26 OM 6.999229 EM 9.209648
M 25 N 27 OM 6.971577 EM 9.209648
M 25 N 28 OM 6.945253 EM 9.209648
M 25 N 29 OM 6.920276 EM 9.209648
M 25 N 30 OM 6.896657 EM 9.209648
M 25 N 31 OM 6.874413 EM 9.209648
M 25 N 32 OM 6.853555 EM 9.209648
M 25 N 33 OM 6.834097 EM 9.209648
M 25 N 34 OM 6.816051 EM 9.209648
M 25 N 35 OM 6.799428 EM 9.209648
M 25 N 36 OM 4.977911 EM 9.209648
M 25 N 37 OM 4.888810 EM 9.209648
M 25 N 38 OM 4.800139 EM 9.209648
M 25 N 39 OM 4.711921 EM 9.209648
M 25 N 40 OM 4.624183 EM 9.209648
M 25 N 41 OM 4.536952 EM 9.209648
M 25 N 42 OM 4.450259 EM 9.209648
M 25 N 43 OM 4.364134 EM 9.209648
M 25 N 44 OM 4.278614 EM 9.209648
M 25 N 45 OM 4.193734 EM 9.209648
M 25 N 46 OM 4.109534 EM 9.209648
M 25 N 47 OM 4.026057 EM 9.209648
M 25 N 48 OM 3.943349 EM 9.209648
M 25 N 49 OM 3.861459 EM 9.209648
M 25 N 50 OM 3.780441 EM 9.209648
M 26 N -50 OM 6.256508 EM 9.209648
M 26 N -49 OM 6.304201 EM 9.209648
M 26 N -48 OM 6.353111 EM 9.209648
M 26 N -47 OM 6.403209 EM 9.209648
M 26 N -46 OM 6.454468 EM 9.209648
M 26 N -45 OM 6.506859 EM 9.209648
M 26 N -44 OM 6.560357 EM 9.209648
M 26 N -43 OM 6.614934 EM 9.209648
M 26 N -42 OM 6.670564 EM 9.209648
M 26 N -41 OM 6.727220 EM 9.209648
M 26 N -40 OM 6.784877 EM 9.209648
M 26 N -39 OM 6.843509 EM 9.209648
M 26 N -38 OM 6.875659 EM 9.209648
M 26 N -37 OM 6.908585 EM 9.209648
M 26 N -36 OM 6.942796 EM 9.209648
M 26 N -35 OM 6.978272 EM 9.209648
M 26 N -34 OM 7.014994 EM 9.209648
M 26 N -33 OM 7.052943 EM 9.209648
M 26 N -32 OM 7.092100 EM 9.209648
M 26 N -31 OM 7.132443 EM 9.209648
M 26 N -30 OM 7.173954 EM 9.209648
M 26 N -29 OM 7.216611 EM 9.209648
M 26 N -28 OM 7.260396 EM 9.209648
M 26 N -27 OM 7.305286 EM 9.209648
M 26 N -26 OM 7.351264 EM 9.209648
M 26 N -25 OM 7.398307 EM 9.209648
M 26 N -24 OM 7.446396 EM 9.209648
M 26 N -23 OM 7.495511 EM 9.209648
M 26 N -22 OM 7.545630 EM 9.209648
M 26 N -21 OM 7.596737 EM 9.209648
M 26 N -20 OM 7.648809 EM 9.209648
M 26 N -19 OM 7.701827 EM 9.209648
M 26 N -18 OM 7.755773 EM 9.209648
M 26 N -17 OM 7.810626 EM 9.209648
M 26 N -16 OM 7.866368 EM 9.209648
M 26 N -15 OM 7.965713 EM 9.209648
M 26 N -14 OM 7.994502 EM 9.209648
M 26 N -13 OM 8.024432 EM 9.209648
M 26 N -12 OM 8.055494 EM 9.209648
M 26 N -11 OM 8.087673 EM 9.209648
M 26 N -10 OM 8.120955 EM 9.209648
M 26 N -9 OM 8.155329 EM 9.209648
M 26 N -8 OM 8.190779 EM 9.209648
M 26 N -7 OM 8.227291 EM 9.209648
M 26 N -6 OM 8.264853 EM 9.209648
M 26 N -5 OM 8.303448 EM 9.209648
M 26 N -4 OM 8.343064 EM 9.209648
M 26 N -3 OM 8.383686 EM 9.209648
M 26 N -2 OM 8.425298 EM 9.209648
M 26 N -1 OM 8.467887 EM 9.209648
M 26 N 0 OM 8.466323 EM 9.209648
M 26 N 1 OM 8.069210 EM 9.209648
M 26 N 2 OM 8.014101 EM 9.209648
M 26 N 3 OM 7.959867 EM 9.209648
M 26 N 4 OM 7.906526 EM 9.209648
M 26 N 5 OM 7.854095 EM 9.209648
M 26 N 6 OM 7.802595 EM 9.209648
M 26 N 7 OM 7.752041 EM 9.209648
M 26 N 8 OM 7.702455 EM 9.209648
M 26 N 9 OM 7.653854 EM 9.209648
M 26 N 10 OM 7.606257 EM 9.209648
M 26 N 11 OM 7.559683 EM 9.209648
M 26 N 12 OM 7.514152 EM 9.209648
M 26 N 13 OM 7.469682 EM 9.209648
M 26 N 14 OM 7.426292 EM 9.209648
M 26 N 15 OM 7.384002 EM 9.209648
M 26 N 16 OM 7.342830 EM 9.209648
M 26 N 17 OM 7.302795 EM 9.209648
M 26 N 18 OM 7.263916 EM 9.209648
M 26 N 19 OM 7.226213 EM 9.209648
M 26 N 20 OM 7.189702 EM 9.209648
M 26 N 21 OM 7.154403 EM 9.209648
M 26 N 22 OM 7.120333 EM 9.209648
M 26 N 23 OM 7.087511 EM 9.209648
M 26 N 24 OM 7.055954 EM 9.209648
M 26 N 25 OM 7.025678 EM 9.209648
M 26 N 26 OM 6.996700 EM 9.209648
M 26 N 27 OM 6.969037 EM 9.209648
M 26 N 28 OM 6.942705 EM 9.209648
M 26 N 29 OM 6.917717 EM 9.209648
M 26 N 30 OM 6.894090 EM 9.209648
M 26 N 31 OM 6.871837 EM 9.209648
M 26 N 32 OM 6.850972 EM 9.209648
M 26 N 33 OM 6.831506 EM 9.209648
M 26 N 34 OM 6.813453 EM 9.209648
M 26 N 35 OM 6.796824 EM 9.209648
M 26 N 36 OM 5.001579 EM 9.209648
M 26 N 37 OM 4.912908 EM 9.209648
M 26 N 38 OM 4.824680 EM 9.209648
M 26 N 39 OM 4.736918 EM 9.209648
M 26 N 40 OM 4.649652 EM 9.209648
M 26 N 41 OM 4.562909 EM 9.209648
M 26 N 42 OM 4.476718 EM 9.209648
M 26 N 43 OM 4.391112 EM 9.209648
M 26 N 44 OM 4.306128 EM 9.209648
M 26 N 45 OM 4.221801 EM 9.209648
M 26 N 46 OM 4.138172 EM 9.209648
M 26 N 47 OM 4.055285 EM 9.209648
M 26 N 48 OM 3.973185 EM 9.209648
M 26 N 49 OM 3.891923 EM 9.209648
M 26 N 50 OM 3.811553 EM 9.209648
M 27 N -50 OM 6.311378 EM 9.209648
M 27 N -49 OM 6.358660 EM 9.209648
M 27 N -48 OM 6.407154 EM 9.209648
M 27 N -47 OM 6.456833 EM 9.209648
M 27 N -46 OM 6.507669 EM 9.209648
M 27 N -45 OM 6.559636 EM 9.209648
M 27 N -44 OM 6.612707 EM 9.209648
M 27 N -43 OM 6.649687 EM 9.209648
M 27 N -42 OM 6.676242 EM 9.209648
M 27 N -41 OM 6.704183 EM 9.209648
M 27 N -40 OM 6.733494 EM 9.209648
M 27 N -39 OM 6.764156 EM 9.209648
M 27 N -38 OM 6.796151 EM 9.209648
M 27 N -37 OM 6.829461 EM 9.209648
M 27 N -36 OM 6.864066 EM 9.209648
M 27 N -35 OM 6.899947 EM 9.209648
M 27 N -34 OM 6.937084 EM 9.209648
M 27 N -33 OM 6.975458 EM 9.209648
M 27 N -32 OM 7.015046 EM 9.209648
M 27 N -31 OM 7.055830 EM 9.209648
M 27 N -30 OM 7.097789 EM 9.209648
M 27 N -29 OM 7.140902 EM 9.209648
M 27 N -28 OM 7.185147 EM 9.209648
M 27 N -27 OM 7.230505 EM 9.209648
M 27 N -26 OM 7.276955 EM 9.209648
M 27 N -25 OM 7.324475 EM 9.209648
M 27 N -24 OM 7.373046 EM 9.209648
M 27 N -23 OM 7.422646 EM 9.209648
M 27 N -22 OM 7.473255 EM 9.209648
M 27 N -21 OM 7.524853 EM 9.209648
M 27 N -20 OM 7.577419 EM 9.209648
M 27 N -19 OM 7.630933 EM 9.209648
M 27 N -18 OM 7.685376 EM 9.209648
M 27 N -17 OM 7.740728 EM 9.209648
M 27 N -16 OM 7.796970 EM 9.209648
M 27 N -15 OM 7.939546 EM 9.209648
M 27 N -14 OM 7.968428 EM 9.209648
M 27 N -13 OM 7.998457 EM 9.209648
M 27 N -12 OM 8.029619 EM 9.209648
M 27 N -11 OM 8.061901 EM 9.209648
M 27 N -10 OM 8.095290 EM 9.209648
M 27 N -9 OM 8.129771 EM 9.209648
M 27 N -8 OM 8.165333 EM 9.209648
M 27 N -7 OM 8.201958 EM 9.209648
M 27 N -6 OM 8.239635 EM 9.209648
M 27 N -5 OM 8.278348 EM 9.209648
M 27 N -4 OM 8.318084 EM 9.209648
M 27 N -3 OM 8.358827 EM 9.209648
M 27 N -2 OM 8.400562 EM 9.209648
M 27 N -1 OM 8.413905 EM 9.209648
M 27 N 0 OM 8.392298 EM 9.209648
M 27 N 1 OM 8.068255 EM 9.209648
M 27 N 2 OM 8.013140 EM 9.209648
M 27 N 3 OM 7.958899 EM 9.209648
M 27 N 4 OM 7.905552 EM 9.209648
M 27 N 5 OM 7.853115 EM 9.209648
M 27 N 6 OM 7.801608 EM 9.209648
M 27 N 7 OM 7.751048 EM 9.209648
M 27 N 8 OM 7.701455 EM 9.209648
M 27 N 9 OM 7.652848 EM 9.209648
M 27 N 10 OM 7.605245 EM 9.209648
M 27 N 11 OM 7.558665 EM 9.209648
M 27 N 12 OM 7.513127 EM 9.209648
M 27 N 13 OM 7.468651 EM 9.209648
M 27 N 14 OM 7.425255 EM 9.209648
M 27 N 15 OM 7.382959 EM 9.209648
M 27 N 16 OM 7.341781 EM 9.209648
M 27 N 17 OM 7.301741 EM 9.209648
M 27 N 18 OM 7.262856 EM 9.209648
M 27 N 19 OM 7.225147 EM 9.209648
M 27 N 20 OM 7.188631 EM 9.209648
M 27 N 21 OM 7.153327 EM 9.209648
M 27 N 22 OM 7.119252 EM 9.209648
M 27 N 23 OM 7.086425 EM 9.209648
M 27 N 24 OM 7.054862 EM 9.209648
M 27 N 25 OM 7.024581 EM 9.209648
M 27 N 26 OM 6.995600 EM 9.209648
M 27 N 27 OM 6.967932 EM 9.209648
M 27 N 28 OM 6.941595 EM 9.209648
M 27 N 29 OM 6.916604 EM 9.209648
M 27 N 30 OM 6.892973 EM 9.209648
M 27 N 31 OM 6.870717 EM 9.209648
M 27 N 32 OM 6.849848 EM 9.209648
M 27 N 33 OM 6.830379 EM 9.209648
M 27 N 34 OM 6.812323 EM 9.209648
M 27 N 35 OM 6.795691 EM 9.209648
M 27 N 36 OM 5.027126 EM 9.209648
M 27 N 37 OM 4.938914 EM 9.209648
M 27 N 38 OM 4.851158 EM 9.209648
M 27 N 39 OM 4.763885 EM 9.209648
M 27 N 40 OM 4.677122 EM 9.209648
M 27 N 41 OM 4.590897 EM 9.209648
M 27 N 42 OM 4.505242 EM 9.209648
M 27 N 43 OM 4.420188 EM 9.209648
M 27 N 44 OM 4.335774 EM 9.209648
M 27 N 45 OM 4.252035 EM 9.209648
M 27 N 46 OM 4.169013 EM 9.209648
M 27 N 47 OM 4.086751 EM 9.209648
M 27 N 48 OM 4.005297 EM 9.209648
M 27 N 49 OM 3.924700 EM 9.209648
M 27 N 50 OM 3.845014 EM 9.209648
M 28 N -50 OM 6.367346 EM 9.209648
M 28 N -49 OM 6.414215 EM 9.209648
M 28 N -48 OM 6.456160 EM 9.209648
M 28 N -47 OM 6.475791 EM 9.209648
M 28 N -46 OM 6.496902 EM 9.209648
M 28 N -45 OM 6.519479 EM 9.209648
M 28 N -44 OM 6.543506 EM 9.209648
M 28 N -43 OM 6.568968 EM 9.209648
M 28 N -42 OM 6.595848 EM 9.209648
M 28 N -41 OM 6.624128 EM 9.209648
M 28 N -40 OM 6.653791 EM 9.209648
M 28 N -39 OM 6.684819 EM 9.209648
M 28 N -38 OM 6.717193 EM 9.209648
M 28 N -37 OM 6.750892 EM 9.209648
M 28 N -36 OM 6.785898 EM 9.209648
M 28 N -35 OM 6.822190 EM 9.209648
M 28 N -34 OM 6.859748 EM 9.209648
M 28 N -33 OM 6.898551 EM 9.209648
M 28 N -32 OM 6.938579 EM 9.209648
M 28 N -31 OM 6.979810 EM 9.209648
M 28 N -30 OM 7.022223 EM 9.209648
M 28 N -29 OM 7.065796 EM 9.209648
M 28 N -28 OM 7.110509 EM 9.209648
M 28 N -27 OM 7.156340 EM 9.209648
M 28 N -26 OM 7.203268 EM 9.209648
M 28 N -25 OM 7.251272 EM 9.209648
M 28 N -24 OM 7.300329 EM 9.209648
M 28 N -23 OM 7.350420 EM 9.209648
M 28 N -22 OM 7.401523 EM 9.209648
M 28 N -21 OM 7.453617 EM 9.209648
M 28 N -20 OM 7.506682 EM 9.209648
M 28 N -19 OM 7.560697 EM 9.209648
M 28 N -18 OM 7.615643 EM 9.209648
M 28 N -17 OM 7.671498 EM 9.209648
M 28 N -16 OM 7.728243 EM 9.209648
M 28 N -15 OM 7.914556 EM 9.209648
M 28 N -14 OM 7.943529 EM 9.209648
M 28 N -13 OM 7.973651 EM 9.209648
M 28 N -12 OM 8.004910 EM 9.209648
M 28 N -11 OM 8.037292 EM 9.209648
M 28 N -10 OM 8.070782 EM 9.209648
M 28 N -9 OM 8.105368 EM 9.209648
M 28 N -8 OM 8.141035 EM 9.209648
M 28 N -7 OM 8.177770 EM 9.209648
M 28 N -6 OM 8.215557 EM 9.209648
M 28 N -5 OM 8.254384 EM 9.209648
M 28 N -4 OM 8.294234 EM 9.209648
M 28 N -3 OM 8.335093 EM 9.209648
M 28 N -2 OM 8.354803 EM 9.209648
M 28 N -1 OM 8.331842 EM 9.209648
M 28 N 0 OM 8.310021 EM 9.209648
M 28 N 1 OM 8.068541 EM 9.209648
M 28 N 2 OM 8.013427 EM 9.209648
M 28 N 3 OM 7.959188 EM 9.209648
M 28 N 4 OM 7.905843 EM 9.209648
M 28 N 5 OM 7.853408 EM 9.209648
M 28 N 6 OM 7.801902 EM 9.209648
M 28 N 7 OM 7.751345 EM 9.209648
M 28 N 8 OM 7.701754 EM 9.209648
M 28 N 9 OM 7.653148 EM 9.209648
M 28 N 10 OM 7.605547 EM 9.209648
M 28 N 11 OM 7.558969 EM 9.209648
M 28 N 12 OM 7.513433 EM 9.209648
M 28 N 13 OM 7.468959 EM 9.209648
M 28 N 14 OM 7.425565 EM 9.209648
M 28 N 15 OM 7.383270 EM 9.209648
M 28 N 16 OM 7.342094 EM 9.209648
M 28 N 17 OM 7.302055 EM 9.209648
M 28 N 18 OM 7.263173 EM 9.209648
M 28 N 19 OM 7.225465 EM 9.209648
M 28 N 20 OM 7.188951 EM 9.209648
M 28 N 21 OM 7.153648 EM 9.209648
M 28 N 22 OM 7.119575 EM 9.209648
M 28 N 23 OM 7.086749 EM 9.209648
M 28 N 24 OM 7.055188 EM 9.209648
M 28 N 25 OM 7.024909 EM 9.209648
M 28 N 26 OM 6.995928 EM 9.209648
M 28 N 27 OM 6.968262 EM 9.209648
M 28 N 28 OM 6.941926 EM 9.209648
M 28 N 29 OM 6.916937 EM 9.209648
M 28 N 30 OM 6.893307 EM 9.209648
M 28 N 31 OM 6.871051 EM 9.209648
M 28 N 32 OM 6.850183 EM 9.209648
M 28 N 33 OM 6.830716 EM 9.209648
M 28 N 34 OM 6.812661 EM 9.209648
M 28 N 35 OM 6.796029 EM 9.209648
M 28 N 36 OM 5.054523 EM 9.209648
M 28 N 37 OM 4.966796 EM 9.209648
M 28 N 38 OM 4.879542 EM 9.209648
M 28 N 39 OM 4.792786 EM 9.209648
M 28 N 40 OM 4.706556 EM 9.209648
M 28 N 41 OM 4.620880 EM 9.209648
M 28 N 42 OM 4.535791 EM 9.209648
M 28 N 43 OM 4.451322 EM 9.209648
M 28 N 44 OM 4.367509 EM 9.209648
M 28 N 45 OM 4.284390 EM 9.209648
M 28 N 46 OM 4.202008 EM 9.209648
M 28 N 47 OM 4.120405 EM 9.209648
M 28 N 48 OM 4.039629 EM 9.209648
M 28 N 49 OM 3.959731 EM 9.209648
M 28 N 50 OM 3.880765 EM 9.209648
M 29 N -50 OM 6.339343 EM 9.209648
M 29 N -49 OM 6.356189 EM 9.209648
M 29 N -48 OM 6.374559 EM 9.209648
M 29 N -47 OM 6.394441 EM 9.209648
M 29 N -46 OM 6.415820 EM 9.209648
M 29 N -45 OM 6.438681 EM 9.209648
M 29 N -44 OM 6.463008 EM 9.209648
M 29 N -43 OM 6.488786 EM 9.209648
M 29 N -42 OM 6.515996 EM 9.209648
M 29 N -41 OM 6.544621 EM 9.209648
M 29 N -40 OM 6.574644 EM 9.209648
M 29 N -39 OM 6.606043 EM 9.209648
M 29 N -38 OM 6.638801 EM 9.209648
M 29 N -37 OM 6.672896 EM 9.209648
M 29 N -36 OM 6.708309 EM 9.209648
M 29 N -35 OM 6.745018 EM 9.209648
M 29 N -34 OM 6.783004 EM 9.209648
M 29 N -33 OM 6.822244 EM 9.209648
M 29 N -32 OM 6.862716 EM 9.209648
M 29 N -31 OM 6.904400 EM 9.209648
M 29 N -30 OM 6.947273 EM 9.209648
M 29 N -29 OM 6.991314 EM 9.209648
M 29 N -28 OM 7.036500 EM 9.209648
M 29 N -27 OM 7.082811 EM 9.209648
M 29 N -26 OM 7.130223 EM 9.209648
M 29 N -25 OM 7.178715 EM 9.209648
M 29 N -24 OM 7.228264 EM 9.209648
M 29 N -23 OM 7.278852 EM 9.209648
M 29 N -22 OM 7.330453 EM 9.209648
M 29 N -21 OM 7.383049 EM 9.209648
M 29 N -20 OM 7.436617 EM 9.209648
M 29 N -19 OM 7.491138 EM 9.209648
M 29 N -18 OM 7.546589 EM 9.209648
M 29 N -17 OM 7.602952 EM 9.209648
M 29 N -16 OM 7.660205 EM 9.209648
M 29 N -15 OM 7.890753 EM 9.209648
M 29 N -14 OM 7.919814 EM 9.209648
M 29 N -13 OM 7.950027 EM 9.209648
M 29 N -12 OM 7.981378 EM 9.209648
M 29 N -11 OM 8.013853 EM 9.209648
M 29 N -10 OM 8.047441 EM 9.209648
M 29 N -9 OM 8.082128 EM 9.209648
M 29 N -8 OM 8.117897 EM 9.209648
M 29 N -7 OM 8.154736 EM 9.209648
M 29 N -6 OM 8.192630 EM 9.209648
M 29 N -5 OM 8.231565 EM 9.209648
M 29 N -4 OM 8.271524 EM 9.209648
M 29 N -3 OM 8.297689 EM 9.209648
M 29 N -2 OM 8.273362 EM 9.209648
M 29 N -1 OM 8.250175 EM 9.209648
M 29 N 0 OM 8.228138 EM 9.209648
M 29 N 1 OM 8.070065 EM 9.209648
M 29 N 2 OM 8.014961 EM 9.209648
M 29 N 3 OM 7.960733 EM 9.209648
M 29 N 4 OM 7.907398 EM 9.209648
M 29 N 5 OM 7.854974 EM 9.209648
M 29 N 6 OM 7.803479 EM 9.209648
M 29 N 7 OM 7.752932 EM 9.209648
M 29 N 8 OM 7.703351 EM 9.209648
M 29 N 9 OM 7.654756 EM 9.209648
M 29 N 10 OM 7.607164 EM 9.209648
M 29 N 11 OM 7.560596 EM 9.209648
M 29 N 12 OM 7.515070 EM 9.209648
M 29 N 13 OM 7.470605 EM 9.209648
M 29 N 14 OM 7.427221 EM 9.209648
M 29 N 15 OM 7.384936 EM 9.209648
M 29 N 16 OM 7.343769 EM 9.209648
M 29 N 17 OM 7.303740 EM 9.209648
M 29 N 18 OM 7.264866 EM 9.209648
M 29 N 19 OM 7.227168 EM 9.209648
M 29 N 20 OM 7.190661 EM 9.209648
M 29 N 21 OM 7.155367 EM 9.209648
M 29 N 22 OM 7.121303 EM 9.209648
M 29 N 23 OM 7.088484 EM 9.209648
M 29 N 24 OM 7.056931 EM 9.209648
M 29 N 25 OM 7.026660 EM 9.209648
M 29 N 26 OM 6.997686 EM 9.209648
M 29 N 27 OM 6.970027 EM 9.209648
M 29 N 28 OM 6.943698 EM 9.209648
M 29 N 29 OM 6.918715 EM 9.209648
M 29 N 30 OM 6.895091 EM 9.209648
M 29 N 31 OM 6.872841 EM 9.209648
M 29 N 32 OM 6.851979 EM 9.209648
M 29 N 33 OM 6.832517 EM 9.209648
M 29 N 34 OM 6.814466 EM 9.209648
M 29 N 35 OM 6.797839 EM 9.209648
M 29 N 36 OM 5.083739 EM 9.209648
M 29 N 37 OM 4.996525 EM 9.209648
M 29 N 38 OM 4.909800 EM 9.209648
M 29 N 39 OM 4.823588 EM 9.209648
M 29 N 40 OM 4.737918 EM 9.209648
M 29 N 41 OM 4.652820 EM 9.209648
M 29 N 42 OM 4.568326 EM 9.209648
M 29 N 43 OM 4.484470 EM 9.209648
M 29 N 44 OM 4.401288 EM 9.209648
M 29 N 45 OM 4.318820 EM 9.209648
M 29 N 46 OM 4.237106 EM 9.209648
M 29 N 47 OM 4.156193 EM 9.209648
M 29 N 48 OM 4.076126 EM 9.209648
M 29 N 49 OM 3.996957 EM 9.209648
M 29 N 50 OM 3.918742 EM 9.209648
M 30 N -50 OM 6.257816 EM 9.209648
M 30 N -49 OM 6.274881 EM 9.209648
M 30 N -48 OM 6.293489 EM 9.209648
M 30 N -47 OM 6.313626 EM 9.209648
M 30 N -46 OM 6.335277 EM 9.209648
M 30 N -45 OM 6.358428 EM 9.209648
M 30 N -44 OM 6.383061 EM 9.209648
M 30 N -43 OM 6.409160 EM 9.209648
M 30 N -42 OM 6.436707 EM 9.209648
M 30 N -41 OM 6.465684 EM 9.209648
M 30 N -40 OM 6.496071 EM 9.209648
M 30 N -39 OM 6.527848 EM 9.209648
M 30 N -38 OM 6.560996 EM 9.209648
M 30 N -37 OM 6.595494 EM 9.209648
M 30 N -36 OM 6.631320 EM 9.209648
M 30 N -35 OM 6.668453 EM 9.209648
M 30 N -34 OM 6.706872 EM 9.209648
M 30 N -33 OM 6.746555 EM 9.209648
M 30 N -32 OM 6.787479 EM 9.209648
M 30 N -31 OM 6.829622 EM 9.209648
M 30 N -30 OM 6.872962 EM 9.209648
M 30 N -29 OM 6.917476 EM 9.209648
M 30 N -28 OM 6.963141 EM 9.209648
M 30 N -27 OM 7.009936 EM 9.209648
M 30 N -26 OM 7.057837 EM 9.209648
M 30 N -25 OM 7.106823 EM 9.209648
M 30 N -24 OM 7.156871 EM 9.209648
M 30 N -23 OM 7.207959 EM 9.209648
M 30 N -22 OM 7.260065 EM 9.209648
M 30 N -21 OM 7.313167 EM 9.209648
M 30 N -20 OM 7.367243 EM 9.209648
M 30 N -19 OM 7.422273 EM 9.209648
M 30 N -18 OM 7.478236 EM 9.209648
M 30 N -17 OM 7.535110 EM 9.209648
M 30 N -16 OM 7.592874 EM 9.209648
M 30 N -15 OM 7.868150 EM 9.209648
M 30 N -14 OM 7.897294 EM 9.209648
M 30 N -13 OM 7.927592 EM 9.209648
M 30 N -12 OM 7.959032 EM 9.209648
M 30 N -11 OM 7.991599 EM 9.209648
M 30 N -10 OM 8.025280 EM 9.209648
M 30 N -9 OM 8.060061 EM 9.209648
M 30 N -8 OM 8.095928 EM 9.209648
M 30 N -7 OM 8.132867 EM 9.209648
M 30 N -6 OM 8.170862 EM 9.209648
M 30 N -5 OM 8.209900 EM 9.209648
M 30 N -4 OM 8.242609 EM 9.209648
M 30 N -3 OM 8.216901 EM 9.209648
M 30 N -2 OM 8.192334 EM 9.209648
M 30 N -1 OM 8.168917 EM 9.209648
M 30 N 0 OM 8.146660 EM 9.209648
M 30 N 1 OM 8.072827 EM 9.209648
M 30 N 2 OM 8.017743 EM 9.209648
M 30 N 3 OM 7.963534 EM 9.209648
M 30 N 4 OM 7.910218 EM 9.209648
M 30 N 5 OM 7.857812 EM 9.209648
M 30 N 6 OM 7.806336 EM 9.209648
M 30 N 7 OM 7.755807 EM 9.209648
M 30 N 8 OM 7.706245 EM 9.209648
M 30 N 9 OM 7.657668 EM 9.209648
M 30 N 10 OM 7.610095 EM 9.209648
M 30 N 11 OM 7.563545 EM 9.209648
M 30 N 12 OM 7.518037 EM 9.209648
M 30 N 13 OM 7.473590 EM 9.209648
M 30 N 14 OM 7.430223 EM 9.209648
M 30 N 15 OM 7.387955 EM 9.209648
M 30 N 16 OM 7.346805 EM 9.209648
M 30 N 17 OM 7.306792 EM 9.209648
M 30 N 18 OM 7.267935 EM 9.209648
M 30 N 19 OM 7.230252 EM 9.209648
M 30 N 20 OM 7.193762 EM 9.209648
M 30 N 21 OM 7.158483 EM 9.209648
M 30 N 22 OM 7.124433 EM 9.209648
M 30 N 23 OM 7.091630 EM 9.209648
M 30 N 24 OM 7.060091 EM 9.209648
M 30 N 25 OM 7.029833 EM 9.209648
M 30 N 26 OM 7.000873 EM 9.209648
M 30 N 27 OM 6.973226 EM 9.209648
M 30 N 28 OM 6.946909 EM 9.209648
M 30 N 29 OM 6.921937 EM 9.209648
M 30 N 30 OM 6.898324 EM 9.209648
M 30 N 31 OM 6.876085 EM 9.209648
M 30 N 32 OM 6.855233 EM 9.209648
M 30 N 33 OM 6.835779 EM 9.209648
M 30 N 34 OM 6.817738 EM 9.209648
M 30 N 35 OM 6.801119 EM 9.209648
M 30 N 36 OM 5.114743 EM 9.209648
M 30 N 37 OM 5.028068 EM 9.209648
M 30 N 38 OM 4.941895 EM 9.209648
M 30 N 39 OM 4.856254 EM 9.209648
M 30 N 40 OM 4.771171 EM 9.209648
M 30 N 41 OM 4.686677 EM 9.209648
M 30 N 42 OM 4.602804 EM 9.209648
M 30 N 43 OM 4.519587 EM 9.209648
M 30 N 44 OM 4.437064 EM 9.209648
M 30 N 45 OM 4.355273 EM 9.209648
M 30 N 46 OM 4.274257 EM 9.209648
M 30 N 47 OM 4.194060 EM 9.209648
M 30 N 48 OM 4.114730 EM 9.209648
M 30 N 49 OM 4.036319 EM 9.209648
M 30 N 50 OM 3.958881 EM 9.209648
M 31 N -50 OM 6.176834 EM 9.209648
M 31 N -49 OM 6.194121 EM 9.209648
M 31 N -48 OM 6.212971 EM 9.209648
M 31 N -47 OM 6.233368 EM 9.209648
M 31 N -46 OM 6.255297 EM 9.209648
M 31 N -45 OM 6.278742 EM 9.209648
M 31 N -44 OM 6.303687 EM 9.209648
M 31 N -43 OM 6.330114 EM 9.209648
M 31 N -42 OM 6.358004 EM 9.209648
M 31 N -41 OM 6.387337 EM 9.209648
M 31 N -40 OM 6.418095 EM 9.209648
M 31 N -39 OM 6.450256 EM 9.209648
M 31 N -38 OM 6.483801 EM 9.209648
M 31 N -37 OM 6.518707 EM 9.209648
M 31 N -36 OM 6.554953 EM 9.209648
M 31 N -35 OM 6.592517 EM 9.209648
M 31 N -34 OM 6.631376 EM 9.209648
M 31 N -33 OM 6.671507 EM 9.209648
M 31 N -32 OM 6.712889 EM 9.209648
M 31 N -31 OM 6.755497 EM 9.209648
M 31 N -30 OM 6.799310 EM 9.209648
M 31 N -29 OM 6.844303 EM 9.209648
M 31 N -28 OM 6.890453 EM 9.209648
M 31 N -27 OM 6.937738 EM 9.209648
M 31 N -26 OM 6.986135 EM 9.209648
M 31 N -25 OM 7.035620 EM 9.209648
M 31 N -24 OM 7.086170 EM 9.209648
M 31 N -23 OM 7.137764 EM 9.209648
M 31 N -22 OM 7.190378 EM 9.209648
M 31 N -21 OM 7.243991 EM 9.209648
M 31 N -20 OM 7.298581 EM 9.209648
M 31 N -19 OM 7.354124 EM 9.209648
M 31 N -18 OM 7.410601 EM 9.209648
M 31 N -17 OM 7.467990 EM 9.209648
M 31 N -16 OM 7.526270 EM 9.209648
M 31 N -15 OM 7.846756 EM 9.209648
M 31 N -14 OM 7.875979 EM 9.209648
M 31 N -13 OM 7.906360 EM 9.209648
M 31 N -12 OM 7.937883 EM 9.209648
M 31 N -11 OM 7.970536 EM 9.209648
M 31 N -10 OM 8.004306 EM 9.209648
M 31 N -9 OM 8.039178 EM 9.209648
M 31 N -8 OM 8.075138 EM 9.209648
M 31 N -7 OM 8.112171 EM 9.209648
M 31 N -6 OM 8.150263 EM 9.209648
M 31 N -5 OM 8.189399 EM 9.209648
M 31 N -4 OM 8.162498 EM 9.209648
M 31 N -3 OM 8.136539 EM 9.209648
M 31 N -2 OM 8.111728 EM 9.209648
M 31 N -1 OM 8.088078 EM 9.209648
M 31 N 0 OM 8.065598 EM 9.209648
M 31 N 1 OM 8.044297 EM 9.209648
M 31 N 2 OM 8.021771 EM 9.209648
M 31 N 3 OM 7.967589 EM 9.209648
M 31 N 4 OM 7.914300 EM 9.209648
M 31 N 5 OM 7.861922 EM 9.209648
M 31 N 6 OM 7.810472 EM 9.209648
M 31 N 7 OM 7.759971 EM 9.209648
M 31 N 8 OM 7.710435 EM 9.209648
M 31 N 9 OM 7.661885 EM 9.209648
M 31 N 10 OM 7.614338 EM 9.209648
M 31 N 11 OM 7.567814 EM 9.209648
M 31 N 12 OM 7.522332 EM 9.209648
M 31 N 13 OM 7.477911 EM 9.209648
M 31 N 14 OM 7.434569 EM 9.209648
M 31 N 15 OM 7.392326 EM 9.209648
M 31 N 16 OM 7.351200 EM 9.209648
M 31 N 17 OM 7.311212 EM 9.209648
M 31 N 18 OM 7.272378 EM 9.209648
M 31 N 19 OM 7.234718 EM 9.209648
M 31 N 20 OM 7.198251 EM 9.209648
M 31 N 21 OM 7.162994 EM 9.209648
M 31 N 22 OM 7.128965 EM 9.209648
M 31 N 23 OM 7.096183 EM 9.209648
M 31 N 24 OM 7.064664 EM 9.209648
M 31 N 25 OM 7.034426 EM 9.209648
M 31 N 26 OM 7.005485 EM 9.209648
M 31 N 27 OM 6.977856 EM 9.209648
M 31 N 28 OM 6.951557 EM 9.209648
M 31 N 29 OM 6.926602 EM 9.209648
M 31 N 30 OM 6.903005 EM 9.209648
M 31 N 31 OM 6.880781 EM 9.209648
M 31 N 32 OM 6.859942 EM 9.209648
M 31 N 33 OM 6.840503 EM 9.209648
M 31 N 34 OM 6.822474 EM 9.209648
M 31 N 35 OM 6.805866 EM 9.209648
M 31 N 36 OM 5.147504 EM 9.209648
M 31 N 37 OM 5.061390 EM 9.209648
M 31 N 38 OM 4.975795 EM 9.209648
M 31 N 39 OM 4.890746 EM 9.209648
M 31 N 40 OM 4.806274 EM 9.209648
M 31 N 41 OM 4.722408 EM 9.209648
M 31 N 42 OM 4.639181 EM 9.209648
M 31 N 43 OM 4.556629 EM 9.209648
M 31 N 44 OM 4.474789 EM 9.209648
M 31 N 45 OM 4.393701 EM 9.209648
M 31 N 46 OM 4.313406 EM 9.209648
M 31 N 47 OM 4.233951 EM 9.209648
M 31 N 48 OM 4.155382 EM 9.209648
M 31 N 49 OM 4.077753 EM 9.209648
M 31 N 50 OM 4.001117 EM 9.209648
M 32 N -50 OM 6.096415 EM 9.209648
M 32 N -49 OM 6.113930 EM 9.209648
M 32 N -48 OM 6.133026 EM 9.209648
M 32 N -47 OM 6.153687 EM 9.209648
M 32 N -46 OM 6.175900 EM 9.209648
M 32 N -45 OM 6.199646 EM 9.209648
M 32 N -44 OM 6.224907 EM 9.209648
M 32 N -43 OM 6.251667 EM 9.209648
M 32 N -42 OM 6.279905 EM 9.209648
M 32 N -41 OM 6.309602 EM 9.209648
M 32 N -40 OM 6.340736 EM 9.209648
M 32 N -39 OM 6.373288 EM 9.209648
M 32 N -38 OM 6.407236 EM 9.209648
M 32 N -37 OM 6.442557 EM 9.209648
M 32 N -36 OM 6.479229 EM 9.209648
M 32 N -35 OM 6.517229 EM 9.209648
M 32 N -34 OM 6.556534 EM 9.209648
M 32 N -33 OM 6.597121 EM 9.209648
M 32 N -32 OM 6.638967 EM 9.209648
M 32 N -31 OM 6.682046 EM 9.209648
M 32 N -30 OM 6.726337 EM 9.209648
M 32 N -29 OM 6.771814 EM 9.209648
M 32 N -28 OM 6.818456 EM 9.209648
M 32 N -27 OM 6.866237 EM 9.209648
M 32 N -26 OM 6.915133 EM 9.209648
M 32 N -25 OM 6.965123 EM 9.209648
M 32 N -24 OM 7.016182 EM 9.209648
M 32 N -23 OM 7.068286 EM 9.209648
M 32 N -22 OM 7.121414 EM 9.209648
M 32 N -21 OM 7.175542 EM 9.209648
M 32 N -20 OM 7.230649 EM 9.209648
M 32 N -19 OM 7.286710 EM 9.209648
M 32 N -18 OM 7.343705 EM 9.209648
M 32 N -17 OM 7.401613 EM 9.209648
M 32 N -16 OM 7.460412 EM 9.209648
M 32 N -15 OM 7.826582 EM 9.209648
M 32 N -14 OM 7.855880 EM 9.209648
M 32 N -13 OM 7.886337 EM 9.209648
M 32 N -12 OM 7.917941 EM 9.209648
M 32 N -11 OM 7.950676 EM 9.209648
M 32 N -10 OM 7.984530 EM 9.209648
M 32 N -9 OM 8.019488 EM 9.209648
M 32 N -8 OM 8.055535 EM 9.209648
M 32 N -7 OM 8.092658 EM 9.209648
M 32 N -6 OM 8.130841 EM 9.209648
M 32 N -5 OM 8.110199 EM 9.209648
M 32 N -4 OM 8.082833 EM 9.209648
M 32 N -3 OM 8.056616 EM 9.209648
M 32 N -2 OM 8.031558 EM 9.209648
M 32 N -1 OM 8.007670 EM 9.209648
M 32 N 0 OM 7.984964 EM 9.209648
M 32 N 1 OM 7.963449 EM 9.209648
M 32 N 2 OM 7.943135 EM 9.209648
M 32 N 3 OM 7.924030 EM 9.209648
M 32 N 4 OM 7.906145 EM 9.209648
M 32 N 5 OM 7.867301 EM 9.209648
M 32 N 6 OM 7.815886 EM 9.209648
M 32 N 7 OM 7.765420 EM 9.209648
M 32 N 8 OM 7.715919 EM 9.209648
M 32 N 9 OM 7.667404 EM 9.209648
M 32 N 10 OM 7.619892 EM 9.209648
M 32 N 11 OM 7.573402 EM 9.209648
M 32 N 12 OM 7.527953 EM 9.209648
M 32 N 13 OM 7.483565 EM 9.209648
M 32 N 14 OM 7.440256 EM 9.209648
M 32 N 15 OM 7.398046 EM 9.209648
M 32 N 16 OM 7.356952 EM 9.209648
M 32 N 17 OM 7.316995 EM 9.209648
M 32 N 18 OM 7.278192 EM 9.209648
M 32 N 19 OM 7.240562 EM 9.209648
M 32 N 20 OM 7.204125 EM 9.209648
M 32 N 21 OM 7.168897 EM 9.209648
M 32 N 22 OM 7.134896 EM 9.209648
M 32 N 23 OM 7.102141 EM 9.209648
M 32 N 24 OM 7.070649 EM 9.209648
M 32 N 25 OM 7.040436 EM 9.209648
M 32 N 26 OM 7.011520 EM 9.209648
M 32 N 27 OM 6.983916 EM 9.209648
M 32 N 28 OM 6.957639 EM 9.209648
M 32 N 29 OM 6.932706 EM 9.209648
M 32 N 30 OM 6.909130 EM 9.209648
M 32 N 31 OM 6.886926 EM 9.209648
M 32 N 32 OM 6.866106 EM 9.209648
M 32 N 33 OM 6.846684 EM 9.209648
M 32 N 34 OM 6.828671 EM 9.209648
M 32 N 35 OM 6.812078 EM 9.209648
M 32 N 36 OM 5.181988 EM 9.209648
M 32 N 37 OM 5.096456 EM 9.209648
M 32 N 38 OM 5.011460 EM 9.209648
M 32 N 39 OM 4.927027 EM 9.209648
M 32 N 40 OM 4.843188 EM 9.209648
M 32 N 41 OM 4.759973 EM 9.209648
M 32 N 42 OM 4.677414 EM 9.209648
M 32 N 43 OM 4.595549 EM 9.209648
M 32 N 44 OM 4.514414 EM 9.209648
M 32 N 45 OM 4.434051 EM 9.209648
M 32 N 46 OM 4.354500 EM 9.209648
M 32 N 47 OM 4.275808 EM 9.209648
M 32 N 48 OM 4.198023 EM 9.209648
M 32 N 49 OM 4.121197 EM 9.209648
M 32 N 50 OM 4.045384 EM 9.209648
M 33 N -50 OM 6.016583 EM 9.209648
M 33 N -49 OM 6.034330 EM 9.209648
M 33 N -48 OM 6.053677 EM 9.209648
M 33 N -47 OM 6.074609 EM 9.209648
M 33 N -46 OM 6.097109 EM 9.209648
M 33 N -45 OM 6.121161 EM 9.209648
M 33 N -44 OM 6.146745 EM 9.209648
M 33 N -43 OM 6.173843 EM 9.209648
M 33 N -42 OM 6.202435 EM 9.209648
M 33 N -41 OM 6.232502 EM 9.209648
M 33 N -40 OM 6.264019 EM 9.209648
M 33 N -39 OM 6.296968 EM 9.209648
M 33 N -38 OM 6.331325 EM 9.209648
M 33 N -37 OM 6.367067 EM 9.209648
M 33 N -36 OM 6.404171 EM 9.209648
M 33 N -35 OM 6.442614 EM 9.209648
M 33 N -34 OM 6.482371 EM 9.209648
M 33 N -33 OM 6.523420 EM 9.209648
M 33 N -32 OM 6.565735 EM 9.209648
M 33 N -31 OM 6.609292 EM 9.209648
M 33 N -30 OM 6.654067 EM 9.209648
M 33 N -29 OM 6.700036 EM 9.209648
M 33 N -28 OM 6.747173 EM 9.209648
M 33 N -27 OM 6.795455 EM 9.209648
M 33 N -26 OM 6.844858 EM 9.209648
M 33 N -25 OM 6.895357 EM 9.209648
M 33 N -24 OM 6.946928 EM 9.209648
M 33 N -23 OM 6.999548 EM 9.209648
M 33 N -22 OM 7.053194 EM 9.209648
M 33 N -21 OM 7.107841 EM 9.209648
M 33 N -20 OM 7.163468 EM 9.209648
M 33 N -19 OM 7.220051 EM 9.209648
M 33 N -18 OM 7.277569 EM 9.209648
M 33 N -17 OM 7.335999 EM 9.209648
M 33 N -16 OM 7.395319 EM 9.209648
M 33 N -15 OM 7.807636 EM 9.209648
M 33 N -14 OM 7.837005 EM 9.209648
M 33 N -13 OM 7.867536 EM 9.209648
M 33 N -12 OM 7.899214 EM 9.209648
M 33 N -11 OM 7.932027 EM 9.209648
M 33 N -10 OM 7.965960 EM 9.209648
M 33 N -9 OM 8.000998 EM 9.209648
M 33 N -8 OM 8.037129 EM 9.209648
M 33 N -7 OM 8.074337 EM 9.209648
M 33 N -6 OM 8.060041 EM 9.209648
M 33 N -5 OM 8.031260 EM 9.209648
M 33 N -4 OM 8.003624 EM 9.209648
M 33 N -3 OM 7.977146 EM 9.209648
M 33 N -2 OM 7.951838 EM 9.209648
M 33 N -1 OM 7.927711 EM 9.209648
M 33 N 0 OM 7.904775 EM 9.209648
M 33 N 1 OM 7.883040 EM 9.209648
M 33 N 2 OM 7.862518 EM 9.209648
M 33 N 3 OM 7.843217 EM 9.209648
M 33 N 4 OM 7.825147 EM 9.209648
M 33 N 5 OM 7.808316 EM 9.209648
M 33 N 6 OM 7.792731 EM 9.209648
M 33 N 7 OM 7.772152 EM 9.209648
M 33 N 8 OM 7.722695 EM 9.209648
M 33 N 9 OM 7.674222 EM 9.209648
M 33 N 10 OM 7.626752 EM 9.209648
M 33 N 11 OM 7.580304 EM 9.209648
M 33 N 12 OM 7.534897 EM 9.209648
M 33 N 13 OM 7.490551 EM 9.209648
M 33 N 14 OM 7.447282 EM 9.209648
M 33 N 15 OM 7.405112 EM 9.209648
M 33 N 16 OM 7.364058 EM 9.209648
M 33 N 17 OM 7.324139 EM 9.209648
M 33 N 18 OM 7.285374 EM 9.209648
M 33 N 19 OM 7.247782 EM 9.209648
M 33 N 20 OM 7.211381 EM 9.209648
M 33 N 21 OM 7.176188 EM 9.209648
M 33 N 22 OM 7.142223 EM 9.209648
M 33 N 23 OM 7.109502 EM 9.209648
M 33 N 24 OM 7.078042 EM 9.209648
M 33 N 25 OM 7.047861 EM 9.209648
M 33 N 26 OM 7.018975 EM 9.209648
M 33 N 27 OM 6.991400 EM 9.209648
M 33 N 28 OM 6.965152 EM 9.209648
M 33 N 29 OM 6.940246 EM 9.209648
M 33 N 30 OM 6.916696 EM 9.209648
M 33 N 31 OM 6.894516 EM 9.209648
M 33 N 32 OM 6.873719 EM 9.209648
M 33 N 33 OM 6.854318 EM 9.209648
M 33 N 34 OM 6.836326 EM 9.209648
M 33 N 35 OM 6.819752 EM 9.209648
M 33 N 36 OM 5.218161 EM 9.209648
M 33 N 37 OM 5.133232 EM 9.209648
M 33 N 38 OM 5.048854 EM 9.209648
M 33 N 39 OM 4.965058 EM 9.209648
M 33 N 40 OM 4.881871 EM 9.209648
M 33 N 41 OM 4.799326 EM 9.209648
M 33 N 42 OM 4.717457 EM 9.209648
M 33 N 43 OM 4.636299 EM 9.209648
M 33 N 44 OM 4.555890 EM 9.209648
M 33 N 45 OM 4.476271 EM 9.209648
M 33 N 46 OM 4.397484 EM 9.209648
M 33 N 47 OM 4.319576 EM 9.209648
M 33 N 48 OM 4.242594 EM 9.209648
M 33 N 49 OM 4.166589 EM 9.209648
M 33 N 50 OM 4.091618 EM 9.209648
M 34 N -50 OM 5.937362 EM 9.209648
M 34 N -49 OM 5.955345 EM 9.209648
M 34 N -48 OM 5.974948 EM 9.209648
M 34 N -47 OM 5.996155 EM 9.209648
M 34 N -46 OM 6.018948 EM 9.209648
M 34 N -45 OM 6.043311 EM 9.209648
M 34 N -44 OM 6.069223 EM 9.209648
M 34 N -43 OM 6.096666 EM 9.209648
M 34 N -42 OM 6.125619 EM 9.209648
M 34 N -41 OM 6.156060 EM 9.209648
M 34 N -40 OM 6.187967 EM 9.209648
M 34 N -39 OM 6.221319 EM 9.209648
M 34 N -38 OM 6.256091 EM 9.209648
M 34 N -37 OM 6.292260 EM 9.209648
M 34 N -36 OM 6.329803 EM 9.209648
M 34 N -35 OM 6.368695 EM 9.209648
M 34 N -34 OM 6.408911 EM 9.209648
M 34 N -33 OM 6.450427 EM 9.209648
M 34 N -32 OM 6.493217 EM 9.209648
M 34 N -31 OM 6.537258 EM 9.209648
M 34 N -30 OM 6.582523 EM 9.209648
M 34 N -29 OM 6.628987 EM 9.209648
M 34 N -28 OM 6.676627 EM 9.209648
M 34 N -27 OM 6.725415 EM 9.209648
M 34 N -26 OM 6.775329 EM 9.209648
M 34 N -25 OM 6.826342 EM 9.209648
M 34 N -24 OM 6.878431 EM 9.209648
M 34 N -23 OM 6.931571 EM 9.209648
M 34 N -22 OM 6.985738 EM 9.209648
M 34 N -21 OM 7.040910 EM 9.209648
M 34 N -20 OM 7.097061 EM 9.209648
M 34 N -19 OM 7.154170 EM 9.209648
M 34 N -18 OM 7.212213 EM 9.209648
M 34 N -17 OM 7.271167 EM 9.209648
M 34 N -16 OM 7.331012 EM 9.209648
M 34 N -15 OM 7.789928 EM 9.209648
M 34 N -14 OM 7.819364 EM 9.209648
M 34 N -13 OM 7.849963 EM 9.209648
M 34 N -12 OM 7.881712 EM 9.209648
M 34 N -11 OM 7.914598 EM 9.209648
M 34 N -10 OM 7.948605 EM 9.209648
M 34 N -9 OM 7.983720 EM 9.209648
M 34 N -8 OM 8.019928 EM 9.209648
M 34 N -7 OM 8.012065 EM 9.209648
M 34 N -6 OM 7.981858 EM 9.209648
M 34 N -5 OM 7.952793 EM 9.209648
M 34 N -4 OM 7.924884 EM 9.209648
M 34 N -3 OM 7.898142 EM 9.209648
M 34 N -2 OM 7.872580 EM 9.209648
M 34 N -1 OM 7.848209 EM 9.209648
M 34 N 0 OM 7.825040 EM 9.209648
M 34 N 1 OM 7.803084 EM 9.209648
M 34 N 2 OM 7.782351 EM 9.209648
M 34 N 3 OM 7.762851 EM 9.209648
M 34 N 4 OM 7.744593 EM 9.209648
M 34 N 5 OM 7.727586 EM 9.209648
M 34 N 6 OM 7.711839 EM 9.209648
M 34 N 7 OM 7.697358 EM 9.209648
M 34 N 8 OM 7.684152 EM 9.209648
M 34 N 9 OM 7.672226 EM 9.209648
M 34 N 10 OM 7.634916 EM 9.209648
M 34 N 11 OM 7.588519 EM 9.209648
M 34 N 12 OM 7.543161 EM 9.209648
M 34 N 13 OM 7.498863 EM 9.209648
M 34 N 14 OM 7.455643 EM 9.209648
M 34 N 15 OM 7.413520 EM 9.209648
M 34 N 16 OM 7.372513 EM 9.209648
M 34 N 17 OM 7.332640 EM 9.209648
M 34 N 18 OM 7.293921 EM 9.209648
M 34 N 19 OM 7.256373 EM 9.209648
M 34 N 20 OM 7.220015 EM 9.209648
M 34 N 21 OM 7.184865 EM 9.209648
M 34 N 22 OM 7.150940 EM 9.209648
M 34 N 23 OM 7.118259 EM 9.209648
M 34 N 24 OM 7.086838 EM 9.209648
M 34 N 25 OM 7.056695 EM 9.209648
M 34 N 26 OM 7.027845 EM 9.209648
M 34 N 27 OM 7.000306 EM 9.209648
M 34 N 28 OM 6.974091 EM 9.209648
M 34 N 29 OM 6.949217 EM 9.209648
M 34 N 30 OM 6.925697 EM 9.209648
M 34 N 31 OM 6.903546 EM 9.209648
M 34 N 32 OM 6.882776 EM 9.209648
M 34 N 33 OM 6.863401 EM 9.209648
M 34 N 34 OM 6.845433 EM 9.209648
M 34 N 35 OM 6.828881 EM 9.209648
M 34 N 36 OM 5.255987 EM 9.209648
M 34 N 37 OM 5.171679 EM 9.209648
M 34 N 38 OM 5.087940 EM 9.209648
M 34 N 39 OM 5.004798 EM 9.209648
M 34 N 40 OM 4.922283 EM 9.209648
M 34 N 41 OM 4.840427 EM 9.209648
M 34 N 42 OM 4.759265 EM 9.209648
M 34 N 43 OM 4.678832 EM 9.209648
M 34 N 44 OM 4.599167 EM 9.209648
M 34 N 45 OM 4.520310 EM 9.209648
M 34 N 46 OM 4.442305 EM 9.209648
M 34 N 47 OM 4.365196 EM 9.209648
M 34 N 48 OM 4.289033 EM 9.209648
M 34 N 49 OM 4.213866 EM 9.209648
M 34 N 50 OM 4.139750 EM 9.209648
M 35 N -50 OM 5.858777 EM 9.209648
M 35 N -49 OM 5.877000 EM 9.209648
M 35 N -48 OM 5.896863 EM 9.209648
M 35 N -47 OM 5.918350 EM 9.209648
M 35 N -46 OM 5.941442 EM 9.209648
M 35 N -45 OM 5.966121 EM 9.209648
M 35 N -44 OM 5.992367 EM 9.209648
M 35 N -43 OM 6.020161 EM 9.209648
M 35 N -42 OM 6.049479 EM 9.209648
M 35 N -41 OM 6.080302 EM 9.209648
M 35 N -40 OM 6.112605 EM 9.209648
M 35 N -39 OM 6.146365 EM 9.209648
M 35 N -38 OM 6.181559 EM 9.209648
M 35 N -37 OM 6.218162 EM 9.209648
M 35 N -36 OM 6.256149 EM 9.209648
M 35 N -35 OM 6.295496 EM 9.209648
M 35 N -34 OM 6.336177 EM 9.209648
M 35 N -33 OM 6.378166 EM 9.209648
M 35 N -32 OM 6.421438 EM 9.209648
M 35 N -31 OM 6.465968 EM 9.209648
M 35 N -30 OM 6.511728 EM 9.209648
M 35 N -29 OM 6.558694 EM 9.209648
M 35 N -28 OM 6.606840 EM 9.209648
M 35 N -27 OM 6.656140 EM 9.209648
M 35 N -26 OM 6.706569 EM 9.209648
M 35 N -25 OM 6.758101 EM 9.209648
M 35 N -24 OM 6.810712 EM 9.209648
M 35 N -23 OM 6.864377 EM 9.209648
M 35 N -22 OM 6.919071 EM 9.209648
M 35 N -21 OM 6.974769 EM 9.209648
M 35 N -20 OM 7.031449 EM 9.209648
M 35 N -19 OM 7.089086 EM 9.209648
M 35 N -18 OM 7.147657 EM 9.209648
M 35 N -17 OM 7.207140 EM 9.209648
M 35 N -16 OM 7.267512 EM 9.209648
M 35 N -15 OM 7.773467 EM 9.209648
M 35 N -14 OM 7.802964 EM 9.209648
M 35 N -13 OM 7.833627 EM 9.209648
M 35 N -12 OM 7.865442 EM 9.209648
M 35 N -11 OM 7.898396 EM 9.209648
M 35 N -10 OM 7.932472 EM 9.209648
M 35 N -9 OM 7.967659 EM 9.209648
M 35 N -8 OM 7.966312 EM 9.209648
M 35 N -7 OM 7.934670 EM 9.209648
M 35 N -6 OM 7.904167 EM 9.209648
M 35 N -5 OM 7.874816 EM 9.209648
M 35 N -4 OM 7.846630 EM 9.209648
M 35 N -3 OM 7.819620 EM 9.209648
M 35 N -2 OM 7.793801 EM 9.209648
M 35 N -1 OM 7.769182 EM 9.209648
M 35 N 0 OM 7.745777 EM 9.209648
M 35 N 1 OM 7.723596 EM 9.209648
M 35 N 2 OM 7.702649 EM 9.209648
M 35 N 3 OM 7.682946 EM 9.209648
M 35 N 4 OM 7.664498 EM 9.209648
M 35 N 5 OM 7.647313 EM 9.209648
M 35 N 6 OM 7.631400 EM 9.209648
M 35 N 7 OM 7.616766 EM 9.209648
M 35 N 8 OM 7.603420 EM 9.209648
M 35 N 9 OM 7.591368 EM 9.209648
M 35 N 10 OM 7.580616 EM 9.209648
M 35 N 11 OM 7.571168 EM 9.209648
M 35 N 12 OM 7.552740 EM 9.209648
M 35 N 13 OM 7.508498 EM 9.209648
M 35 N 14 OM 7.465334 EM 9.209648
M 35 N 15 OM 7.423266 EM 9.209648
M 35 N 16 OM 7.382313 EM 9.209648
M 35 N 17 OM 7.342494 EM 9.209648
M 35 N 18 OM 7.303826 EM 9.209648
M 35 N 19 OM 7.266330 EM 9.209648
M 35 N 20 OM 7.230021 EM 9.209648
M 35 N 21 OM 7.194921 EM 9.209648
M 35 N 22 OM 7.161044 EM 9.209648
M 35 N 23 OM 7.128409 EM 9.209648
M 35 N 24 OM 7.097033 EM 9.209648
M 35 N 25 OM 7.066933 EM 9.209648
M 35 N 26 OM 7.038126 EM 9.209648
M 35 N 27 OM 7.010626 EM 9.209648
M 35 N 28 OM 6.984450 EM 9.209648
M 35 N 29 OM 6.959613 EM 9.209648
M 35 N 30 OM 6.936129 EM 9.209648
M 35 N 31 OM 6.914011 EM 9.209648
M 35 N 32 OM 6.893273 EM 9.209648
M 35 N 33 OM 6.873928 EM 9.209648
M 35 N 34 OM 6.855986 EM 9.209648
M 35 N 35 OM 6.839460 EM 9.209648
M 35 N 36 OM 5.295432 EM 9.209648
M 35 N 37 OM 5.211762 EM 9.209648
M 35 N 38 OM 5.128677 EM 9.209648
M 35 N 39 OM 5.046206 EM 9.209648
M 35 N 40 OM 4.964380 EM 9.209648
M 35 N 41 OM 4.883230 EM 9.209648
M 35 N 42 OM 4.802791 EM 9.209648
M 35 N 43 OM 4.723099 EM 9.209648
M 35 N 44 OM 4.644194 EM 9.209648
M 35 N 45 OM 4.566115 EM 9.209648
M 35 N 46 OM 4.488905 EM 9.209648
M 35 N 47 OM 4.412611 EM 9.209648
M 35 N 48 OM 4.337280 EM 9.209648
M 35 N 49 OM 4.262965 EM 9.209648
M 35 N 50 OM 4.189718 EM 9.209648
M 36 N -50 OM 5.780854 EM 9.209648
M 36 N -49 OM 5.799323 EM 9.209648
M 36 N -48 OM 5.819450 EM 9.209648
M 36 N -47 OM 5.841222 EM 9.209648
M 36 N -46 OM 5.864618 EM 9.209648
M 36 N -45 OM 5.889618 EM 9.209648
M 36 N -44 OM 5.916204 EM 9.209648
M 36 N -43 OM 5.944354 EM 9.209648
M 36 N -42 OM 5.974045 EM 9.209648
M 36 N -41 OM 6.005254 EM 9.209648
M 36 N -40 OM 6.037958 EM 9.209648
M 36 N -39 OM 6.072134 EM 9.209648
M 36 N -38 OM 6.107755 EM 9.209648
M 36 N -37 OM 6.144798 EM 9.209648
M 36 N -36 OM 6.183236 EM 9.209648
M 36 N -35 OM 6.223044 EM 9.209648
M 36 N -34 OM 6.264195 EM 9.209648
M 36 N -33 OM 6.306664 EM 9.209648
M 36 N -32 OM 6.350423 EM 9.209648
M 36 N -31 OM 6.395447 EM 9.209648
M 36 N -30 OM 6.441709 EM 9.209648
M 36 N -29 OM 6.489182 EM 9.209648
M 36 N -28 OM 6.537839 EM 9.209648
M 36 N -27 OM 6.587656 EM 9.209648
M 36 N -26 OM 6.638605 EM 9.209648
M 36 N -25 OM 6.690661 EM 9.209648
M 36 N -24 OM 6.743798 EM 9.209648
M 36 N -23 OM 6.797991 EM 9.209648
M 36 N -22 OM 6.853214 EM 9.209648
M 36 N -21 OM 6.909443 EM 9.209648
M 36 N -20 OM 6.966655 EM 9.209648
M 36 N -19 OM 7.024823 EM 9.209648
M 36 N -18 OM 7.083926 EM 9.209648
M 36 N -17 OM 7.143940 EM 9.209648
M 36 N -16 OM 7.204842 EM 9.209648
M 36 N -15 OM 7.736136 EM 9.209648
M 36 N -14 OM 7.781329 EM 9.209648
M 36 N -13 OM 7.818537 EM 9.209648
M 36 N -12 OM 7.850413 EM 9.209648
M 36 N -11 OM 7.883429 EM 9.209648
M 36 N -10 OM 7.917570 EM 9.209648
M 36 N -9 OM 7.922819 EM 9.209648
M 36 N -8 OM 7.889735 EM 9.209648
M 36 N -7 OM 7.857786 EM 9.209648
M 36 N -6 OM 7.826982 EM 9.209648
M 36 N -5 OM 7.797341 EM 9.209648
M 36 N -4 OM 7.768873 EM 9.209648
M 36 N -3 OM 7.741593 EM 9.209648
M 36 N -2 OM 7.715512 EM 9.209648
M 36 N -1 OM 7.690643 EM 9.209648
M 36 N 0 OM 7.666998 EM 9.209648
M 36 N 1 OM 7.644588 EM 9.209648
M 36 N 2 OM 7.623424 EM 9.209648
M 36 N 3 OM 7.603516 EM 9.209648
M 36 N 4 OM 7.584875 EM 9.209648
M 36 N 5 OM 7.567509 EM 9.209648
M 36 N 6 OM 7.551428 EM 9.209648
M 36 N 7 OM 7.536639 EM 9.209648
M 36 N 8 OM 7.523150 EM 9.209648
M 36 N 9 OM 7.510969 EM 9.209648
M 36 N 10 OM 7.500102 EM 9.209648
M 36 N 11 OM 7.490553 EM 9.209648
M 36 N 12 OM 7.482329 EM 9.209648
M 36 N 13 OM 7.475435 EM 9.209648
M 36 N 14 OM 7.469872 EM 9.209648
M 36 N 15 OM 7.434344 EM 9.209648
M 36 N 16 OM 7.393453 EM 9.209648
M 36 N 17 OM 7.353694 EM 9.209648
M 36 N 18 OM 7.315086 EM 9.209648
M 36 N 19 OM 7.277647 EM 9.209648
M 36 N 20 OM 7.241396 EM 9.209648
M 36 N 21 OM 7.206350 EM 9.209648
M 36 N 22 OM 7.172527 EM 9.209648
M 36 N 23 OM 7.137395 EM 9.209648
M 36 N 24 OM 7.103046 EM 9.209648
M 36 N 25 OM 7.069946 EM 9.209648
M 36 N 26 OM 7.038111 EM 9.209648
M 36 N 27 OM 7.007558 EM 9.209648
M 36 N 28 OM 6.978305 EM 9.209648
M 36 N 29 OM 6.950367 EM 9.209648
M 36 N 30 OM 6.923761 EM 9.209648
M 36 N 31 OM 6.898503 EM 9.209648
M 36 N 32 OM 6.874606 EM 9.209648
M 36 N 33 OM 6.852085 EM 9.209648
M 36 N 34 OM 6.830955 EM 9.209648
M 36 N 35 OM 6.811226 EM 9.209648
M 36 N 36 OM 5.336459 EM 9.209648
M 36 N 37 OM 5.253443 EM 9.209648
M 36 N 38 OM 5.171028 EM 9.209648
M 36 N 39 OM 5.089243 EM 9.209648
M 36 N 40 OM 5.008120 EM 9.209648
M 36 N 41 OM 4.927691 EM 9.209648
M 36 N 42 OM 4.847990 EM 9.209648
M 36 N 43 OM 4.769053 EM 9.209648
M 36 N 44 OM 4.690920 EM 9.209648
M 36 N 45 OM 4.613632 EM 9.209648
M 36 N 46 OM 4.537231 EM 9.209648
M 36 N 47 OM 4.461764 EM 9.209648
M 36 N 48 OM 4.387277 EM 9.209648
M 36 N 49 OM 4.313823 EM 9.209648
M 36 N 50 OM 4.241455 EM 9.209648
M 37 N -50 OM 5.703619 EM 9.209648
M 37 N -49 OM 5.722337 EM 9.209648
M 37 N -48 OM 5.742735 EM 9.209648
M 37 N -47 OM 5.764796 EM 9.209648
M 37 N -46 OM 5.788500 EM 9.209648
M 37 N -45 OM 5.813829 EM 9.209648
M 37 N -44 OM 5.840759 EM 9.209648
M 37 N -43 OM 5.869271 EM 9.209648
M 37 N -42 OM 5.899339 EM 9.209648
M 37 N -41 OM 5.930942 EM 9.209648
M 37 N -40 OM 5.964054 EM 9.209648
M 37 N -39 OM 5.998651 EM 9.209648
M 37 N -38 OM 6.034706 EM 9.209648
M 37 N -37 OM 6.072194 EM 9.209648
M 37 N -36 OM 6.111089 EM 9.209648
M 37 N -35 OM 6.151363 EM 9.209648
M 37 N -34 OM 6.192991 EM 9.209648
M 37 N -33 OM 6.235945 EM 9.209648
M 37 N -32 OM 6.280197 EM 9.209648
M 37 N -31 OM 6.325720 EM 9.209648
M 37 N -30 OM 6.372488 EM 9.209648
M 37 N -29 OM 6.420473 EM 9.209648
M 37 N -28 OM 6.469647 EM 9.209648
M 37 N -27 OM 6.519985 EM 9.209648
M 37 N -26 OM 6.571459 EM 9.209648
M 37 N -25 OM 6.624043 EM 9.209648
M 37 N -24 OM 6.677710 EM 9.209648
M 37 N -23 OM 6.732434 EM 9.209648
M 37 N -22 OM 6.788191 EM 9.209648
M 37 N -21 OM 6.844955 EM 9.209648
M 37 N -20 OM 6.902700 EM 9.209648
M 37 N -19 OM 6.961403 EM 9.209648
M 37 N -18 OM 7.021040 EM 9.209648
M 37 N -17 OM 7.081587 EM 9.209648
M 37 N -16 OM 7.143020 EM 9.209648
M 37 N -15 OM 7.646961 EM 9.209648
M 37 N -14 OM 7.692677 EM 9.209648
M 37 N -13 OM 7.739415 EM 9.209648
M 37 N -12 OM 7.787157 EM 9.209648
M 37 N -11 OM 7.835884 EM 9.209648
M 37 N -10 OM 7.881624 EM 9.209648
M 37 N -9 OM 7.847092 EM 9.209648
M 37 N -8 OM 7.813688 EM 9.209648
M 37 N -7 OM 7.781426 EM 9.209648
M 37 N -6 OM 7.750320 EM 9.209648
M 37 N -5 OM 7.720384 EM 9.209648
M 37 N -4 OM 7.691631 EM 9.209648
M 37 N -3 OM 7.664076 EM 9.209648
M 37 N -2 OM 7.637731 EM 9.209648
M 37 N -1 OM 7.612607 EM 9.209648
M 37 N 0 OM 7.588719 EM 9.209648
M 37 N 1 OM 7.566077 EM 9.209648
M 37 N 2 OM 7.544693 EM 9.209648
M 37 N 3 OM 7.524577 EM 9.209648
M 37 N 4 OM 7.505739 EM 9.209648
M 37 N 5 OM 7.488190 EM 9.209648
M 37 N 6 OM 7.471938 EM 9.209648
M 37 N 7 OM 7.456992 EM 9.209648
M 37 N 8 OM 7.443359 EM 9.209648
M 37 N 9 OM 7.431047 EM 9.209648
M 37 N 10 OM 7.420063 EM 9.209648
M 37 N 11 OM 7.410411 EM 9.209648
M 37 N 12 OM 7.402098 EM 9.209648
M 37 N 13 OM 7.395129 EM 9.209648
M 37 N 14 OM 7.389506 EM 9.209648
M 37 N 15 OM 7.365872 EM 9.209648
M 37 N 16 OM 7.321676 EM 9.209648
M 37 N 17 OM 7.278585 EM 9.209648
M 37 N 18 OM 7.236620 EM 9.209648
M 37 N 19 OM 7.195800 EM 9.209648
M 37 N 20 OM 7.156145 EM 9.209648
M 37 N 21 OM 7.117673 EM 9.209648
M 37 N 22 OM 7.080405 EM 9.209648
M 37 N 23 OM 7.044360 EM 9.209648
M 37 N 24 OM 7.009555 EM 9.209648
M 37 N 25 OM 6.976012 EM 9.209648
M 37 N 26 OM 6.943746 EM 9.209648
M 37 N 27 OM 6.912776 EM 9.209648
M 37 N 28 OM 6.883120 EM 9.209648
M 37 N 29 OM 6.854795 EM 9.209648
M 37 N 30 OM 6.827816 EM 9.209648
M 37 N 31 OM 6.802201 EM 9.209648
M 37 N 32 OM 6.777965 EM 9.209648
M 37 N 33 OM 6.755122 EM 9.209648
M 37 N 34 OM 6.733687 EM 9.209648
M 37 N 35 OM 6.713673 EM 9.209648
M 37 N 36 OM 5.379033 EM 9.209648
M 37 N 37 OM 5.296685 EM 9.209648
M 37 N 38 OM 5.214953 EM 9.209648
M 37 N 39 OM 5.133868 EM 9.209648
M 37 N 40 OM 5.053461 EM 9.209648
M 37 N 41 OM 4.973764 EM 9.209648
M 37 N 42 OM 4.894814 EM 9.209648
M 37 N 43 OM 4.816645 EM 9.209648
M 37 N 44 OM 4.739297 EM 9.209648
M 37 N 45 OM 4.662810 EM 9.209648
M 37 N 46 OM 4.587229 EM 9.209648
M 37 N 47 OM 4.512598 EM 9.209648
M 37 N 48 OM 4.438964 EM 9.209648
M 37 N 49 OM 4.366379 EM 9.209648
M 37 N 50 OM 4.294897 EM 9.209648
M 38 N -50 OM 5.627101 EM 9.209648
M 38 N -49 OM 5.646072 EM 9.209648
M 38 N -48 OM 5.666745 EM 9.209648
M 38 N -47 OM 5.689101 EM 9.209648
M 38 N -46 OM 5.713120 EM 9.209648
M 38 N -45 OM 5.738781 EM 9.209648
M 38 N -44 OM 5.766062 EM 9.209648
M 38 N -43 OM 5.794940 EM 9.209648
M 38 N -42 OM 5.825393 EM 9.209648
M 38 N -41 OM 5.857395 EM 9.209648
M 38 N -40 OM 5.890920 EM 9.209648
M 38 N -39 OM 5.925943 EM 9.209648
M 38 N -38 OM 5.962438 EM 9.209648
M 38 N -37 OM 6.000378 EM 9.209648
M 38 N -36 OM 6.039735 EM 9.209648
M 38 N -35 OM 6.080483 EM 9.209648
M 38 N -34 OM 6.122592 EM 9.209648
M 38 N -33 OM 6.166036 EM 9.209648
M 38 N -32 OM 6.210787 EM 9.209648
M 38 N -31 OM 6.256815 EM 9.209648
M 38 N -30 OM 6.304094 EM 9.209648
M 38 N -29 OM 6.352596 EM 9.209648
M 38 N -28 OM 6.402292 EM 9.209648
M 38 N -27 OM 6.453155 EM 9.209648
M 38 N -26 OM 6.505157 EM 9.209648
M 38 N -25 OM 6.558273 EM 9.209648
M 38 N -24 OM 6.612473 EM 9.209648
M 38 N -23 OM 6.667734 EM 9.209648
M 38 N -22 OM 6.724027 EM 9.209648
M 38 N -21 OM 6.781328 EM 9.209648
M 38 N -20 OM 6.839611 EM 9.209648
M 38 N -19 OM 6.898850 EM 9.209648
M 38 N -18 OM 6.959023 EM 9.209648
M 38 N -17 OM 7.020105 EM 9.209648
M 38 N -16 OM 7.082072 EM 9.209648
M 38 N -15 OM 7.558056 EM 9.209648
M 38 N -14 OM 7.604307 EM 9.209648
M 38 N -13 OM 7.651585 EM 9.209648
M 38 N -12 OM 7.699871 EM 9.209648
M 38 N -11 OM 7.749147 EM 9.209648
M 38 N -10 OM 7.799394 EM 9.209648
M 38 N -9 OM 7.771914 EM 9.209648
M 38 N -8 OM 7.738186 EM 9.209648
M 38 N -7 OM 7.705608 EM 9.209648
M 38 N -6 OM 7.674194 EM 9.209648
M 38 N -5 OM 7.643960 EM 9.209648
M 38 N -4 OM 7.614919 EM 9.209648
M 38 N -3 OM 7.587085 EM 9.209648
M 38 N -2 OM 7.560471 EM 9.209648
M 38 N -1 OM 7.535091 EM 9.209648
M 38 N 0 OM 7.510956 EM 9.209648
M 38 N 1 OM 7.488079 EM 9.209648
M 38 N 2 OM 7.466471 EM 9.209648
M 38 N 3 OM 7.446144 EM 9.209648
M 38 N 4 OM 7.427107 EM 9.209648
M 38 N 5 OM 7.409372 EM 9.209648
M 38 N 6 OM 7.392947 EM 9.209648
M 38 N 7 OM 7.377840 EM 9.209648
M 38 N 8 OM 7.364061 EM 9.209648
M 38 N 9 OM 7.351616 EM 9.209648
M 38 N 10 OM 7.340513 EM 9.209648
M 38 N 11 OM 7.330757 EM 9.209648
M 38 N 12 OM 7.322353 EM 9.209648
M 38 N 13 OM 7.315308 EM 9.209648
M 38 N 14 OM 7.309623 EM 9.209648
M 38 N 15 OM 7.277133 EM 9.209648
M 38 N 16 OM 7.232395 EM 9.209648
M 38 N 17 OM 7.188769 EM 9.209648
M 38 N 18 OM 7.146277 EM 9.209648
M 38 N 19 OM 7.104938 EM 9.209648
M 38 N 20 OM 7.064772 EM 9.209648
M 38 N 21 OM 7.025801 EM 9.209648
M 38 N 22 OM 6.988043 EM 9.209648
M 38 N 23 OM 6.951519 EM 9.209648
M 38 N 24 OM 6.916247 EM 9.209648
M 38 N 25 OM 6.882248 EM 9.209648
M 38 N 26 OM 6.849541 EM 9.209648
M 38 N 27 OM 6.818143 EM 9.209648
M 38 N 28 OM 6.788074 EM 9.209648
M 38 N 29 OM 6.759350 EM 9.209648
M 38 N 30 OM 6.731989 EM 9.209648
M 38 N 31 OM 6.706008 EM 9.209648
M 38 N 32 OM 6.681423 EM 9.209648
M 38 N 33 OM 6.658249 EM 9.209648
M 38 N 34 OM 6.636501 EM 9.209648
M 38 N 35 OM 6.616193 EM 9.209648
M 38 N 36 OM 5.423117 EM 9.209648
M 38 N 37 OM 5.341448 EM 9.209648
M 38 N 38 OM 5.260412 EM 9.209648
M 38 N 39 OM 5.180038 EM 9.209648
M 38 N 40 OM 5.100359 EM 9.209648
M 38 N 41 OM 5.021408 EM 9.209648
M 38 N 42 OM 4.943218 EM 9.209648
M 38 N 43 OM 4.865826 EM 9.209648
M 38 N 44 OM 4.789273 EM 9.209648
M 38 N 45 OM 4.713598 EM 9.209648
M 38 N 46 OM 4.638844 EM 9.209648
M 38 N 47 OM 4.565056 EM 9.209648
M 38 N 48 OM 4.492282 EM 9.209648
M 38 N 49 OM 4.420573 EM 9.209648
M 38 N 50 OM 4.349981 EM 9.209648
M 39 N -50 OM 5.551331 EM 9.209648
M 39 N -49 OM 5.570560 EM 9.209648
M 39 N -48 OM 5.591512 EM 9.209648
M 39 N -47 OM 5.614167 EM 9.209648
M 39 N -46 OM 5.638505 EM 9.209648
M 39 N -45 OM 5.664504 EM 9.209648
M 39 N -44 OM 5.692141 EM 9.209648
M 39 N -43 OM 5.721393 EM 9.209648
M 39 N -42 OM 5.752235 EM 9.209648
M 39 N -41 OM 5.784641 EM 9.209648
M 39 N -40 OM 5.818585 EM 9.209648
M 39 N -39 OM 5.854042 EM 9.209648
M 39 N -38 OM 5.890983 EM 9.209648
M 39 N -37 OM 5.929379 EM 9.209648
M 39 N -36 OM 5.969205 EM 9.209648
M 39 N -35 OM 6.010430 EM 9.209648
M 39 N -34 OM 6.053028 EM 9.209648
M 39 N -33 OM 6.096967 EM 9.209648
M 39 N -32 OM 6.142220 EM 9.209648
M 39 N -31 OM 6.188759 EM 9.209648
M 39 N -30 OM 6.236554 EM 9.209648
M 39 N -29 OM 6.285576 EM 9.209648
M 39 N -28 OM 6.335798 EM 9.209648
M 39 N -27 OM 6.387191 EM 9.209648
M 39 N -26 OM 6.439726 EM 9.209648
M 39 N -25 OM 6.493377 EM 9.209648
M 39 N -24 OM 6.548115 EM 9.209648
M 39 N -23 OM 6.603914 EM 9.209648
M 39 N -22 OM 6.660747 EM 9.209648
M 39 N -21 OM 6.718587 EM 9.209648
M 39 N -20 OM 6.777410 EM 9.209648
M 39 N -19 OM 6.837188 EM 9.209648
M 39 N -18 OM 6.897899 EM 9.209648
M 39 N -17 OM 6.959517 EM 9.209648
M 39 N -16 OM 7.022018 EM 9.209648
M 39 N -15 OM 7.469431 EM 9.209648
M 39 N -14 OM 7.516227 EM 9.209648
M 39 N -13 OM 7.564056 EM 9.209648
M 39 N -12 OM 7.612897 EM 9.209648
M 39 N -11 OM 7.662733 EM 9.209648
M 39 N -10 OM 7.713542 EM 9.209648
M 39 N -9 OM 7.697302 EM 9.209648
M 39 N -8 OM 7.663245 EM 9.209648
M 39 N -7 OM 7.630347 EM 9.209648
M 39 N -6 OM 7.598622 EM 9.209648
M 39 N -5 OM 7.568086 EM 9.209648
M 39 N -4 OM 7.538753 EM 9.209648
M 39 N -3 OM 7.510636 EM 9.209648
M 39 N -2 OM 7.483751 EM 9.209648
M 39 N -1 OM 7.458109 EM 9.209648
M 39 N 0 OM 7.433724 EM 9.209648
M 39 N 1 OM 7.410609 EM 9.209648
M 39 N 2 OM 7.388774 EM 9.209648
M 39 N 3 OM 7.368233 EM 9.209648
M 39 N 4 OM 7.348995 EM 9.209648
M 39 N 5 OM 7.331070 EM 9.209648
M 39 N 6 OM 7.314469 EM 9.209648
M 39 N 7 OM 7.299200 EM 9.209648
M 39 N 8 OM 7.285272 EM 9.209648
M 39 N 9 OM 7.272693 EM 9.209648
M 39 N 10 OM 7.261468 EM 9.209648
M 39 N 11 OM 7.251606 EM 9.209648
M 39 N 12 OM 7.243111 EM 9.209648
M 39 N 13 OM 7.235988 EM 9.209648
M 39 N 14 OM 7.230241 EM 9.209648
M 39 N 15 OM 7.188690 EM 9.209648
M 39 N 16 OM 7.143398 EM 9.209648
M 39 N 17 OM 7.099226 EM 9.209648
M 39 N 18 OM 7.056194 EM 9.209648
M 39 N 19 OM 7.014324 EM 9.209648
M 39 N 20 OM 6.973636 EM 9.209648
M 39 N 21 OM 6.934153 EM 9.209648
M 39 N 22 OM 6.895893 EM 9.209648
M 39 N 23 OM 6.858878 EM 9.209648
M 39 N 24 OM 6.823127 EM 9.209648
M 39 N 25 OM 6.788662 EM 9.209648
M 39 N 26 OM 6.755502 EM 9.209648
M 39 N 27 OM 6.723665 EM 9.209648
M 39 N 28 OM 6.693171 EM 9.209648
M 39 N 29 OM 6.664038 EM 9.209648
M 39 N 30 OM 6.636284 EM 9.209648
M 39 N 31 OM 6.609927 EM 9.209648
M 39 N 32 OM 6.584983 EM 9.209648
M 39 N 33 OM 6.561469 EM 9.209648
M 39 N 34 OM 6.539399 EM 9.209648
M 39 N 35 OM 6.518789 EM 9.209648
M 39 N 36 OM 5.468674 EM 9.209648
M 39 N 37 OM 5.387696 EM 9.209648
M 39 N 38 OM 5.307366 EM 9.209648
M 39 N 39 OM 5.227715 EM 9.209648
M 39 N 40 OM 5.148774 EM 9.209648
M 39 N 41 OM 5.070575 EM 9.209648
M 39 N 42 OM 4.993156 EM 9.209648
M 39 N 43 OM 4.916551 EM 9.209648
M 39 N 44 OM 4.840799 EM 9.209648
M 39 N 45 OM 4.765942 EM 9.209648
M 39 N 46 OM 4.692022 EM 9.209648
M 39 N 47 OM 4.619084 EM 9.209648
M 39 N 48 OM 4.547175 EM 9.209648
M 39 N 49 OM 4.476346 EM 9.209648
M 39 N 50 OM 4.406647 EM 9.209648
M 40 N -50 OM 5.476337 EM 9.209648
M 40 N -49 OM 5.495829 EM 9.209648
M 40 N -48 OM 5.517065 EM 9.209648
M 40 N -47 OM 5.540024 EM 9.209648
M 40 N -46 OM 5.564687 EM 9.209648
M 40 N -45 OM 5.591029 EM 9.209648
M 40 N -44 OM 5.619027 EM 9.209648
M 40 N -43 OM 5.648658 EM 9.209648
M 40 N -42 OM 5.679895 EM 9.209648
M 40 N -41 OM 5.712711 EM 9.209648
M 40 N -40 OM 5.747080 EM 9.209648
M 40 N -39 OM 5.782975 EM 9.209648
M 40 N -38 OM 5.820367 EM 9.209648
M 40 N -37 OM 5.859227 EM 9.209648
M 40 N -36 OM 5.899526 EM 9.209648
M 40 N -35 OM 5.941235 EM 9.209648
M 40 N -34 OM 5.984324 EM 9.209648
M 40 N -33 OM 6.028765 EM 9.209648
M 40 N -32 OM 6.074526 EM 9.209648
M 40 N -31 OM 6.121580 EM 9.209648
M 40 N -30 OM 6.169895 EM 9.209648
M 40 N -29 OM 6.219443 EM 9.209648
M 40 N -28 OM 6.270195 EM 9.209648
M 40 N -27 OM 6.322120 EM 9.209648
M 40 N -26 OM 6.375192 EM 9.209648
M 40 N -25 OM 6.429381 EM 9.209648
M 40 N -24 OM 6.484659 EM 9.209648
M 40 N -23 OM 6.540999 EM 9.209648
M 40 N -22 OM 6.598374 EM 9.209648
M 40 N -21 OM 6.656756 EM 9.209648
M 40 N -20 OM 6.716120 EM 9.209648
M 40 N -19 OM 6.776440 EM 9.209648
M 40 N -18 OM 6.837690 EM 9.209648
M 40 N -17 OM 6.899846 EM 9.209648
M 40 N -16 OM 6.962883 EM 9.209648
M 40 N -15 OM 7.381098 EM 9.209648
M 40 N -14 OM 7.428451 EM 9.209648
M 40 N -13 OM 7.476841 EM 9.209648
M 40 N -12 OM 7.526248 EM 9.209648
M 40 N -11 OM 7.576654 EM 9.209648
M 40 N -10 OM 7.628037 EM 9.209648
M 40 N -9 OM 7.623271 EM 9.209648
M 40 N -8 OM 7.588882 EM 9.209648
M 40 N -7 OM 7.555660 EM 9.209648
M 40 N -6 OM 7.523620 EM 9.209648
M 40 N -5 OM 7.492778 EM 9.209648
M 40 N -4 OM 7.463149 EM 9.209648
M 40 N -3 OM 7.434747 EM 9.209648
M 40 N -2 OM 7.407586 EM 9.209648
M 40 N -1 OM 7.381680 EM 9.209648
M 40 N 0 OM 7.357041 EM 9.209648
M 40 N 1 OM 7.333684 EM 9.209648
M 40 N 2 OM 7.311620 EM 9.209648
M 40 N 3 OM 7.290862 EM 9.209648
M 40 N 4 OM 7.271419 EM 9.209648
M 40 N 5 OM 7.253302 EM 9.209648
M 40 N 6 OM 7.236523 EM 9.209648
M 40 N 7 OM 7.221089 EM 9.209648
M 40 N 8 OM 7.207010 EM 9.209648
M 40 N 9 OM 7.194293 EM 9.209648
M 40 N 10 OM 7.182947 EM 9.209648
M 40 N 11 OM 7.172977 EM 9.209648
M 40 N 12 OM 7.164388 EM 9.209648
M 40 N 13 OM 7.157187 EM 9.209648
M 40 N 14 OM 7.147518 EM 9.209648
M 40 N 15 OM 7.100555 EM 9.209648
M 40 N 16 OM 7.054697 EM 9.209648
M 40 N 17 OM 7.009965 EM 9.209648
M 40 N 18 OM 6.966382 EM 9.209648
M 40 N 19 OM 6.923969 EM 9.209648
M 40 N 20 OM 6.882747 EM 9.209648
M 40 N 21 OM 6.842739 EM 9.209648
M 40 N 22 OM 6.803965 EM 9.209648
M 40 N 23 OM 6.766447 EM 9.209648
M 40 N 24 OM 6.730206 EM 9.209648
M 40 N 25 OM 6.695262 EM 9.209648
M 40 N 26 OM 6.661637 EM 9.209648
M 40 N 27 OM 6.629350 EM 9.209648
M 40 N 28 OM 6.598420 EM 9.209648
M 40 N 29 OM 6.568867 EM 9.209648
M 40 N 30 OM 6.540709 EM 9.209648
M 40 N 31 OM 6.513965 EM 9.209648
M 40 N 32 OM 6.488652 EM 9.209648
M 40 N 33 OM 6.464787 EM 9.209648
M 40 N 34 OM 6.442386 EM 9.209648
M 40 N 35 OM 6.421465 EM 9.209648
M 40 N 36 OM 5.515668 EM 9.209648
M 40 N 37 OM 5.435390 EM 9.209648
M 40 N 38 OM 5.355776 EM 9.209648
M 40 N 39 OM 5.276855 EM 9.209648
M 40 N 40 OM 5.198660 EM 9.209648
M 40 N 41 OM 5.121224 EM 9.209648
M 40 N 42 OM 5.044581 EM 9.209648
M 40 N 43 OM 4.968769 EM 9.209648
M 40 N 44 OM 4.893826 EM 9.209648
M 40 N 45 OM 4.819793 EM 9.209648
M 40 N 46 OM 4.746711 EM 9.209648
M 40 N 47 OM 4.674627 EM 9.209648
M 40 N 48 OM 4.603586 EM 9.209648
M 40 N 49 OM 4.533638 EM 9.209648
M 40 N 50 OM 4.464833 EM 9.209648
M 41 N -50 OM 5.402154 EM 9.209648
M 41 N -49 OM 5.421913 EM 9.209648
M 41 N -48 OM 5.443437 EM 9.209648
M 41 N -47 OM 5.466706 EM 9.209648
M 41 N -46 OM 5.491697 EM 9.209648
M 41 N -45 OM 5.518388 EM 9.209648
M 41 N -44 OM 5.546753 EM 9.209648
M 41 N -43 OM 5.576768 EM 9.209648
M 41 N -42 OM 5.608405 EM 9.209648
M 41 N -41 OM 5.641637 EM 9.209648
M 41 N -40 OM 5.676437 EM 9.209648
M 41 N -39 OM 5.712776 EM 9.209648
M 41 N -38 OM 5.750624 EM 9.209648
M 41 N -37 OM 5.789952 EM 9.209648
M 41 N -36 OM 5.830729 EM 9.209648
M 41 N -35 OM 5.872927 EM 9.209648
M 41 N -34 OM 5.916514 EM 9.209648
M 41 N -33 OM 5.961460 EM 9.209648
M 41 N -32 OM 6.007734 EM 9.209648
M 41 N -31 OM 6.055307 EM 9.209648
M 41 N -30 OM 6.104146 EM 9.209648
M 41 N -29 OM 6.154224 EM 9.209648
M 41 N -28 OM 6.205509 EM 9.209648
M 41 N -27 OM 6.257971 EM 9.209648
M 41 N -26 OM 6.311583 EM 9.209648
M 41 N -25 OM 6.366313 EM 9.209648
M 41 N -24 OM 6.422134 EM 9.209648
M 41 N -23 OM 6.479018 EM 9.209648
M 41 N -22 OM 6.536937 EM 9.209648
M 41 N -21 OM 6.595863 EM 9.209648
M 41 N -20 OM 6.655770 EM 9.209648
M 41 N -19 OM 6.716631 EM 9.209648
M 41 N -18 OM 6.778422 EM 9.209648
M 41 N -17 OM 6.841116 EM 9.209648
M 41 N -16 OM 6.904690 EM 9.209648
M 41 N -15 OM 7.293066 EM 9.209648
M 41 N -14 OM 7.340986 EM 9.209648
M 41 N -13 OM 7.389949 EM 9.209648
M 41 N -12 OM 7.439933 EM 9.209648
M 41 N -11 OM 7.490920 EM 9.209648
M 41 N -10 OM 7.542887 EM 9.209648
M 41 N -9 OM 7.549838 EM 9.209648
M 41 N -8 OM 7.515113 EM 9.209648
M 41 N -7 OM 7.481563 EM 9.209648
M 41 N -6 OM 7.449205 EM 9.209648
M 41 N -5 OM 7.418054 EM 9.209648
M 41 N -4 OM 7.388125 EM 9.209648
M 41 N -3 OM 7.359433 EM 9.209648
M 41 N -2 OM 7.331993 EM 9.209648
M 41 N -1 OM 7.305819 EM 9.209648
M 41 N 0 OM 7.280924 EM 9.209648
M 41 N 1 OM 7.257322 EM 9.209648
M 41 N 2 OM 7.235025 EM 9.209648
M 41 N 3 OM 7.214046 EM 9.209648
M 41 N 4 OM 7.194395 EM 9.209648
M 41 N 5 OM 7.176085 EM 9.209648
M 41 N 6 OM 7.159124 EM 9.209648
M 41 N 7 OM 7.143523 EM 9.209648
M 41 N 8 OM 7.129291 EM 9.209648
M 41 N 9 OM 7.116436 EM 9.209648
M 41 N 10 OM 7.104965 EM 9.209648
M 41 N 11 OM 7.094884 EM 9.209648
M 41 N 12 OM 7.086202 EM 9.209648
M 41 N 13 OM 7.078921 EM 9.209648
M 41 N 14 OM 7.060284 EM 9.209648
M 41 N 15 OM 7.012737 EM 9.209648
M 41 N 16 OM 6.966300 EM 9.209648
M 41 N 17 OM 6.920998 EM 9.209648
M 41 N 18 OM 6.876851 EM 9.209648
M 41 N 19 OM 6.833882 EM 9.209648
M 41 N 20 OM 6.792113 EM 9.209648
M 41 N 21 OM 6.751568 EM 9.209648
M 41 N 22 OM 6.712268 EM 9.209648
M 41 N 23 OM 6.674234 EM 9.209648
M 41 N 24 OM 6.637490 EM 9.209648
M 41 N 25 OM 6.602056 EM 9.209648
M 41 N 26 OM 6.567953 EM 9.209648
M 41 N 27 OM 6.535203 EM 9.209648
M 41 N 28 OM 6.503825 EM 9.209648
M 41 N 29 OM 6.473840 EM 9.209648
M 41 N 30 OM 6.445268 EM 9.209648
M 41 N 31 OM 6.418126 EM 9.209648
M 41 N 32 OM 6.392434 EM 9.209648
M 41 N 33 OM 6.368208 EM 9.209648
M 41 N 34 OM 6.345466 EM 9.209648
M 41 N 35 OM 6.324224 EM 9.209648
M 41 N 36 OM 5.564063 EM 9.209648
M 41 N 37 OM 5.484493 EM 9.209648
M 41 N 38 OM 5.405602 EM 9.209648
M 41 N 39 OM 5.327419 EM 9.209648
M 41 N 40 OM 5.249978 EM 9.209648
M 41 N 41 OM 5.173310 EM 9.209648
M 41 N 42 OM 5.097451 EM 9.209648
M 41 N 43 OM 5.022437 EM 9.209648
M 41 N 44 OM 4.948306 EM 9.209648
M 41 N 45 OM 4.875100 EM 9.209648
M 41 N 46 OM 4.802861 EM 9.209648
M 41 N 47 OM 4.731631 EM 9.209648
M 41 N 48 OM 4.661459 EM 9.209648
M 41 N 49 OM 4.592392 EM 9.209648
M 41 N 50 OM 4.524482 EM 9.209648
M 42 N -50 OM 5.328815 EM 9.209648
M 42 N -49 OM 5.348845 EM 9.209648
M 42 N -48 OM 5.370661 EM 9.209648
M 42 N -47 OM 5.394244 EM 9.209648
M 42 N -46 OM 5.419570 EM 9.209648
M 42 N -45 OM 5.446614 EM 9.209648
M 42 N -44 OM 5.475351 EM 9.209648
M 42 N -43 OM 5.505755 EM 9.209648
M 42 N -42 OM 5.537798 EM 9.209648
M 42 N -41 OM 5.571451 EM 9.209648
M 42 N -40 OM 5.606687 EM 9.209648
M 42 N -39 OM 5.643475 EM 9.209648
M 42 N -38 OM 5.681784 EM 9.209648
M 42 N -37 OM 5.721585 EM 9.209648
M 42 N -36 OM 5.762847 EM 9.209648
M 42 N -35 OM 5.805538 EM 9.209648
M 42 N -34 OM 5.849627 EM 9.209648
M 42 N -33 OM 5.895083 EM 9.209648
M 42 N -32 OM 5.941875 EM 9.209648
M 42 N -31 OM 5.989970 EM 9.209648
M 42 N -30 OM 6.039338 EM 9.209648
M 42 N -29 OM 6.089948 EM 9.209648
M 42 N -28 OM 6.141770 EM 9.209648
M 42 N -27 OM 6.194772 EM 9.209648
M 42 N -26 OM 6.248926 EM 9.209648
M 42 N -25 OM 6.304200 EM 9.209648
M 42 N -24 OM 6.360567 EM 9.209648
M 42 N -23 OM 6.417996 EM 9.209648
M 42 N -22 OM 6.476460 EM 9.209648
M 42 N -21 OM 6.535932 EM 9.209648
M 42 N -20 OM 6.596384 EM 9.209648
M 42 N -19 OM 6.657788 EM 9.209648
M 42 N -18 OM 6.720119 EM 9.209648
M 42 N -17 OM 6.783353 EM 9.209648
M 42 N -16 OM 6.847462 EM 9.209648
M 42 N -15 OM 7.205346 EM 9.209648
M 42 N -14 OM 7.253846 EM 9.209648
M 42 N -13 OM 7.303392 EM 9.209648
M 42 N -12 OM 7.353966 EM 9.209648
M 42 N -11 OM 7.405543 EM 9.209648
M 42 N -10 OM 7.458106 EM 9.209648
M 42 N -9 OM 7.477022 EM 9.209648
M 42 N -8 OM 7.441957 EM 9.209648
M 42 N -7 OM 7.408076 EM 9.209648
M 42 N -6 OM 7.375395 EM 9.209648
M 42 N -5 OM 7.343931 EM 9.209648
M 42 N -4 OM 7.313699 EM 9.209648
M 42 N -3 OM 7.284714 EM 9.209648
M 42 N -2 OM 7.256991 EM 9.209648
M 42 N -1 OM 7.230546 EM 9.209648
M 42 N 0 OM 7.205391 EM 9.209648
M 42 N 1 OM 7.181540 EM 9.209648
M 42 N 2 OM 7.159008 EM 9.209648
M 42 N 3 OM 7.137805 EM 9.209648
M 42 N 4 OM 7.117944 EM 9.209648
M 42 N 5 OM 7.099436 EM 9.209648
M 42 N 6 OM 7.082292 EM 9.209648
M 42 N 7 OM 7.066521 EM 9.209648
M 42 N 8 OM 7.052134 EM 9.209648
M 42 N 9 OM 7.039137 EM 9.209648
M 42 N 10 OM 7.027540 EM 9.209648
M 42 N 11 OM 7.017349 EM 9.209648
M 42 N 12 OM 7.008570 EM 9.209648
M 42 N 13 OM 7.001209 EM 9.209648
M 42 N 14 OM 6.973393 EM 9.209648
M 42 N 15 OM 6.925249 EM 9.209648
M 42 N 16 OM 6.878222 EM 9.209648
M 42 N 17 OM 6.832335 EM 9.209648
M 42 N 18 OM 6.787612 EM 9.209648
M 42 N 19 OM 6.744074 EM 9.209648
M 42 N 20 OM 6.701746 EM 9.209648
M 42 N 21 OM 6.660651 EM 9.209648
M 42 N 22 OM 6.620811 EM 9.209648
M 42 N 23 OM 6.582250 EM 9.209648
M 42 N 24 OM 6.544988 EM 9.209648
M 42 N 25 OM 6.509051 EM 9.209648
M 42 N 26 OM 6.474458 EM 9.209648
M 42 N 27 OM 6.441232 EM 9.209648
M 42 N 28 OM 6.409395 EM 9.209648
M 42 N 29 OM 6.378966 EM 9.209648
M 42 N 30 OM 6.349967 EM 9.209648
M 42 N 31 OM 6.322416 EM 9.209648
M 42 N 32 OM 6.296333 EM 9.209648
M 42 N 33 OM 6.271736 EM 9.209648
M 42 N 34 OM 6.248643 EM 9.209648
M 42 N 35 OM 6.227071 EM 9.209648
M 42 N 36 OM 5.613822 EM 9.209648
M 42 N 37 OM 5.534967 EM 9.209648
M 42 N 38 OM 5.456806 EM 9.209648
M 42 N 39 OM 5.379367 EM 9.209648
M 42 N 40 OM 5.302685 EM 9.209648
M 42 N 41 OM 5.226790 EM 9.209648
M 42 N 42 OM 5.151719 EM 9.209648
M 42 N 43 OM 5.077506 EM 9.209648
M 42 N 44 OM 5.004192 EM 9.209648
M 42 N 45 OM 4.931815 EM 9.209648
M 42 N 46 OM 4.860419 EM 9.209648
M 42 N 47 OM 4.790045 EM 9.209648
M 42 N 48 OM 4.720741 EM 9.209648
M 42 N 49 OM 4.652555 EM 9.209648
M 42 N 50 OM 4.585536 EM 9.209648
M 43 N -50 OM 5.256355 EM 9.209648
M 43 N -49 OM 5.276659 EM 9.209648
M 43 N -48 OM 5.298773 EM 9.209648
M 43 N -47 OM 5.322675 EM 9.209648
M 43 N -46 OM 5.348339 EM 9.209648
M 43 N -45 OM 5.375742 EM 9.209648
M 43 N -44 OM 5.404856 EM 9.209648
M 43 N -43 OM 5.435654 EM 9.209648
M 43 N -42 OM 5.468108 EM 9.209648
M 43 N -41 OM 5.502187 EM 9.209648
M 43 N -40 OM 5.537864 EM 9.209648
M 43 N -39 OM 5.575106 EM 9.209648
M 43 N -38 OM 5.613882 EM 9.209648
M 43 N -37 OM 5.654161 EM 9.209648
M 43 N -36 OM 5.695911 EM 9.209648
M 43 N -35 OM 5.739100 EM 9.209648
M 43 N -34 OM 5.783696 EM 9.209648
M 43 N -33 OM 5.829666 EM 9.209648
M 43 N -32 OM 5.876978 EM 9.209648
M 43 N -31 OM 5.925600 EM 9.209648
M 43 N -30 OM 5.975500 EM 9.209648
M 43 N -29 OM 6.026647 EM 9.209648
M 43 N -28 OM 6.079008 EM 9.209648
M 43 N -27 OM 6.132553 EM 9.209648
M 43 N -26 OM 6.187251 EM 9.209648
M 43 N -25 OM 6.243071 EM 9.209648
M 43 N -24 OM 6.299984 EM 9.209648
M 43 N -23 OM 6.357961 EM 9.209648
M 43 N -22 OM 6.416973 EM 9.209648
M 43 N -21 OM 6.476990 EM 9.209648
M 43 N -20 OM 6.537987 EM 9.209648
M 43 N -19 OM 6.599934 EM 9.209648
M 43 N -18 OM 6.662807 EM 9.209648
M 43 N -17 OM 6.726579 EM 9.209648
M 43 N -16 OM 6.791225 EM 9.209648
M 43 N -15 OM 7.117949 EM 9.209648
M 43 N -14 OM 7.167040 EM 9.209648
M 43 N -13 OM 7.217184 EM 9.209648
M 43 N -12 OM 7.268356 EM 9.209648
M 43 N -11 OM 7.320538 EM 9.209648
M 43 N -10 OM 7.373706 EM 9.209648
M 43 N -9 OM 7.404840 EM 9.209648
M 43 N -8 OM 7.369431 EM 9.209648
M 43 N -7 OM 7.335216 EM 9.209648
M 43 N -6 OM 7.302209 EM 9.209648
M 43 N -5 OM 7.270428 EM 9.209648
M 43 N -4 OM 7.239889 EM 9.209648
M 43 N -3 OM 7.210607 EM 9.209648
M 43 N -2 OM 7.182599 EM 9.209648
M 43 N -1 OM 7.155878 EM 9.209648
M 43 N 0 OM 7.130459 EM 9.209648
M 43 N 1 OM 7.106358 EM 9.209648
M 43 N 2 OM 7.083586 EM 9.209648
M 43 N 3 OM 7.062157 EM 9.209648
M 43 N 4 OM 7.042082 EM 9.209648
M 43 N 5 OM 7.023375 EM 9.209648
M 43 N 6 OM 7.006044 EM 9.209648
M 43 N 7 OM 6.990101 EM 9.209648
M 43 N 8 OM 6.975556 EM 9.209648
M 43 N 9 OM 6.962417 EM 9.209648
M 43 N 10 OM 6.950692 EM 9.209648
M 43 N 11 OM 6.940388 EM 9.209648
M 43 N 12 OM 6.931511 EM 9.209648
M 43 N 13 OM 6.924068 EM 9.209648
M 43 N 14 OM 6.886857 EM 9.209648
M 43 N 15 OM 6.838104 EM 9.209648
M 43 N 16 OM 6.790474 EM 9.209648
M 43 N 17 OM 6.743990 EM 9.209648
M 43 N 18 OM 6.698677 EM 9.209648
M 43 N 19 OM 6.654557 EM 9.209648
M 43 N 20 OM 6.611656 EM 9.209648
M 43 N 21 OM 6.569997 EM 9.209648
M 43 N 22 OM 6.529604 EM 9.209648
M 43 N 23 OM 6.490501 EM 9.209648
M 43 N 24 OM 6.452710 EM 9.209648
M 43 N 25 OM 6.416255 EM 9.209648
M 43 N 26 OM 6.381160 EM 9.209648
M 43 N 27 OM 6.347446 EM 9.209648
M 43 N 28 OM 6.315135 EM 9.209648
M 43 N 29 OM 6.284250 EM 9.209648
M 43 N 30 OM 6.254812 EM 9.209648
M 43 N 31 OM 6.226840 EM 9.209648
M 43 N 32 OM 6.200355 EM 9.209648
M 43 N 33 OM 6.175376 EM 9.209648
M 43 N 34 OM 6.151921 EM 9.209648
M 43 N 35 OM 6.130008 EM 9.209648
M 43 N 36 OM 5.664909 EM 9.209648
M 43 N 37 OM 5.586776 EM 9.209648
M 43 N 38 OM 5.509350 EM 9.209648
M 43 N 39 OM 5.432660 EM 9.209648
M 43 N 40 OM 5.356740 EM 9.209648
M 43 N 41 OM 5.281623 EM 9.209648
M 43 N 42 OM 5.207342 EM 9.209648
M 43 N 43 OM 5.133933 EM 9.209648
M 43 N 44 OM 5.061436 EM 9.209648
M 43 N 45 OM 4.989890 EM 9.209648
M 43 N 46 OM 4.919336 EM 9.209648
M 43 N 47 OM 4.849818 EM 9.209648
M 43 N 48 OM 4.781381 EM 9.209648
M 43 N 49 OM 4.714071 EM 9.209648
M 43 N 50 OM 4.647939 EM 9.209648
M 44 N -50 OM 5.184811 EM 9.209648
M 44 N -49 OM 5.205395 EM 9.209648
M 44 N -48 OM 5.227810 EM 9.209648
M 44 N -47 OM 5.252035 EM 9.209648
M 44 N -46 OM 5.278043 EM 9.209648
M 44 N -45 OM 5.305808 EM 9.209648
M 44 N -44 OM 5.335304 EM 9.209648
M 44 N -43 OM 5.366501 EM 9.209648
M 44 N -42 OM 5.399371 EM 9.209648
M 44 N -41 OM 5.433882 EM 9.209648
M 44 N -40 OM 5.470003 EM 9.209648
M 44 N -39 OM 5.507704 EM 9.209648
M 44 N -38 OM 5.546951 EM 9.209648
M 44 N -37 OM 5.587713 EM 9.209648
M 44 N -36 OM 5.629956 EM 9.209648
M 44 N -35 OM 5.673647 EM 9.209648
M 44 N -34 OM 5.718753 EM 9.209648
M 44 N -33 OM 5.765241 EM 9.209648
M 44 N -32 OM 5.813077 EM 9.209648
M 44 N -31 OM 5.862230 EM 9.209648
M 44 N -30 OM 5.912664 EM 9.209648
M 44 N -29 OM 5.964350 EM 9.209648
M 44 N -28 OM 6.017253 EM 9.209648
M 44 N -27 OM 6.071342 EM 9.209648
M 44 N -26 OM 6.126587 EM 9.209648
M 44 N -25 OM 6.182955 EM 9.209648
M 44 N -24 OM 6.240417 EM 9.209648
M 44 N -23 OM 6.298942 EM 9.209648
M 44 N -22 OM 6.358501 EM 9.209648
M 44 N -21 OM 6.419065 EM 9.209648
M 44 N -20 OM 6.480608 EM 9.209648
M 44 N -19 OM 6.543098 EM 9.209648
M 44 N -18 OM 6.606512 EM 9.209648
M 44 N -17 OM 6.670822 EM 9.209648
M 44 N -16 OM 6.736003 EM 9.209648
M 44 N -15 OM 7.030890 EM 9.209648
M 44 N -14 OM 7.080585 EM 9.209648
M 44 N -13 OM 7.131335 EM 9.209648
M 44 N -12 OM 7.183119 EM 9.209648
M 44 N -11 OM 7.235916 EM 9.209648
M 44 N -10 OM 7.289701 EM 9.209648
M 44 N -9 OM 7.333311 EM 9.209648
M 44 N -8 OM 7.297556 EM 9.209648
M 44 N -7 OM 7.263001 EM 9.209648
M 44 N -6 OM 7.229665 EM 9.209648
M 44 N -5 OM 7.197564 EM 9.209648
M 44 N -4 OM 7.166714 EM 9.209648
M 44 N -3 OM 7.137132 EM 9.209648
M 44 N -2 OM 7.108834 EM 9.209648
M 44 N -1 OM 7.081835 EM 9.209648
M 44 N 0 OM 7.056150 EM 9.209648
M 44 N 1 OM 7.031794 EM 9.209648
M 44 N 2 OM 7.008780 EM 9.209648
M 44 N 3 OM 6.987121 EM 9.209648
M 44 N 4 OM 6.966830 EM 9.209648
M 44 N 5 OM 6.947920 EM 9.209648
M 44 N 6 OM 6.930401 EM 9.209648
M 44 N 7 OM 6.914284 EM 9.209648
M 44 N 8 OM 6.899579 EM 9.209648
M 44 N 9 OM 6.886295 EM 9.209648
M 44 N 10 OM 6.874440 EM 9.209648
M 44 N 11 OM 6.864021 EM 9.209648
M 44 N 12 OM 6.855046 EM 9.209648
M 44 N 13 OM 6.847519 EM 9.209648
M 44 N 14 OM 6.800692 EM 9.209648
M 44 N 15 OM 6.751316 EM 9.209648
M 44 N 16 OM 6.703069 EM 9.209648
M 44 N 17 OM 6.655975 EM 9.209648
M 44 N 18 OM 6.610058 EM 9.209648
M 44 N 19 OM 6.565344 EM 9.209648
M 44 N 20 OM 6.521856 EM 9.209648
M 44 N 21 OM 6.479620 EM 9.209648
M 44 N 22 OM 6.438660 EM 9.209648
M 44 N 23 OM 6.399000 EM 9.209648
M 44 N 24 OM 6.360666 EM 9.209648
M 44 N 25 OM 6.323681 EM 9.209648
M 44 N 26 OM 6.288068 EM 9.209648
M 44 N 27 OM 6.253852 EM 9.209648
M 44 N 28 OM 6.221056 EM 9.209648
M 44 N 29 OM 6.189702 EM 9.209648
M 44 N 30 OM 6.159811 EM 9.209648
M 44 N 31 OM 6.131406 EM 9.209648
M 44 N 32 OM 6.104507 EM 9.209648
M 44 N 33 OM 6.079134 EM 9.209648
M 44 N 34 OM 6.055306 EM 9.209648
M 44 N 35 OM 6.033043 EM 9.209648
M 44 N 36 OM 5.717289 EM 9.209648
M 44 N 37 OM 5.639882 EM 9.209648
M 44 N 38 OM 5.563195 EM 9.209648
M 44 N 39 OM 5.487258 EM 9.209648
M 44 N 40 OM 5.412104 EM 9.209648
M 44 N 41 OM 5.337765 EM 9.209648
M 44 N 42 OM 5.264276 EM 9.209648
M 44 N 43 OM 5.191673 EM 9.209648
M 44 N 44 OM 5.119994 EM 9.209648
M 44 N 45 OM 5.049278 EM 9.209648
M 44 N 46 OM 4.979565 EM 9.209648
M 44 N 47 OM 4.910900 EM 9.209648
M 44 N 48 OM 4.843326 EM 9.209648
M 44 N 49 OM 4.776889 EM 9.209648
M 44 N 50 OM 4.711638 EM 9.209648
M 45 N -50 OM 5.114223 EM 9.209648
M 45 N -49 OM 5.135088 EM 9.209648
M 45 N -48 OM 5.157810 EM 9.209648
M 45 N -47 OM 5.182361 EM 9.209648
M 45 N -46 OM 5.208717 EM 9.209648
M 45 N -45 OM 5.236850 EM 9.209648
M 45 N -44 OM 5.266732 EM 9.209648
M 45 N -43 OM 5.298333 EM 9.209648
M 45 N -42 OM 5.331623 EM 9.209648
M 45 N -41 OM 5.366570 EM 9.209648
M 45 N -40 OM 5.403141 EM 9.209648
M 45 N -39 OM 5.441305 EM 9.209648
M 45 N -38 OM 5.481029 EM 9.209648
M 45 N -37 OM 5.522276 EM 9.209648
M 45 N -36 OM 5.565016 EM 9.209648
M 45 N -35 OM 5.609213 EM 9.209648
M 45 N -34 OM 5.654833 EM 9.209648
M 45 N -33 OM 5.701842 EM 9.209648
M 45 N -32 OM 5.750206 EM 9.209648
M 45 N -31 OM 5.799891 EM 9.209648
M 45 N -30 OM 5.850863 EM 9.209648
M 45 N -29 OM 5.903090 EM 9.209648
M 45 N -28 OM 5.956538 EM 9.209648
M 45 N -27 OM 6.011173 EM 9.209648
M 45 N -26 OM 6.066966 EM 9.209648
M 45 N -25 OM 6.123883 EM 9.209648
M 45 N -24 OM 6.181893 EM 9.209648
M 45 N -23 OM 6.240967 EM 9.209648
M 45 N -22 OM 6.301075 EM 9.209648
M 45 N -21 OM 6.362185 EM 9.209648
M 45 N -20 OM 6.424272 EM 9.209648
M 45 N -19 OM 6.487306 EM 9.209648
M 45 N -18 OM 6.551260 EM 9.209648
M 45 N -17 OM 6.616107 EM 9.209648
M 45 N -16 OM 6.681821 EM 9.209648
M 45 N -15 OM 6.944178 EM 9.209648
M 45 N -14 OM 6.994489 EM 9.209648
M 45 N -13 OM 7.045860 EM 9.209648
M 45 N -12 OM 7.098268 EM 9.209648
M 45 N -11 OM 7.151690 EM 9.209648
M 45 N -10 OM 7.206104 EM 9.209648
M 45 N -9 OM 7.261488 EM 9.209648
M 45 N -8 OM 7.226349 EM 9.209648
M 45 N -7 OM 7.191453 EM 9.209648
M 45 N -6 OM 7.157783 EM 9.209648
M 45 N -5 OM 7.125358 EM 9.209648
M 45 N -4 OM 7.094194 EM 9.209648
M 45 N -3 OM 7.064309 EM 9.209648
M 45 N -2 OM 7.035717 EM 9.209648
M 45 N -1 OM 7.008437 EM 9.209648
M 45 N 0 OM 6.982482 EM 9.209648
M 45 N 1 OM 6.957868 EM 9.209648
M 45 N 2 OM 6.934608 EM 9.209648
M 45 N 3 OM 6.912717 EM 9.209648
M 45 N 4 OM 6.892208 EM 9.209648
M 45 N 5 OM 6.873092 EM 9.209648
M 45 N 6 OM 6.855381 EM 9.209648
M 45 N 7 OM 6.839088 EM 9.209648
M 45 N 8 OM 6.824221 EM 9.209648
M 45 N 9 OM 6.810790 EM 9.209648
M 45 N 10 OM 6.798803 EM 9.209648
M 45 N 11 OM 6.788269 EM 9.209648
M 45 N 12 OM 6.779193 EM 9.209648
M 45 N 13 OM 6.766028 EM 9.209648
M 45 N 14 OM 6.714909 EM 9.209648
M 45 N 15 OM 6.664898 EM 9.209648
M 45 N 16 OM 6.616021 EM 9.209648
M 45 N 17 OM 6.568303 EM 9.209648
M 45 N 18 OM 6.521769 EM 9.209648
M 45 N 19 OM 6.476445 EM 9.209648
M 45 N 20 OM 6.432356 EM 9.209648
M 45 N 21 OM 6.389528 EM 9.209648
M 45 N 22 OM 6.347987 EM 9.209648
M 45 N 23 OM 6.307757 EM 9.209648
M 45 N 24 OM 6.268865 EM 9.209648
M 45 N 25 OM 6.231335 EM 9.209648
M 45 N 26 OM 6.195192 EM 9.209648
M 45 N 27 OM 6.160460 EM 9.209648
M 45 N 28 OM 6.127164 EM 9.209648
M 45 N 29 OM 6.095326 EM 9.209648
M 45 N 30 OM 6.064971 EM 9.209648
M 45 N 31 OM 6.036119 EM 9.209648
M 45 N 32 OM 6.008794 EM 9.209648
M 45 N 33 OM 5.983015 EM 9.209648
M 45 N 34 OM 5.958803 EM 9.209648
M 45 N 35 OM 5.936178 EM 9.209648
M 45 N 36 OM 5.770927 EM 9.209648
M 45 N 37 OM 5.694249 EM 9.209648
M 45 N 38 OM 5.618303 EM 9.209648
M 45 N 39 OM 5.543122 EM 9.209648
M 45 N 40 OM 5.468736 EM 9.209648
M 45 N 41 OM 5.395177 EM 9.209648
M 45 N 42 OM 5.322481 EM 9.209648
M 45 N 43 OM 5.250683 EM 9.209648
M 45 N 44 OM 5.179820 EM 9.209648
M 45 N 45 OM 5.109932 EM 9.209648
M 45 N 46 OM 5.041059 EM 9.209648
M 45 N 47 OM 4.973242 EM 9.209648
M 45 N 48 OM 4.906527 EM 9.209648
M 45 N 49 OM 4.840957 EM 9.209648
M 45 N 50 OM 4.776582 EM 9.209648
M 46 N -50 OM 5.044628 EM 9.209648
M 46 N -49 OM 5.065781 EM 9.209648
M 46 N -48 OM 5.088811 EM 9.209648
M 46 N -47 OM 5.113694 EM 9.209648
M 46 N -46 OM 5.140402 EM 9.209648
M 46 N -45 OM 5.168907 EM 9.209648
M 46 N -44 OM 5.199180 EM 9.209648
M 46 N -43 OM 5.231189 EM 9.209648
M 46 N -42 OM 5.264903 EM 9.209648
M 46 N -41 OM 5.300290 EM 9.209648
M 46 N -40 OM 5.337315 EM 9.209648
M 46 N -39 OM 5.375947 EM 9.209648
M 46 N -38 OM 5.416149 EM 9.209648
M 46 N -37 OM 5.457888 EM 9.209648
M 46 N -36 OM 5.501128 EM 9.209648
M 46 N -35 OM 5.545834 EM 9.209648
M 46 N -34 OM 5.591971 EM 9.209648
M 46 N -33 OM 5.639504 EM 9.209648
M 46 N -32 OM 5.688398 EM 9.209648
M 46 N -31 OM 5.738618 EM 9.209648
M 46 N -30 OM 5.790130 EM 9.209648
M 46 N -29 OM 5.842899 EM 9.209648
M 46 N -28 OM 5.896892 EM 9.209648
M 46 N -27 OM 5.952075 EM 9.209648
M 46 N -26 OM 6.008417 EM 9.209648
M 46 N -25 OM 6.065883 EM 9.209648
M 46 N -24 OM 6.124443 EM 9.209648
M 46 N -23 OM 6.184066 EM 9.209648
M 46 N -22 OM 6.244720 EM 9.209648
M 46 N -21 OM 6.306378 EM 9.209648
M 46 N -20 OM 6.369009 EM 9.209648
M 46 N -19 OM 6.432584 EM 9.209648
M 46 N -18 OM 6.497077 EM 9.209648
M 46 N -17 OM 6.562459 EM 9.209648
M 46 N -16 OM 6.628706 EM 9.209648
M 46 N -15 OM 6.857828 EM 9.209648
M 46 N -14 OM 6.908768 EM 9.209648
M 46 N -13 OM 6.960772 EM 9.209648
M 46 N -12 OM 7.013816 EM 9.209648
M 46 N -11 OM 7.067876 EM 9.209648
M 46 N -10 OM 7.122931 EM 9.209648
M 46 N -9 OM 7.178956 EM 9.209648
M 46 N -8 OM 7.155831 EM 9.209648
M 46 N -7 OM 7.120589 EM 9.209648
M 46 N -6 OM 7.086583 EM 9.209648
M 46 N -5 OM 7.053831 EM 9.209648
M 46 N -4 OM 7.022349 EM 9.209648
M 46 N -3 OM 6.992157 EM 9.209648
M 46 N -2 OM 6.963269 EM 9.209648
M 46 N -1 OM 6.935704 EM 9.209648
M 46 N 0 OM 6.909476 EM 9.209648
M 46 N 1 OM 6.884601 EM 9.209648
M 46 N 2 OM 6.861093 EM 9.209648
M 46 N 3 OM 6.838966 EM 9.209648
M 46 N 4 OM 6.818234 EM 9.209648
M 46 N 5 OM 6.798911 EM 9.209648
M 46 N 6 OM 6.781007 EM 9.209648
M 46 N 7 OM 6.764534 EM 9.209648
M 46 N 8 OM 6.749503 EM 9.209648
M 46 N 9 OM 6.735923 EM 9.209648
M 46 N 10 OM 6.723803 EM 9.209648
M 46 N 11 OM 6.713151 EM 9.209648
M 46 N 12 OM 6.703973 EM 9.209648
M 46 N 13 OM 6.681298 EM 9.209648
M 46 N 14 OM 6.629525 EM 9.209648
M 46 N 15 OM 6.578866 EM 9.209648
M 46 N 16 OM 6.529345 EM 9.209648
M 46 N 17 OM 6.480988 EM 9.209648
M 46 N 18 OM 6.433823 EM 9.209648
M 46 N 19 OM 6.387875 EM 9.209648
M 46 N 20 OM 6.343170 EM 9.209648
M 46 N 21 OM 6.299736 EM 9.209648
M 46 N 22 OM 6.257598 EM 9.209648
M 46 N 23 OM 6.216784 EM 9.209648
M 46 N 24 OM 6.177319 EM 9.209648
M 46 N 25 OM 6.139230 EM 9.209648
M 46 N 26 OM 6.102541 EM 9.209648
M 46 N 27 OM 6.067279 EM 9.209648
M 46 N 28 OM 6.033468 EM 9.209648
M 46 N 29 OM 6.001133 EM 9.209648
M 46 N 30 OM 5.970299 EM 9.209648
M 46 N 31 OM 5.940988 EM 9.209648
M 46 N 32 OM 5.913223 EM 9.209648
M 46 N 33 OM 5.887025 EM 9.209648
M 46 N 34 OM 5.862418 EM 9.209648
M 46 N 35 OM 5.839418 EM 9.209648
M 46 N 36 OM 5.818047 EM 9.209648
M 46 N 37 OM 5.749840 EM 9.209648
M 46 N 38 OM 5.674640 EM 9.209648
M 46 N 39 OM 5.600214 EM 9.209648
M 46 N 40 OM 5.526596 EM 9.209648
M 46 N 41 OM 5.453818 EM 9.209648
M 46 N 42 OM 5.381915 EM 9.209648
M 46 N 43 OM 5.310920 EM 9.209648
M 46 N 44 OM 5.240872 EM 9.209648
M 46 N 45 OM 5.171808 EM 9.209648
M 46 N 46 OM 5.103770 EM 9.209648
M 46 N 47 OM 5.036798 EM 9.209648
M 46 N 48 OM 4.970936 EM 9.209648
M 46 N 49 OM 4.906228 EM 9.209648
M 46 N 50 OM 4.842720 EM 9.209648
M 47 N -50 OM 4.976069 EM 9.209648
M 47 N -49 OM 4.997513 EM 9.209648
M 47 N -48 OM 5.020857 EM 9.209648
M 47 N -47 OM 5.046075 EM 9.209648
M 47 N -46 OM 5.073139 EM 9.209648
M 47 N -45 OM 5.102019 EM 9.209648
M 47 N -44 OM 5.132686 EM 9.209648
M 47 N -43 OM 5.165108 EM 9.209648
M 47 N -42 OM 5.199250 EM 9.209648
M 47 N -41 OM 5.235081 EM 9.209648
M 47 N -40 OM 5.272564 EM 9.209648
M 47 N -39 OM 5.311666 EM 9.209648
M 47 N -38 OM 5.352352 EM 9.209648
M 47 N -37 OM 5.394584 EM 9.209648
M 47 N -36 OM 5.438327 EM 9.209648
M 47 N -35 OM 5.483545 EM 9.209648
M 47 N -34 OM 5.530202 EM 9.209648
M 47 N -33 OM 5.578262 EM 9.209648
M 47 N -32 OM 5.627688 EM 9.209648
M 47 N -31 OM 5.678445 EM 9.209648
M 47 N -30 OM 5.730498 EM 9.209648
M 47 N -29 OM 5.783811 EM 9.209648
M 47 N -28 OM 5.838351 EM 9.209648
M 47 N -27 OM 5.894082 EM 9.209648
M 47 N -26 OM 5.950973 EM 9.209648
M 47 N -25 OM 6.008988 EM 9.209648
M 47 N -24 OM 6.068097 EM 9.209648
M 47 N -23 OM 6.128268 EM 9.209648
M 47 N -22 OM 6.189470 EM 9.209648
M 47 N -21 OM 6.251672 EM 9.209648
M 47 N -20 OM 6.314846 EM 9.209648
M 47 N -19 OM 6.378960 EM 9.209648
M 47 N -18 OM 6.443990 EM 9.209648
M 47 N -17 OM 6.509906 EM 9.209648
M 47 N -16 OM 6.576682 EM 9.209648
M 47 N -15 OM 6.771854 EM 9.209648
M 47 N -14 OM 6.823436 EM 9.209648
M 47 N -13 OM 6.876085 EM 9.209648
M 47 N -12 OM 6.929777 EM 9.209648
M 47 N -11 OM 6.984488 EM 9.209648
M 47 N -10 OM 7.040195 EM 9.209648
M 47 N -9 OM 7.096873 EM 9.209648
M 47 N -8 OM 7.086023 EM 9.209648
M 47 N -7 OM 7.050432 EM 9.209648
M 47 N -6 OM 7.016086 EM 9.209648
M 47 N -5 OM 6.983003 EM 9.209648
M 47 N -4 OM 6.951200 EM 9.209648
M 47 N -3 OM 6.920698 EM 9.209648
M 47 N -2 OM 6.891511 EM 9.209648
M 47 N -1 OM 6.863657 EM 9.209648
M 47 N 0 OM 6.837153 EM 9.209648
M 47 N 1 OM 6.812013 EM 9.209648
M 47 N 2 OM 6.788254 EM 9.209648
M 47 N 3 OM 6.765890 EM 9.209648
M 47 N 4 OM 6.744933 EM 9.209648
M 47 N 5 OM 6.725399 EM 9.209648
M 47 N 6 OM 6.707299 EM 9.209648
M 47 N 7 OM 6.690645 EM 9.209648
M 47 N 8 OM 6.675447 EM 9.209648
M 47 N 9 OM 6.661716 EM 9.209648
M 47 N 10 OM 6.649460 EM 9.209648
M 47 N 11 OM 6.638689 EM 9.209648
M 47 N 12 OM 6.629409 EM 9.209648
M 47 N 13 OM 6.596995 EM 9.209648
M 47 N 14 OM 6.544556 EM 9.209648
M 47 N 15 OM 6.493233 EM 9.209648
M 47 N 16 OM 6.443054 EM 9.209648
M 47 N 17 OM 6.394044 EM 9.209648
M 47 N 18 OM 6.346233 EM 9.209648
M 47 N 19 OM 6.299646 EM 9.209648
M 47 N 20 OM 6.254311 EM 9.209648
M 47 N 21 OM 6.210256 EM 9.209648
M 47 N 22 OM 6.167507 EM 9.209648
M 47 N 23 OM 6.126092 EM 9.209648
M 47 N 24 OM 6.086039 EM 9.209648
M 47 N 25 OM 6.047375 EM 9.209648
M 47 N 26 OM 6.010125 EM 9.209648
M 47 N 27 OM 5.974318 EM 9.209648
M 47 N 28 OM 5.939978 EM 9.209648
M 47 N 29 OM 5.907132 EM 9.209648
M 47 N 30 OM 5.875804 EM 9.209648
M 47 N 31 OM 5.846019 EM 9.209648
M 47 N 32 OM 5.817801 EM 9.209648
M 47 N 33 OM 5.791172 EM 9.209648
M 47 N 34 OM 5.766155 EM 9.209648
M 47 N 35 OM 5.742770 EM 9.209648
M 47 N 36 OM 5.721037 EM 9.209648
M 47 N 37 OM 5.700977 EM 9.209648
M 47 N 38 OM 5.682606 EM 9.209648
M 47 N 39 OM 5.658498 EM 9.209648
M 47 N 40 OM 5.585648 EM 9.209648
M 47 N 41 OM 5.513650 EM 9.209648
M 47 N 42 OM 5.442536 EM 9.209648
M 47 N 43 OM 5.372343 EM 9.209648
M 47 N 44 OM 5.303106 EM 9.209648
M 47 N 45 OM 5.234864 EM 9.209648
M 47 N 46 OM 5.167656 EM 9.209648
M 47 N 47 OM 5.101523 EM 9.209648
M 47 N 48 OM 5.036507 EM 9.209648
M 47 N 49 OM 4.972652 EM 9.209648
M 47 N 50 OM 4.910004 EM 9.209648
M 48 N -50 OM 4.908591 EM 9.209648
M 48 N -49 OM 4.930328 EM 9.209648
M 48 N -48 OM 4.953988 EM 9.209648
M 48 N -47 OM 4.979545 EM 9.209648
M 48 N -46 OM 5.006968 EM 9.209648
M 48 N -45 OM 5.036229 EM 9.209648
M 48 N -44 OM 5.067294 EM 9.209648
M 48 N -43 OM 5.100131 EM 9.209648
M 48 N -42 OM 5.134706 EM 9.209648
M 48 N -41 OM 5.170983 EM 9.209648
M 48 N -40 OM 5.208929 EM 9.209648
M 48 N -39 OM 5.248505 EM 9.209648
M 48 N -38 OM 5.289676 EM 9.209648
M 48 N -37 OM 5.332404 EM 9.209648
M 48 N -36 OM 5.376653 EM 9.209648
M 48 N -35 OM 5.422386 EM 9.209648
M 48 N -34 OM 5.469564 EM 9.209648
M 48 N -33 OM 5.518152 EM 9.209648
M 48 N -32 OM 5.568112 EM 9.209648
M 48 N -31 OM 5.619407 EM 9.209648
M 48 N -30 OM 5.672001 EM 9.209648
M 48 N -29 OM 5.725860 EM 9.209648
M 48 N -28 OM 5.780946 EM 9.209648
M 48 N -27 OM 5.837225 EM 9.209648
M 48 N -26 OM 5.894665 EM 9.209648
M 48 N -25 OM 5.953229 EM 9.209648
M 48 N -24 OM 6.012886 EM 9.209648
M 48 N -23 OM 6.073604 EM 9.209648
M 48 N -22 OM 6.135351 EM 9.209648
M 48 N -21 OM 6.198097 EM 9.209648
M 48 N -20 OM 6.261810 EM 9.209648
M 48 N -19 OM 6.326463 EM 9.209648
M 48 N -18 OM 6.392026 EM 9.209648
M 48 N -17 OM 6.458473 EM 9.209648
M 48 N -16 OM 6.525774 EM 9.209648
M 48 N -15 OM 6.686270 EM 9.209648
M 48 N -14 OM 6.738507 EM 9.209648
M 48 N -13 OM 6.791814 EM 9.209648
M 48 N -12 OM 6.846167 EM 9.209648
M 48 N -11 OM 6.901541 EM 9.209648
M 48 N -10 OM 6.957912 EM 9.209648
M 48 N -9 OM 7.015255 EM 9.209648
M 48 N -8 OM 7.016945 EM 9.209648
M 48 N -7 OM 6.981002 EM 9.209648
M 48 N -6 OM 6.946312 EM 9.209648
M 48 N -5 OM 6.912895 EM 9.209648
M 48 N -4 OM 6.880769 EM 9.209648
M 48 N -3 OM 6.849953 EM 9.209648
M 48 N -2 OM 6.820464 EM 9.209648
M 48 N -1 OM 6.792318 EM 9.209648
M 48 N 0 OM 6.765534 EM 9.209648
M 48 N 1 OM 6.740128 EM 9.209648
M 48 N 2 OM 6.716114 EM 9.209648
M 48 N 3 OM 6.693509 EM 9.209648
M 48 N 4 OM 6.672325 EM 9.209648
M 48 N 5 OM 6.652577 EM 9.209648
M 48 N 6 OM 6.634279 EM 9.209648
M 48 N 7 OM 6.617441 EM 9.209648
M 48 N 8 OM 6.602075 EM 9.209648
M 48 N 9 OM 6.588190 EM 9.209648
M 48 N 10 OM 6.575798 EM 9.209648
M 48 N 11 OM 6.564906 EM 9.209648
M 48 N 12 OM 6.555521 EM 9.209648
M 48 N 13 OM 6.513136 EM 9.209648
M 48 N 14 OM 6.460016 EM 9.209648
M 48 N 15 OM 6.408016 EM 9.209648
M 48 N 16 OM 6.357164 EM 9.209648
M 48 N 17 OM 6.307487 EM 9.209648
M 48 N 18 OM 6.259015 EM 9.209648
M 48 N 19 OM 6.211774 EM 9.209648
M 48 N 20 OM 6.165793 EM 9.209648
M 48 N 21 OM 6.121100 EM 9.209648
M 48 N 22 OM 6.077724 EM 9.209648
M 48 N 23 OM 6.035694 EM 9.209648
M 48 N 24 OM 5.995037 EM 9.209648
M 48 N 25 OM 5.955782 EM 9.209648
M 48 N 26 OM 5.917956 EM 9.209648
M 48 N 27 OM 5.881587 EM 9.209648
M 48 N 28 OM 5.846703 EM 9.209648
M 48 N 29 OM 5.813330 EM 9.209648
M 48 N 30 OM 5.781494 EM 9.209648
M 48 N 31 OM 5.751220 EM 9.209648
M 48 N 32 OM 5.722535 EM 9.209648
M 48 N 33 OM 5.695460 EM 9.209648
M 48 N 34 OM 5.670021 EM 9.209648
M 48 N 35 OM 5.646238 EM 9.209648
M 48 N 36 OM 5.624133 EM 9.209648
M 48 N 37 OM 5.603725 EM 9.209648
M 48 N 38 OM 5.585034 EM 9.209648
M 48 N 39 OM 5.568076 EM 9.209648
M 48 N 40 OM 5.552867 EM 9.209648
M 48 N 41 OM 5.539423 EM 9.209648
M 48 N 42 OM 5.504308 EM 9.209648
M 48 N 43 OM 5.434912 EM 9.209648
M 48 N 44 OM 5.366483 EM 9.209648
M 48 N 45 OM 5.299057 EM 9.209648
M 48 N 46 OM 5.232673 EM 9.209648
M 48 N 47 OM 5.167373 EM 9.209648
M 48 N 48 OM 5.103195 EM 9.209648
M 48 N 49 OM 5.040185 EM 9.209648
M 48 N 50 OM 4.978387 EM 9.209648
M 49 N -50 OM 4.842238 EM 9.209648
M 49 N -49 OM 4.864271 EM 9.209648
M 49 N -48 OM 4.888251 EM 9.209648
M 49 N -47 OM 4.914150 EM 9.209648
M 49 N -46 OM 4.941936 EM 9.209648
M 49 N -45 OM 4.971580 EM 9.209648
M 49 N -44 OM 5.003046 EM 9.209648
M 49 N -43 OM 5.036302 EM 9.209648
M 49 N -42 OM 5.071311 EM 9.209648
M 49 N -41 OM 5.108039 EM 9.209648
M 49 N -40 OM 5.146449 EM 9.209648
M 49 N -39 OM 5.186502 EM 9.209648
M 49 N -38 OM 5.228161 EM 9.209648
M 49 N -37 OM 5.271389 EM 9.209648
M 49 N -36 OM 5.316145 EM 9.209648
M 49 N -35 OM 5.362394 EM 9.209648
M 49 N -34 OM 5.410096 EM 9.209648
M 49 N -33 OM 5.459212 EM 9.209648
M 49 N -32 OM 5.509707 EM 9.209648
M 49 N -31 OM 5.561541 EM 9.209648
M 49 N -30 OM 5.614677 EM 9.209648
M 49 N -29 OM 5.669080 EM 9.209648
M 49 N -28 OM 5.724713 EM 9.209648
M 49 N -27 OM 5.781539 EM 9.209648
M 49 N -26 OM 5.839527 EM 9.209648
M 49 N -25 OM 5.898639 EM 9.209648
M 49 N -24 OM 5.958842 EM 9.209648
M 49 N -23 OM 6.020105 EM 9.209648
M 49 N -22 OM 6.082396 EM 9.209648
M 49 N -21 OM 6.145682 EM 9.209648
M 49 N -20 OM 6.209933 EM 9.209648
M 49 N -19 OM 6.275120 EM 9.209648
M 49 N -18 OM 6.341215 EM 9.209648
M 49 N -17 OM 6.408188 EM 9.209648
M 49 N -16 OM 6.476012 EM 9.209648
M 49 N -15 OM 6.601091 EM 9.209648
M 49 N -14 OM 6.653997 EM 9.209648
M 49 N -13 OM 6.707976 EM 9.209648
M 49 N -12 OM 6.763003 EM 9.209648
M 49 N -11 OM 6.819052 EM 9.209648
M 49 N -10 OM 6.876099 EM 9.209648
M 49 N -9 OM 6.934119 EM 9.209648
M 49 N -8 OM 6.948620 EM 9.209648
M 49 N -7 OM 6.912322 EM 9.209648
M 49 N -6 OM 6.877285 EM 9.209648
M 49 N -5 OM 6.843532 EM 9.209648
M 49 N -4 OM 6.811078 EM 9.209648
M 49 N -3 OM 6.779945 EM 9.209648
M 49 N -2 OM 6.750150 EM 9.209648
M 49 N -1 OM 6.721710 EM 9.209648
M 49 N 0 OM 6.694643 EM 9.209648
M 49 N 1 OM 6.668967 EM 9.209648
M 49 N 2 OM 6.644696 EM 9.209648
M 49 N 3 OM 6.621847 EM 9.209648
M 49 N 4 OM 6.600433 EM 9.209648
M 49 N 5 OM 6.580470 EM 9.209648
M 49 N 6 OM 6.561970 EM 9.209648
M 49 N 7 OM 6.544946 EM 9.209648
M 49 N 8 OM 6.529409 EM 9.209648
M 49 N 9 OM 6.515371 EM 9.209648
M 49 N 10 OM 6.502839 EM 9.209648
M 49 N 11 OM 6.491825 EM 9.209648
M 49 N 12 OM 6.482334 EM 9.209648
M 49 N 13 OM 6.429739 EM 9.209648
M 49 N 14 OM 6.375924 EM 9.209648
M 49 N 15 OM 6.323233 EM 9.209648
M 49 N 16 OM 6.271693 EM 9.209648
M 49 N 17 OM 6.221334 EM 9.209648
M 49 N 18 OM 6.172185 EM 9.209648
M 49 N 19 OM 6.124274 EM 9.209648
M 49 N 20 OM 6.077631 EM 9.209648
M 49 N 21 OM 6.032286 EM 9.209648
M 49 N 22 OM 5.988266 EM 9.209648
M 49 N 23 OM 5.945603 EM 9.209648
M 49 N 24 OM 5.904326 EM 9.209648
M 49 N 25 OM 5.864464 EM 9.209648
M 49 N 26 OM 5.826045 EM 9.209648
M 49 N 27 OM 5.789099 EM 9.209648
M 49 N 28 OM 5.753654 EM 9.209648
M 49 N 29 OM 5.719738 EM 9.209648
M 49 N 30 OM 5.687378 EM 9.209648
M 49 N 31 OM 5.656601 EM 9.209648
M 49 N 32 OM 5.627433 EM 9.209648
M 49 N 33 OM 5.599899 EM 9.209648
M 49 N 34 OM 5.574023 EM 9.209648
M 49 N 35 OM 5.549829 EM 9.209648
M 49 N 36 OM 5.527339 EM 9.209648
M 49 N 37 OM 5.506572 EM 9.209648
M 49 N 38 OM 5.487550 EM 9.209648
M 49 N 39 OM 5.470290 EM 9.209648
M 49 N 40 OM 5.454809 EM 9.209648
M 49 N 41 OM 5.441122 EM 9.209648
M 49 N 42 OM 5.429242 EM 9.209648
M 49 N 43 OM 5.419182 EM 9.209648
M 49 N 44 OM 5.410952 EM 9.209648
M 49 N 45 OM 5.364346 EM 9.209648
M 49 N 46 OM 5.298780 EM 9.209648
M 49 N 47 OM 5.234304 EM 9.209648
M 49 N 48 OM 5.170958 EM 9.209648
M 49 N 49 OM 5.108784 EM 9.209648
M 49 N 50 OM 5.047825 EM 9.209648
M 50 N -50 OM 4.777057 EM 9.209648
M 50 N -49 OM 4.799389 EM 9.209648
M 50 N -48 OM 4.823692 EM 9.209648
M 50 N -47 OM 4.849935 EM 9.209648
M 50 N -46 OM 4.878087 EM 9.209648
M 50 N -45 OM 4.908116 EM 9.209648
M 50 N -44 OM 4.939987 EM 9.209648
M 50 N -43 OM 4.973664 EM 9.209648
M 50 N -42 OM 5.009112 EM 9.209648
M 50 N -41 OM 5.046293 EM 9.209648
M 50 N -40 OM 5.085168 EM 9.209648
M 50 N -39 OM 5.125700 EM 9.209648
M 50 N -38 OM 5.167850 EM 9.209648
M 50 N -37 OM 5.211577 EM 9.209648
M 50 N -36 OM 5.256844 EM 9.209648
M 50 N -35 OM 5.303609 EM 9.209648
M 50 N -34 OM 5.351835 EM 9.209648
M 50 N -33 OM 5.401482 EM 9.209648
M 50 N -32 OM 5.452510 EM 9.209648
M 50 N -31 OM 5.504883 EM 9.209648
M 50 N -30 OM 5.558561 EM 9.209648
M 50 N -29 OM 5.613508 EM 9.209648
M 50 N -28 OM 5.669686 EM 9.209648
M 50 N -27 OM 5.727059 EM 9.209648
M 50 N -26 OM 5.785592 EM 9.209648
M 50 N -25 OM 5.845249 EM 9.209648
M 50 N -24 OM 5.905997 EM 9.209648
M 50 N -23 OM 5.967803 EM 9.209648
M 50 N -22 OM 6.030633 EM 9.209648
M 50 N -21 OM 6.094457 EM 9.209648
M 50 N -20 OM 6.159243 EM 9.209648
M 50 N -19 OM 6.224960 EM 9.209648
M 50 N -18 OM 6.291582 EM 9.209648
M 50 N -17 OM 6.359078 EM 9.209648
M 50 N -16 OM 6.427421 EM 9.209648
M 50 N -15 OM 6.516334 EM 9.209648
M 50 N -14 OM 6.569922 EM 9.209648
M 50 N -13 OM 6.624586 EM 9.209648
M 50 N -12 OM 6.680300 EM 9.209648
M 50 N -11 OM 6.737037 EM 9.209648
M 50 N -10 OM 6.794773 EM 9.209648
M 50 N -9 OM 6.853481 EM 9.209648
M 50 N -8 OM 6.881070 EM 9.209648
M 50 N -7 OM 6.844413 EM 9.209648
M 50 N -6 OM 6.809027 EM 9.209648
M 50 N -5 OM 6.774933 EM 9.209648
M 50 N -4 OM 6.742150 EM 9.209648
M 50 N -3 OM 6.710697 EM 9.209648
M 50 N -2 OM 6.680593 EM 9.209648
M 50 N -1 OM 6.651856 EM 9.209648
M 50 N 0 OM 6.624504 EM 9.209648
M 50 N 1 OM 6.598555 EM 9.209648
M 50 N 2 OM 6.574024 EM 9.209648
M 50 N 3 OM 6.550928 EM 9.209648
M 50 N 4 OM 6.529282 EM 9.209648
M 50 N 5 OM 6.509100 EM 9.209648
M 50 N 6 OM 6.490397 EM 9.209648
M 50 N 7 OM 6.473185 EM 9.209648
M 50 N 8 OM 6.457476 EM 9.209648
M 50 N 9 OM 6.443280 EM 9.209648
M 50 N 10 OM 6.430608 EM 9.209648
M 50 N 11 OM 6.419469 EM 9.209648
M 50 N 12 OM 6.402442 EM 9.209648
M 50 N 13 OM 6.346821 EM 9.209648
M 50 N 14 OM 6.292297 EM 9.209648
M 50 N 15 OM 6.238900 EM 9.209648
M 50 N 16 OM 6.186658 EM 9.209648
M 50 N 17 OM 6.135602 EM 9.209648
M 50 N 18 OM 6.085760 EM 9.209648
M 50 N 19 OM 6.037163 EM 9.209648
M 50 N 20 OM 5.989842 EM 9.209648
M 50 N 21 OM 5.943826 EM 9.209648
M 50 N 22 OM 5.899147 EM 9.209648
M 50 N 23 OM 5.855835 EM 9.209648
M 50 N 24 OM 5.813920 EM 9.209648
M 50 N 25 OM 5.773434 EM 9.209648
M 50 N 26 OM 5.734405 EM 9.209648
M 50 N 27 OM 5.696865 EM 9.209648
M 50 N 28 OM 5.660842 EM 9.209648
M 50 N 29 OM 5.626367 EM 9.209648
M 50 N 30 OM 5.593467 EM 9.209648
M 50 N 31 OM 5.562170 EM 9.209648
M 50 N 32 OM 5.532505 EM 9.209648
M 50 N 33 OM 5.504496 EM 9.209648
M 50 N 34 OM 5.478169 EM 9.209648
M 50 N 35 OM 5.453549 EM 9.209648
M 50 N 36 OM 5.430660 EM 9.209648
M 50 N 37 OM 5.409523 EM 9.209648
M 50 N 38 OM 5.390158 EM 9.209648
M 50 N 39 OM 5.372585 EM 9.209648
M 50 N 40 OM 5.356822 EM 9.209648
M 50 N 41 OM 5.342884 EM 9.209648
M 50 N 42 OM 5.330785 EM 9.209648
M 50 N 43 OM 5.320539 EM 9.209648
M 50 N 44 OM 5.312156 EM 9.209648
M 50 N 45 OM 5.305645 EM 9.209648
M 50 N 46 OM 5.301013 EM 9.209648
M 50 N 47 OM 5.298264 EM 9.209648
M 50 N 48 OM 5.239752 EM 9.209648
M 50 N 49 OM 5.178404 EM 9.209648
M 50 N 50 OM 5.118275 EM 9.209648
6 . centre was changed from -9.000000 -0.147000 -0.056667 to -9.000000 -0.747000 -0.856667 with new min dist 9.209648
7 . centre was changed from -6.000000 0.952000 0.023000 to -6.000000 -1.348000 -2.977000 with new min dist 6.732173
8 . centre was changed from -3.000000 1.189000 0.079333 to -3.000000 -0.511000 -0.420667 with new min dist 4.549733
9 . centre was changed from 0.000000 -0.339667 0.336667 to 0.000000 -0.139667 -0.263333 with new min dist 3.861905
10 . centre was changed from 3.000000 0.843000 -0.290333 to 3.000000 -0.857000 1.909667 with new min dist 5.081727
11 . centre was changed from 6.000000 -0.821333 -0.281000 to 6.000000 0.278667 -0.281000 with new min dist 6.380669
12 . centre was changed from 9.000000 -0.057667 0.259000 to 9.000000 0.042333 -0.841000 with new min dist 5.144310
13 . centre was changed from 12.000000 0.100333 0.567667 to 12.000000 0.500333 -0.432333 with new min dist 4.383471
14 . centre was changed from 15.000000 0.188333 0.932333 to 15.000000 0.288333 0.632333 with new min dist 5.220365
15 . centre was changed from 18.000000 0.511333 0.606000 to 18.000000 2.211333 1.706000 with new min dist 6.061700
16 . centre was changed from 21.000000 0.465000 -0.053000 to 21.000000 0.665000 0.747000 with new min dist 6.129627
17 . centre was changed from 24.000000 0.086000 -0.387333 to 24.000000 -0.614000 -0.787333 with new min dist 6.943717
18 . centre was changed from 27.000000 0.058000 0.456333 to 27.000000 1.858000 5.256333 with new min dist 8.532929
TETA 0: 0.362491
TETA 1: 0.370406
TETA 2: 0.405851
TETA 3: 0.415799
TETA 4: 0.428399
TETA 5: 0.445265
TETA 6: 0.469933
TETA 7: 0.491727
TETA 8: 0.488893
TETA 9: 0.582976
TETA 10: 0.605878
TETA 11: 0.649984
TETA 12: 0.649984
TETA 13: 0.715806
TETA 14: 0.703925
TETA 15: 0.649984
TETA 16: 0.610237
TETA 17: 0.582976
TETA 18: 0.533478
Reset! -1
Reset! 0
Reset! 1
Reset! 2
Reset! 3
Reset! 4
Reset! 5
Reset! 6
Reset! 7
Reset! 8
Reset! 9
Reset! 10
Reset! 11
Reset! 12
Reset! 13
Reset! 14
Reset! 15
Reset! 16
Reset! 17
TETA 0: 0.192399
TETA 1: 0.196781
TETA 2: 0.227155
TETA 3: 0.172214
TETA 4: 0.233424
TETA 5: 0.173925
TETA 6: 0.178671
TETA 7: 0.269597
TETA 8: 0.336476
TETA 9: 0.417567
TETA 10: 0.362892
TETA 11: 0.456092
TETA 12: 0.341415
TETA 13: 0.481776
TETA 14: 0.402350
TETA 15: 0.453567
TETA 16: 0.337587
TETA 17: 0.279773
TETA 18: 0.254963
Minimum Diameter 0: 33.144608
Minimum Diameter 1: 28.116222
Minimum Diameter 2: 24.466463
Minimum Diameter 3: 26.411188
Minimum Diameter 4: 27.995785
Minimum Diameter 5: 21.002981
Minimum Diameter 6: 24.355738
Minimum Diameter 7: 18.447910
Minimum Diameter 8: 13.413055
Minimum Diameter 9: 12.554739
Minimum Diameter 10: 15.547178
Minimum Diameter 11: 13.288898
Minimum Diameter 12: 15.234232
Minimum Diameter 13: 8.699552
Minimum Diameter 14: 13.647969
Minimum Diameter 15: 11.925020
Minimum Diameter 16: 15.657387
Minimum Diameter 17: 16.723906
Minimum Diameter 18: 20.282681
0 window: 4
Checx 0 - 4
Checx 0 - 4
Checx 0 - 4
Checx 0 - 4
-27.000000 33.144608
-24.000000 28.116222
-21.000000 24.466463
-18.000000 26.411188
R: -0.827987
R square: 0.685562
Found possible funnel! 0 - 3
0 window: 5
Checx 0 - 5
Checx 0 - 5
Checx 0 - 5
Checx 0 - 5
Checx 0 - 5
-27.000000 33.144608
-24.000000 28.116222
-21.000000 24.466463
-18.000000 26.411188
-15.000000 27.995785
R: -0.589280
R square: 0.347251
Final: 0 4 33.144608 26.411188
0 26.111969+= SQR(33.144608 - 28.034620) 
1 26.118628+= SQR(28.116222 - 28.034620) 
2 38.850372+= SQR(24.466463 - 28.034620) 
3 41.485905+= SQR(26.411188 - 28.034620) 
Stddev: 3.220478
28.116222 27.995785 2 rej
l 1
2 window: 4
Checx 2 - 6
Checx 2 - 6
Checx 2 - 6
Checx 2 - 6
-21.000000 24.466463
-18.000000 26.411188
-15.000000 27.995785
-12.000000 21.002981
R: -0.377387
R square: 0.142421
0.142421 !
3 window: 4
Checx 3 - 7
Checx 3 - 7
Checx 3 - 7
Checx 3 - 7
-18.000000 26.411188
-15.000000 27.995785
-12.000000 21.002981
-9.000000 24.355738
R: -0.562710
R square: 0.316642
0.316642 !
4 window: 4
Checx 4 - 8
Checx 4 - 8
Checx 4 - 8
Checx 4 - 8
-15.000000 27.995785
-12.000000 21.002981
-9.000000 24.355738
-6.000000 18.447910
R: -0.788067
R square: 0.621049
Found possible funnel! 4 - 7
4 window: 5
Checx 4 - 9
Checx 4 - 9
Checx 4 - 9
Checx 4 - 9
Checx 4 - 9
-15.000000 27.995785
-12.000000 21.002981
-9.000000 24.355738
-6.000000 18.447910
-3.000000 13.413055
R: -0.899832
R square: 0.809698
Found possible funnel! 4 - 8
4 window: 6
Checx 4 - 10
Checx 4 - 10
Checx 4 - 10
Checx 4 - 10
Checx 4 - 10
Checx 4 - 10
-15.000000 27.995785
-12.000000 21.002981
-9.000000 24.355738
-6.000000 18.447910
-3.000000 13.413055
0.000000 12.554739
R: -0.932182
R square: 0.868964
Found possible funnel! 4 - 9
4 window: 7
Checx 4 - 11
Checx 4 - 11
Checx 4 - 11
Checx 4 - 11
Checx 4 - 11
Checx 4 - 11
Checx 4 - 11
-15.000000 27.995785
-12.000000 21.002981
-9.000000 24.355738
-6.000000 18.447910
-3.000000 13.413055
0.000000 12.554739
3.000000 15.547178
R: -0.874163
R square: 0.764161
Final: 4 6 27.995785 12.554739
4 70.013657+= SQR(27.995785 - 19.628368) 
5 71.903214+= SQR(21.002981 - 19.628368) 
6 94.251236+= SQR(24.355738 - 19.628368) 
7 95.644714+= SQR(18.447910 - 19.628368) 
8 134.274826+= SQR(13.413055 - 19.628368) 
9 184.311066+= SQR(12.554739 - 19.628368) 
Stddev: 5.542428
18.447910 15.234232 2 rej
l 7
8 window: 4
Checx 8 - 12
Checx 8 - 12
Checx 8 - 12
Checx 8 - 12
-3.000000 13.413055
0.000000 12.554739
3.000000 15.547178
6.000000 13.288898
R: 0.262653
R square: 0.068987
0.068987 !
9 window: 4
Checx 9 - 13
Checx 9 - 13
Checx 9 - 13
Checx 9 - 13
0.000000 12.554739
3.000000 15.547178
6.000000 13.288898
9.000000 15.234232
R: 0.510350
R square: 0.260457
0.260457 !
10 window: 4
Checx 10 - 14
Checx 10 - 14
Checx 10 - 14
Checx 10 - 14
3.000000 15.547178
6.000000 13.288898
9.000000 15.234232
12.000000 8.699552
R: -0.760395
R square: 0.578201
Found possible funnel! 10 - 13
10 window: 5
Checx 10 - 15
Checx 10 - 15
Checx 10 - 15
Checx 10 - 15
Checx 10 - 15
3.000000 15.547178
6.000000 13.288898
9.000000 15.234232
12.000000 8.699552
15.000000 13.647969
R: -0.483663
R square: 0.233930
Final: 10 4 15.547178 8.699552
10 5.544680+= SQR(15.547178 - 13.192464) 
11 5.553979+= SQR(13.288898 - 13.192464) 
12 9.722795+= SQR(15.234232 - 13.192464) 
13 29.909056+= SQR(8.699552 - 13.192464) 
Stddev: 2.734459
funnel 10 13 was rejected!
l 10
11 window: 4
Checx 11 - 15
Checx 11 - 15
Checx 11 - 15
Checx 11 - 15
6.000000 13.288898
9.000000 15.234232
12.000000 8.699552
15.000000 13.647969
R: -0.250828
R square: 0.062915
0.062915 !
12 window: 4
Checx 12 - 16
Checx 12 - 16
Checx 12 - 16
Checx 12 - 16
9.000000 15.234232
12.000000 8.699552
15.000000 13.647969
18.000000 11.925020
R: -0.229640
R square: 0.052734
0.052734 !
13 window: 4
Checx 13 - 17
Checx 13 - 17
Checx 13 - 17
Checx 13 - 17
12.000000 8.699552
15.000000 13.647969
18.000000 11.925020
21.000000 15.657387
R: 0.838845
R square: 0.703661
Found possible funnel! 13 - 16
13 window: 5
Checx 13 - 18
Checx 13 - 18
Checx 13 - 18
Checx 13 - 18
Checx 13 - 18
12.000000 8.699552
15.000000 13.647969
18.000000 11.925020
21.000000 15.657387
24.000000 16.723906
R: 0.897854
R square: 0.806142
Found possible funnel! 13 - 17
13 window: 6
Checx 13 - 19
Checx 13 - 19
Checx 13 - 19
Checx 13 - 19
Checx 13 - 19
Checx 13 - 19
12.000000 8.699552
15.000000 13.647969
18.000000 11.925020
21.000000 15.657387
24.000000 16.723906
27.000000 20.282681
R: 0.942851
R square: 0.888968
Final: 13 5 8.699552 16.723906
13 21.448153+= SQR(8.699552 - 13.330767) 
14 21.548771+= SQR(13.647969 - 13.330767) 
15 23.524895+= SQR(11.925020 - 13.330767) 
16 28.938057+= SQR(15.657387 - 13.330767) 
17 40.451447+= SQR(16.723906 - 13.330767) 
Stddev: 2.844343
11.925020 0.000000 2 rej
l 15
3 funnels found! 
HERE IS THE BUG!
K: 19
0 window: 4
Checx 0 - 4
Checx 0 - 4
Checx 0 - 4
Checx 0 - 4
24.000000 16.723906
21.000000 15.657387
18.000000 11.925020
15.000000 13.647969
R: 0.784637
R square: 0.615655
Found possible funnel! 0 - 3
0 window: 5
Checx 0 - 5
Checx 0 - 5
Checx 0 - 5
Checx 0 - 5
Checx 0 - 5
24.000000 16.723906
21.000000 15.657387
18.000000 11.925020
15.000000 13.647969
12.000000 8.699552
R: 0.897854
R square: 0.806142
Found possible funnel! 0 - 4
0 window: 6
Checx 0 - 6
Checx 0 - 6
Checx 0 - 6
Checx 0 - 6
Checx 0 - 6
Checx 0 - 6
24.000000 16.723906
21.000000 15.657387
18.000000 11.925020
15.000000 13.647969
12.000000 8.699552
9.000000 15.234232
R: 0.482188
R square: 0.232505
Final: 0 5 16.723906 8.699552
0 11.513391+= SQR(16.723906 - 13.330767) 
1 16.926552+= SQR(15.657387 - 13.330767) 
2 18.902676+= SQR(11.925020 - 13.330767) 
3 19.003294+= SQR(13.647969 - 13.330767) 
4 40.451447+= SQR(8.699552 - 13.330767) 
Stddev: 2.844343
11.925020 13.288898 2 rej
l 2
3 window: 4
Checx 3 - 7
Checx 3 - 7
Checx 3 - 7
Checx 3 - 7
15.000000 13.647969
12.000000 8.699552
9.000000 15.234232
6.000000 13.288898
R: -0.250828
R square: 0.062915
0.062915 !
4 window: 4
Checx 4 - 8
Checx 4 - 8
Checx 4 - 8
Checx 4 - 8
12.000000 8.699552
9.000000 15.234232
6.000000 13.288898
3.000000 15.547178
R: -0.760395
R square: 0.578201
Found possible funnel! 4 - 7
4 window: 5
Checx 4 - 9
Checx 4 - 9
Checx 4 - 9
Checx 4 - 9
Checx 4 - 9
12.000000 8.699552
9.000000 15.234232
6.000000 13.288898
3.000000 15.547178
0.000000 12.554739
R: -0.461427
R square: 0.212915
Final: 4 4 8.699552 15.547178
4 20.186270+= SQR(8.699552 - 13.192465) 
5 24.355083+= SQR(15.234232 - 13.192465) 
6 24.364382+= SQR(13.288898 - 13.192465) 
7 29.909058+= SQR(15.547178 - 13.192465) 
Stddev: 2.734459
funnel 4 7 was rejected!
l 4
5 window: 4
Checx 5 - 9
Checx 5 - 9
Checx 5 - 9
Checx 5 - 9
9.000000 15.234232
6.000000 13.288898
3.000000 15.547178
0.000000 12.554739
R: 0.510350
R square: 0.260457
0.260457 !
6 window: 4
Checx 6 - 10
Checx 6 - 10
Checx 6 - 10
Checx 6 - 10
6.000000 13.288898
3.000000 15.547178
0.000000 12.554739
-3.000000 13.413055
R: 0.262653
R square: 0.068987
0.068987 !
7 window: 4
Checx 7 - 11
Checx 7 - 11
Checx 7 - 11
Checx 7 - 11
3.000000 15.547178
0.000000 12.554739
-3.000000 13.413055
-6.000000 18.447910
R: -0.470046
R square: 0.220943
0.220943 !
8 window: 4
Checx 8 - 12
Checx 8 - 12
Checx 8 - 12
Checx 8 - 12
0.000000 12.554739
-3.000000 13.413055
-6.000000 18.447910
-9.000000 24.355738
R: -0.960191
R square: 0.921967
Found possible funnel! 8 - 11
8 window: 5
Checx 8 - 13
Checx 8 - 13
Checx 8 - 13
Checx 8 - 13
Checx 8 - 13
0.000000 12.554739
-3.000000 13.413055
-6.000000 18.447910
-9.000000 24.355738
-12.000000 21.002981
R: -0.879058
R square: 0.772742
Final: 8 4 12.554739 24.355738
8 21.512163+= SQR(12.554739 - 17.192860) 
9 35.799084+= SQR(13.413055 - 17.192860) 
10 37.374237+= SQR(18.447910 - 17.192860) 
11 88.681061+= SQR(24.355738 - 17.192860) 
Stddev: 4.708531
13.413055 21.002981 2 rej
l 9
10 window: 4
Checx 10 - 14
Checx 10 - 14
Checx 10 - 14
Checx 10 - 14
-6.000000 18.447910
-9.000000 24.355738
-12.000000 21.002981
-15.000000 27.995785
R: -0.788067
R square: 0.621049
Found possible funnel! 10 - 13
10 window: 5
Checx 10 - 15
Checx 10 - 15
Checx 10 - 15
Checx 10 - 15
Checx 10 - 15
-6.000000 18.447910
-9.000000 24.355738
-12.000000 21.002981
-15.000000 27.995785
-18.000000 26.411188
R: -0.791734
R square: 0.626843
Found possible funnel! 10 - 14
10 window: 6
Checx 10 - 16
Checx 10 - 16
Checx 10 - 16
Checx 10 - 16
Checx 10 - 16
Checx 10 - 16
-6.000000 18.447910
-9.000000 24.355738
-12.000000 21.002981
-15.000000 27.995785
-18.000000 26.411188
-21.000000 24.466463
R: -0.658444
R square: 0.433549
Final: 10 5 18.447910 26.411188
10 26.986040+= SQR(18.447910 - 23.642719) 
11 27.494436+= SQR(24.355738 - 23.642719) 
12 34.462654+= SQR(21.002981 - 23.642719) 
13 53.411835+= SQR(27.995785 - 23.642719) 
14 61.076256+= SQR(26.411188 - 23.642719) 
Stddev: 3.495032
21.002981 28.116222 2 rej
l 12
13 window: 4
Checx 13 - 17
Checx 13 - 17
Checx 13 - 17
Checx 13 - 17
-15.000000 27.995785
-18.000000 26.411188
-21.000000 24.466463
-24.000000 28.116222
R: 0.119709
R square: 0.014330
0.014330 !
14 window: 4
Checx 14 - 18
Checx 14 - 18
Checx 14 - 18
Checx 14 - 18
-18.000000 26.411188
-21.000000 24.466463
-24.000000 28.116222
-27.000000 33.144608
R: -0.827987
R square: 0.685562
Found possible funnel! 14 - 17
14 window: 5
Checx 14 - 19
Checx 14 - 19
Checx 14 - 19
Checx 14 - 19
Checx 14 - 19
-18.000000 26.411188
-21.000000 24.466463
-24.000000 28.116222
-27.000000 33.144608
27.000000 20.282681
R: -0.808805
R square: 0.654166
Final: 14 4 26.411188 33.144608
14 2.635532+= SQR(26.411188 - 28.034620) 
15 15.367277+= SQR(24.466463 - 28.034620) 
16 15.373936+= SQR(28.116222 - 28.034620) 
17 41.485905+= SQR(33.144608 - 28.034620) 
Stddev: 3.220478
24.466463 20.282681 2 rej
l 15
4 funnels found! 
0 not changed because: SC D FS U
1 not changed because: SC D FS U
2 not changed because: SC D FS U
3 not changed because: SC D FS U
4 not changed because: SC D FS U
5 not changed because: SC D FS U
6 not changed because: SC D FS U
7 not changed because: SC D FS U
8 not changed because: SC D FS U
9 not changed because: SC D FS U
13 not changed because: SC U FS D
14 not changed because: SC U FS D
15 not changed because: SC U FS D
16 not changed because: SC U FS D
17 not changed because: SC U FS D
HERE IS THE BUG!
K: 19
Program ended successfully
